subclasse_codigo,secao,secao_denominacao,divisao,divisao_denominacao,grupo,grupo_denominacao,classe,classe_denominacao,subclasse,subclasse_denominacao
0111301,A,Cultivo de arroz,01,"AGRICULTURA, PECUÁRIA E SERVIÇOS RELACIONADOS",01.1,Produção de lavouras temporárias,01.11-3,Cultivo de cereais,0111-3/01,Cultivo de arroz
0111302,A,Cultivo de milho,01,"AGRICULTURA, PECUÁRIA E SERVIÇOS RELACIONADOS",01.1,Produção de lavouras temporárias,01.11-3,Cultivo de cereais,0111-3/02,Cultivo de milho
0111303,A,Cultivo de trigo,01,"AGRICULTURA, PECUÁRIA E SERVIÇOS RELACIONADOS",01.1,Produção de lavouras temporárias,01.11-3,Cultivo de cereais,0111-3/03,Cultivo de trigo
0111399,A,Cultivo de outros cereais não especificados anteriormente,01,"AGRICULTURA, PECUÁRIA E SERVIÇOS RELACIONADOS",01.1,Produção de lavouras temporárias,01.11-3,Cultivo de cereais,0111-3/99,Cultivo de outros cereais não especificados anteriormente
0112101,A,Cultivo de algodão herbáceo,01,"AGRICULTURA, PECUÁRIA E SERVIÇOS RELACIONADOS",01.1,Produção de lavouras temporárias,01.12-1,Cultivo de algodão herbáceo e de outras fibras de lavoura temporária,0112-1/01,Cultivo de algodão herbáceo
0112102,A,Cultivo de juta,01,"AGRICULTURA, PECUÁRIA E SERVIÇOS RELACIONADOS",01.1,Produção de lavouras temporárias,01.12-1,Cultivo de algodão herbáceo e de outras fibras de lavoura temporária,0112-1/02,Cultivo de juta
0112199,A,Cultivo de outras fibras de lavoura temporária não especificadas anteriormente,01,"AGRICULTURA, PECUÁRIA E SERVIÇOS RELACIONADOS",01.1,Produção de lavouras temporárias,01.12-1,Cultivo de algodão herbáceo e de outras fibras de lavoura temporária,0112-1/99,Cultivo de outras fibras de lavoura temporária não especificadas anteriormente
0113000,A,Cultivo de cana-de-açúcar,01,"AGRICULTURA, PECUÁRIA E SERVIÇOS RELACIONADOS",01.1,Produção de lavouras temporárias,01.13-0,Cultivo de cana-de-açúcar,0113-0/00,Cultivo de cana-de-açúcar
0114800,A,Cultivo de fumo,01,"AGRICULTURA, PECUÁRIA E SERVIÇOS RELACIONADOS",01.1,Produção de lavouras temporárias,01.14-8,Cultivo de fumo,0114-8/00,Cultivo de fumo
0115600,A,Cultivo de soja,01,"AGRICULTURA, PECUÁRIA E SERVIÇOS RELACIONADOS",01.1,Produção de lavouras temporárias,01.15-6,Cultivo de soja,0115-6/00,Cultivo de soja
0116401,A,Cultivo de amendoim,01,"AGRICULTURA, PECUÁRIA E SERVIÇOS RELACIONADOS",01.1,Produção de lavouras temporárias,01.16-4,"Cultivo de oleaginosas de lavoura temporária, exceto soja",0116-4/01,Cultivo de amendoim
0116402,A,Cultivo de girassol,01,"AGRICULTURA, PECUÁRIA E SERVIÇOS RELACIONADOS",01.1,Produção de lavouras temporárias,01.16-4,"Cultivo de oleaginosas de lavoura temporária, exceto soja",0116-4/02,Cultivo de girassol
0116403,A,Cultivo de mamona,01,"AGRICULTURA, PECUÁRIA E SERVIÇOS RELACIONADOS",01.1,Produção de lavouras temporárias,01.16-4,"Cultivo de oleaginosas de lavoura temporária, exceto soja",0116-4/03,Cultivo de mamona
0116499,A,Cultivo de outras oleaginosas de lavoura temporária não especificadas anteriormente,01,"AGRICULTURA, PECUÁRIA E SERVIÇOS RELACIONADOS",01.1,Produção de lavouras temporárias,01.16-4,"Cultivo de oleaginosas de lavoura temporária, exceto soja",0116-4/99,Cultivo de outras oleaginosas de lavoura temporária não especificadas anteriormente
0119901,A,Cultivo de abacaxi,01,"AGRICULTURA, PECUÁRIA E SERVIÇOS RELACIONADOS",01.1,Produção de lavouras temporárias,01.19-9,Cultivo de plantas de lavoura temporária não especificadas anteriormente,0119-9/01,Cultivo de abacaxi
0119902,A,Cultivo de alho,01,"AGRICULTURA, PECUÁRIA E SERVIÇOS RELACIONADOS",01.1,Produção de lavouras temporárias,01.19-9,Cultivo de plantas de lavoura temporária não especificadas anteriormente,0119-9/02,Cultivo de alho
0119903,A,Cultivo de batata-inglesa,01,"AGRICULTURA, PECUÁRIA E SERVIÇOS RELACIONADOS",01.1,Produção de lavouras temporárias,01.19-9,Cultivo de plantas de lavoura temporária não especificadas anteriormente,0119-9/03,Cultivo de batata-inglesa
0119904,A,Cultivo de cebola,01,"AGRICULTURA, PECUÁRIA E SERVIÇOS RELACIONADOS",01.1,Produção de lavouras temporárias,01.19-9,Cultivo de plantas de lavoura temporária não especificadas anteriormente,0119-9/04,Cultivo de cebola
0119905,A,Cultivo de feijão,01,"AGRICULTURA, PECUÁRIA E SERVIÇOS RELACIONADOS",01.1,Produção de lavouras temporárias,01.19-9,Cultivo de plantas de lavoura temporária não especificadas anteriormente,0119-9/05,Cultivo de feijão
0119906,A,Cultivo de mandioca,01,"AGRICULTURA, PECUÁRIA E SERVIÇOS RELACIONADOS",01.1,Produção de lavouras temporárias,01.19-9,Cultivo de plantas de lavoura temporária não especificadas anteriormente,0119-9/06,Cultivo de mandioca
0119907,A,Cultivo de melão,01,"AGRICULTURA, PECUÁRIA E SERVIÇOS RELACIONADOS",01.1,Produção de lavouras temporárias,01.19-9,Cultivo de plantas de lavoura temporária não especificadas anteriormente,0119-9/07,Cultivo de melão
0119908,A,Cultivo de melancia,01,"AGRICULTURA, PECUÁRIA E SERVIÇOS RELACIONADOS",01.1,Produção de lavouras temporárias,01.19-9,Cultivo de plantas de lavoura temporária não especificadas anteriormente,0119-9/08,Cultivo de melancia
0119909,A,Cultivo de tomate rasteiro,01,"AGRICULTURA, PECUÁRIA E SERVIÇOS RELACIONADOS",01.1,Produção de lavouras temporárias,01.19-9,Cultivo de plantas de lavoura temporária não especificadas anteriormente,0119-9/09,Cultivo de tomate rasteiro
0119999,A,Cultivo de outras plantas de lavoura temporária não especificadas anteriormente,01,"AGRICULTURA, PECUÁRIA E SERVIÇOS RELACIONADOS",01.1,Produção de lavouras temporárias,01.19-9,Cultivo de plantas de lavoura temporária não especificadas anteriormente,0119-9/99,Cultivo de outras plantas de lavoura temporária não especificadas anteriormente
0121101,A,"Horticultura, exceto morango",01,"AGRICULTURA, PECUÁRIA E SERVIÇOS RELACIONADOS",01.2,Horticultura e floricultura,01.21-1,Horticultura,0121-1/01,"Horticultura, exceto morango"
0121102,A,Cultivo de morango,01,"AGRICULTURA, PECUÁRIA E SERVIÇOS RELACIONADOS",01.2,Horticultura e floricultura,01.21-1,Horticultura,0121-1/02,Cultivo de morango
0122900,A,Cultivo de flores e plantas ornamentais,01,"AGRICULTURA, PECUÁRIA E SERVIÇOS RELACIONADOS",01.2,Horticultura e floricultura,01.22-9,Cultivo de flores e plantas ornamentais,0122-9/00,Cultivo de flores e plantas ornamentais
0131800,A,Cultivo de laranja,01,"AGRICULTURA, PECUÁRIA E SERVIÇOS RELACIONADOS",01.3,Produção de lavouras permanentes,01.31-8,Cultivo de laranja,0131-8/00,Cultivo de laranja
0132600,A,Cultivo de uva,01,"AGRICULTURA, PECUÁRIA E SERVIÇOS RELACIONADOS",01.3,Produção de lavouras permanentes,01.32-6,Cultivo de uva,0132-6/00,Cultivo de uva
0133401,A,Cultivo de açaí,01,"AGRICULTURA, PECUÁRIA E SERVIÇOS RELACIONADOS",01.3,Produção de lavouras permanentes,01.33-4,"Cultivo de frutas de lavoura permanente, exceto laranja e uva",0133-4/01,Cultivo de açaí
0133402,A,Cultivo de banana,01,"AGRICULTURA, PECUÁRIA E SERVIÇOS RELACIONADOS",01.3,Produção de lavouras permanentes,01.33-4,"Cultivo de frutas de lavoura permanente, exceto laranja e uva",0133-4/02,Cultivo de banana
0133403,A,Cultivo de caju,01,"AGRICULTURA, PECUÁRIA E SERVIÇOS RELACIONADOS",01.3,Produção de lavouras permanentes,01.33-4,"Cultivo de frutas de lavoura permanente, exceto laranja e uva",0133-4/03,Cultivo de caju
,Seção,Denominação,Divisão,"AGRICULTURA, PECUÁRIA E SERVIÇOS RELACIONADOS",Grupo,Produção de lavouras permanentes,Classe,"Cultivo de frutas de lavoura permanente, exceto laranja e uva",Subclasse,
0133404,Seção,"Cultivo de cítricos, exceto laranja",Divisão,"AGRICULTURA, PECUÁRIA E SERVIÇOS RELACIONADOS",Grupo,Produção de lavouras permanentes,Classe,"Cultivo de frutas de lavoura permanente, exceto laranja e uva",0133-4/04,"Cultivo de cítricos, exceto laranja"
0133405,Seção,Cultivo de coco-da-baía,Divisão,"AGRICULTURA, PECUÁRIA E SERVIÇOS RELACIONADOS",Grupo,Produção de lavouras permanentes,Classe,"Cultivo de frutas de lavoura permanente, exceto laranja e uva",0133-4/05,Cultivo de coco-da-baía
0133406,Seção,Cultivo de guaraná,Divisão,"AGRICULTURA, PECUÁRIA E SERVIÇOS RELACIONADOS",Grupo,Produção de lavouras permanentes,Classe,"Cultivo de frutas de lavoura permanente, exceto laranja e uva",0133-4/06,Cultivo de guaraná
0133407,Seção,Cultivo de maçã,Divisão,"AGRICULTURA, PECUÁRIA E SERVIÇOS RELACIONADOS",Grupo,Produção de lavouras permanentes,Classe,"Cultivo de frutas de lavoura permanente, exceto laranja e uva",0133-4/07,Cultivo de maçã
0133408,Seção,Cultivo de mamão,Divisão,"AGRICULTURA, PECUÁRIA E SERVIÇOS RELACIONADOS",Grupo,Produção de lavouras permanentes,Classe,"Cultivo de frutas de lavoura permanente, exceto laranja e uva",0133-4/08,Cultivo de mamão
0133409,Seção,Cultivo de maracujá,Divisão,"AGRICULTURA, PECUÁRIA E SERVIÇOS RELACIONADOS",Grupo,Produção de lavouras permanentes,Classe,"Cultivo de frutas de lavoura permanente, exceto laranja e uva",0133-4/09,Cultivo de maracujá
0133410,Seção,Cultivo de manga,Divisão,"AGRICULTURA, PECUÁRIA E SERVIÇOS RELACIONADOS",Grupo,Produção de lavouras permanentes,Classe,"Cultivo de frutas de lavoura permanente, exceto laranja e uva",0133-4/10,Cultivo de manga
0133411,Seção,Cultivo de pêssego,Divisão,"AGRICULTURA, PECUÁRIA E SERVIÇOS RELACIONADOS",Grupo,Produção de lavouras permanentes,Classe,"Cultivo de frutas de lavoura permanente, exceto laranja e uva",0133-4/11,Cultivo de pêssego
0133499,Seção,Cultivo de frutas de lavoura permanente não especificadas anteriormente,Divisão,"AGRICULTURA, PECUÁRIA E SERVIÇOS RELACIONADOS",Grupo,Produção de lavouras permanentes,Classe,"Cultivo de frutas de lavoura permanente, exceto laranja e uva",0133-4/99,Cultivo de frutas de lavoura permanente não especificadas anteriormente
0134200,Seção,Cultivo de café,Divisão,"AGRICULTURA, PECUÁRIA E SERVIÇOS RELACIONADOS",Grupo,Produção de lavouras permanentes,01.34-2,Cultivo de café,0134-2/00,Cultivo de café
0135100,Seção,Cultivo de cacau,Divisão,"AGRICULTURA, PECUÁRIA E SERVIÇOS RELACIONADOS",Grupo,Produção de lavouras permanentes,01.35-1,Cultivo de cacau,0135-1/00,Cultivo de cacau
0139301,Seção,Cultivo de chá-da-índia,Divisão,"AGRICULTURA, PECUÁRIA E SERVIÇOS RELACIONADOS",Grupo,Produção de lavouras permanentes,01.39-3,Cultivo de plantas de lavoura permanente não especificadas anteriormente,0139-3/01,Cultivo de chá-da-índia
0139302,Seção,Cultivo de erva-mate,Divisão,"AGRICULTURA, PECUÁRIA E SERVIÇOS RELACIONADOS",Grupo,Produção de lavouras permanentes,01.39-3,Cultivo de plantas de lavoura permanente não especificadas anteriormente,0139-3/02,Cultivo de erva-mate
0139303,Seção,Cultivo de pimenta-do-reino,Divisão,"AGRICULTURA, PECUÁRIA E SERVIÇOS RELACIONADOS",Grupo,Produção de lavouras permanentes,01.39-3,Cultivo de plantas de lavoura permanente não especificadas anteriormente,0139-3/03,Cultivo de pimenta-do-reino
0139304,Seção,"Cultivo de plantas para condimento, exceto pimenta-do-reino",Divisão,"AGRICULTURA, PECUÁRIA E SERVIÇOS RELACIONADOS",Grupo,Produção de lavouras permanentes,01.39-3,Cultivo de plantas de lavoura permanente não especificadas anteriormente,0139-3/04,"Cultivo de plantas para condimento, exceto pimenta-do-reino"
0139305,Seção,Cultivo de dendê,Divisão,"AGRICULTURA, PECUÁRIA E SERVIÇOS RELACIONADOS",Grupo,Produção de lavouras permanentes,01.39-3,Cultivo de plantas de lavoura permanente não especificadas anteriormente,0139-3/05,Cultivo de dendê
0139306,Seção,Cultivo de seringueira,Divisão,"AGRICULTURA, PECUÁRIA E SERVIÇOS RELACIONADOS",Grupo,Produção de lavouras permanentes,01.39-3,Cultivo de plantas de lavoura permanente não especificadas anteriormente,0139-3/06,Cultivo de seringueira
0139399,Seção,Cultivo de outras plantas de lavoura permanente não especificadas anteriormente,Divisão,"AGRICULTURA, PECUÁRIA E SERVIÇOS RELACIONADOS",Grupo,Produção de lavouras permanentes,01.39-3,Cultivo de plantas de lavoura permanente não especificadas anteriormente,0139-3/99,Cultivo de outras plantas de lavoura permanente não especificadas anteriormente
0141501,Seção,"Produção de sementes certificadas, exceto de forrageiras para pasto",Divisão,"AGRICULTURA, PECUÁRIA E SERVIÇOS RELACIONADOS",01.4,Produção de sementes e mudas certificadas,01.41-5,Produção de sementes certificadas,0141-5/01,"Produção de sementes certificadas, exceto de forrageiras para pasto"
0141502,Seção,Produção de sementes certificadas de forrageiras para formação de pasto,Divisão,"AGRICULTURA, PECUÁRIA E SERVIÇOS RELACIONADOS",01.4,Produção de sementes e mudas certificadas,01.41-5,Produção de sementes certificadas,0141-5/02,Produção de sementes certificadas de forrageiras para formação de pasto
0142300,Seção,"Produção de mudas e outras formas de propagação vegetal, certificadas",Divisão,"AGRICULTURA, PECUÁRIA E SERVIÇOS RELACIONADOS",01.4,Produção de sementes e mudas certificadas,01.42-3,"Produção de mudas e outras formas de propagação vegetal, certificadas",0142-3/00,"Produção de mudas e outras formas de propagação vegetal, certificadas"
0151201,Seção,Criação de bovinos para corte,Divisão,"AGRICULTURA, PECUÁRIA E SERVIÇOS RELACIONADOS",01.5,Pecuária,01.51-2,Criação de bovinos,0151-2/01,Criação de bovinos para corte
0151202,Seção,Criação de bovinos para leite,Divisão,"AGRICULTURA, PECUÁRIA E SERVIÇOS RELACIONADOS",01.5,Pecuária,01.51-2,Criação de bovinos,0151-2/02,Criação de bovinos para leite
0151203,Seção,"Criação de bovinos, exceto para corte e leite",Divisão,"AGRICULTURA, PECUÁRIA E SERVIÇOS RELACIONADOS",01.5,Pecuária,01.51-2,Criação de bovinos,0151-2/03,"Criação de bovinos, exceto para corte e leite"
0152101,Seção,Criação de bufalinos,Divisão,"AGRICULTURA, PECUÁRIA E SERVIÇOS RELACIONADOS",01.5,Pecuária,01.52-1,Criação de outros animais de grande porte,0152-1/01,Criação de bufalinos
0152102,Seção,Criação de eqüinos,Divisão,"AGRICULTURA, PECUÁRIA E SERVIÇOS RELACIONADOS",01.5,Pecuária,01.52-1,Criação de outros animais de grande porte,0152-1/02,Criação de eqüinos
0152103,Seção,Criação de asininos e muares,Divisão,"AGRICULTURA, PECUÁRIA E SERVIÇOS RELACIONADOS",01.5,Pecuária,01.52-1,Criação de outros animais de grande porte,0152-1/03,Criação de asininos e muares
0153901,Seção,Criação de caprinos,Divisão,"AGRICULTURA, PECUÁRIA E SERVIÇOS RELACIONADOS",01.5,Pecuária,01.53-9,Criação de caprinos e ovinos,0153-9/01,Criação de caprinos
0153902,Seção,"Criação de ovinos, inclusive para produção de lã",Divisão,"AGRICULTURA, PECUÁRIA E SERVIÇOS RELACIONADOS",01.5,Pecuária,01.53-9,Criação de caprinos e ovinos,0153-9/02,"Criação de ovinos, inclusive para produção de lã"
0154700,Seção,Criação de suínos,Divisão,"AGRICULTURA, PECUÁRIA E SERVIÇOS RELACIONADOS",01.5,Pecuária,01.54-7,Criação de suínos,0154-7/00,Criação de suínos
0155501,Seção,Criação de frangos para corte,Divisão,"AGRICULTURA, PECUÁRIA E SERVIÇOS RELACIONADOS",01.5,Pecuária,01.55-5,Criação de aves,0155-5/01,Criação de frangos para corte
0155502,Seção,Produção de pintos de um dia,Divisão,"AGRICULTURA, PECUÁRIA E SERVIÇOS RELACIONADOS",01.5,Pecuária,01.55-5,Criação de aves,0155-5/02,Produção de pintos de um dia
0155503,Seção,"Criação de outros galináceos, exceto para corte",Divisão,"AGRICULTURA, PECUÁRIA E SERVIÇOS RELACIONADOS",01.5,Pecuária,01.55-5,Criação de aves,0155-5/03,"Criação de outros galináceos, exceto para corte"
0155504,Seção,"Criação de aves, exceto galináceos",Divisão,"AGRICULTURA, PECUÁRIA E SERVIÇOS RELACIONADOS",01.5,Pecuária,01.55-5,Criação de aves,0155-5/04,"Criação de aves, exceto galináceos"
0155505,Seção,Produção de ovos,Divisão,"AGRICULTURA, PECUÁRIA E SERVIÇOS RELACIONADOS",01.5,Pecuária,01.55-5,Criação de aves,0155-5/05,Produção de ovos
,Seção,Denominação,Divisão,"AGRICULTURA, PECUÁRIA E SERVIÇOS RELACIONADOS",Grupo,Pecuária,Classe,Criação de animais não especificados anteriormente,Subclasse,
0159801,Seção,Apicultura,Divisão,"AGRICULTURA, PECUÁRIA E SERVIÇOS RELACIONADOS",Grupo,Pecuária,Classe,Criação de animais não especificados anteriormente,0159-8/01,Apicultura
0159802,Seção,Criação de animais de estimação,Divisão,"AGRICULTURA, PECUÁRIA E SERVIÇOS RELACIONADOS",Grupo,Pecuária,Classe,Criação de animais não especificados anteriormente,0159-8/02,Criação de animais de estimação
0159803,Seção,Criação de escargô,Divisão,"AGRICULTURA, PECUÁRIA E SERVIÇOS RELACIONADOS",Grupo,Pecuária,Classe,Criação de animais não especificados anteriormente,0159-8/03,Criação de escargô
0159804,Seção,Criação de bicho-da-seda,Divisão,"AGRICULTURA, PECUÁRIA E SERVIÇOS RELACIONADOS",Grupo,Pecuária,Classe,Criação de animais não especificados anteriormente,0159-8/04,Criação de bicho-da-seda
0159899,Seção,Criação de outros animais não especificados anteriormente,Divisão,"AGRICULTURA, PECUÁRIA E SERVIÇOS RELACIONADOS",Grupo,Pecuária,Classe,Criação de animais não especificados anteriormente,0159-8/99,Criação de outros animais não especificados anteriormente
0161001,Seção,Serviço de pulverização e controle de pragas agrícolas,Divisão,"AGRICULTURA, PECUÁRIA E SERVIÇOS RELACIONADOS",01.6,Atividades de apoio à agricultura e à pecuária; atividades de pós-colheita,01.61-0,Atividades de apoio à agricultura,0161-0/01,Serviço de pulverização e controle de pragas agrícolas
0161002,Seção,Serviço de poda de árvores para lavouras,Divisão,"AGRICULTURA, PECUÁRIA E SERVIÇOS RELACIONADOS",01.6,Atividades de apoio à agricultura e à pecuária; atividades de pós-colheita,01.61-0,Atividades de apoio à agricultura,0161-0/02,Serviço de poda de árvores para lavouras
0161003,Seção,"Serviço de preparação de terreno, cultivo e colheita",Divisão,"AGRICULTURA, PECUÁRIA E SERVIÇOS RELACIONADOS",01.6,Atividades de apoio à agricultura e à pecuária; atividades de pós-colheita,01.61-0,Atividades de apoio à agricultura,0161-0/03,"Serviço de preparação de terreno, cultivo e colheita"
0161099,Seção,Atividades de apoio à agricultura não especificadas anteriormente,Divisão,"AGRICULTURA, PECUÁRIA E SERVIÇOS RELACIONADOS",01.6,Atividades de apoio à agricultura e à pecuária; atividades de pós-colheita,01.61-0,Atividades de apoio à agricultura,0161-0/99,Atividades de apoio à agricultura não especificadas anteriormente
0162801,Seção,Serviço de inseminação artificial em animais,Divisão,"AGRICULTURA, PECUÁRIA E SERVIÇOS RELACIONADOS",01.6,Atividades de apoio à agricultura e à pecuária; atividades de pós-colheita,01.62-8,Atividades de apoio à pecuária,0162-8/01,Serviço de inseminação artificial em animais
0162802,Seção,Serviço de tosquiamento de ovinos,Divisão,"AGRICULTURA, PECUÁRIA E SERVIÇOS RELACIONADOS",01.6,Atividades de apoio à agricultura e à pecuária; atividades de pós-colheita,01.62-8,Atividades de apoio à pecuária,0162-8/02,Serviço de tosquiamento de ovinos
0162803,Seção,Serviço de manejo de animais,Divisão,"AGRICULTURA, PECUÁRIA E SERVIÇOS RELACIONADOS",01.6,Atividades de apoio à agricultura e à pecuária; atividades de pós-colheita,01.62-8,Atividades de apoio à pecuária,0162-8/03,Serviço de manejo de animais
0162899,Seção,Atividades de apoio à pecuária não especificadas anteriormente,Divisão,"AGRICULTURA, PECUÁRIA E SERVIÇOS RELACIONADOS",01.6,Atividades de apoio à agricultura e à pecuária; atividades de pós-colheita,01.62-8,Atividades de apoio à pecuária,0162-8/99,Atividades de apoio à pecuária não especificadas anteriormente
0163600,Seção,Atividades de pós-colheita,Divisão,"AGRICULTURA, PECUÁRIA E SERVIÇOS RELACIONADOS",01.6,Atividades de apoio à agricultura e à pecuária; atividades de pós-colheita,01.63-6,Atividades de pós-colheita,0163-6/00,Atividades de pós-colheita
0170900,Seção,Caça e serviços relacionados,Divisão,"AGRICULTURA, PECUÁRIA E SERVIÇOS RELACIONADOS",01.7,Caça e serviços relacionados,01.70-9,Caça e serviços relacionados,0170-9/00,Caça e serviços relacionados
0210101,Seção,Cultivo de eucalipto,02,PRODUÇÃO FLORESTAL,02.1,Produção florestal - florestas plantadas,02.10-1,Produção florestal - florestas plantadas,0210-1/01,Cultivo de eucalipto
0210102,Seção,Cultivo de acácia-negra,02,PRODUÇÃO FLORESTAL,02.1,Produção florestal - florestas plantadas,02.10-1,Produção florestal - florestas plantadas,0210-1/02,Cultivo de acácia-negra
0210103,Seção,Cultivo de pinus,02,PRODUÇÃO FLORESTAL,02.1,Produção florestal - florestas plantadas,02.10-1,Produção florestal - florestas plantadas,0210-1/03,Cultivo de pinus
0210104,Seção,Cultivo de teca,02,PRODUÇÃO FLORESTAL,02.1,Produção florestal - florestas plantadas,02.10-1,Produção florestal - florestas plantadas,0210-1/04,Cultivo de teca
0210105,Seção,"Cultivo de espécies madeireiras, exceto eucalipto, acácia-negra, pinus e teca",02,PRODUÇÃO FLORESTAL,02.1,Produção florestal - florestas plantadas,02.10-1,Produção florestal - florestas plantadas,0210-1/05,"Cultivo de espécies madeireiras, exceto eucalipto, acácia-negra, pinus e teca"
0210106,Seção,Cultivo de mudas em viveiros florestais,02,PRODUÇÃO FLORESTAL,02.1,Produção florestal - florestas plantadas,02.10-1,Produção florestal - florestas plantadas,0210-1/06,Cultivo de mudas em viveiros florestais
0210107,Seção,Extração de madeira em florestas plantadas,02,PRODUÇÃO FLORESTAL,02.1,Produção florestal - florestas plantadas,02.10-1,Produção florestal - florestas plantadas,0210-1/07,Extração de madeira em florestas plantadas
0210108,Seção,Produção de carvão vegetal - florestas plantadas,02,PRODUÇÃO FLORESTAL,02.1,Produção florestal - florestas plantadas,02.10-1,Produção florestal - florestas plantadas,0210-1/08,Produção de carvão vegetal - florestas plantadas
0210109,Seção,Produção de casca de acácia-negra - florestas plantadas,02,PRODUÇÃO FLORESTAL,02.1,Produção florestal - florestas plantadas,02.10-1,Produção florestal - florestas plantadas,0210-1/09,Produção de casca de acácia-negra - florestas plantadas
0210199,Seção,Produção de produtos não-madeireiros não especificados anteriormente em florestas plantadas,02,PRODUÇÃO FLORESTAL,02.1,Produção florestal - florestas plantadas,02.10-1,Produção florestal - florestas plantadas,0210-1/99,Produção de produtos não-madeireiros não especificados anteriormente em florestas plantadas
0220901,Seção,Extração de madeira em florestas nativas,02,PRODUÇÃO FLORESTAL,02.2,Produção florestal - florestas nativas,02.20-9,Produção florestal - florestas nativas,0220-9/01,Extração de madeira em florestas nativas
0220902,Seção,Produção de carvão vegetal - florestas nativas,02,PRODUÇÃO FLORESTAL,02.2,Produção florestal - florestas nativas,02.20-9,Produção florestal - florestas nativas,0220-9/02,Produção de carvão vegetal - florestas nativas
0220903,Seção,Coleta de castanha-do-pará em florestas nativas,02,PRODUÇÃO FLORESTAL,02.2,Produção florestal - florestas nativas,02.20-9,Produção florestal - florestas nativas,0220-9/03,Coleta de castanha-do-pará em florestas nativas
0220904,Seção,Coleta de látex em florestas nativas,02,PRODUÇÃO FLORESTAL,02.2,Produção florestal - florestas nativas,02.20-9,Produção florestal - florestas nativas,0220-9/04,Coleta de látex em florestas nativas
0220905,Seção,Coleta de palmito em florestas nativas,02,PRODUÇÃO FLORESTAL,02.2,Produção florestal - florestas nativas,02.20-9,Produção florestal - florestas nativas,0220-9/05,Coleta de palmito em florestas nativas
0220906,Seção,Conservação de florestas nativas,02,PRODUÇÃO FLORESTAL,02.2,Produção florestal - florestas nativas,02.20-9,Produção florestal - florestas nativas,0220-9/06,Conservação de florestas nativas
0220999,Seção,Coleta de produtos não-madeireiros não especificados anteriormente em florestas nativas,02,PRODUÇÃO FLORESTAL,02.2,Produção florestal - florestas nativas,02.20-9,Produção florestal - florestas nativas,0220-9/99,Coleta de produtos não-madeireiros não especificados anteriormente em florestas nativas
0230600,Seção,Atividades de apoio à produção florestal,02,PRODUÇÃO FLORESTAL,02.3,Atividades de apoio à produção florestal,02.30-6,Atividades de apoio à produção florestal,0230-6/00,Atividades de apoio à produção florestal
0311601,Seção,Pesca de peixes em água salgada,03,PESCA E AQÜICULTURA,03.1,Pesca,03.11-6,Pesca em água salgada,0311-6/01,Pesca de peixes em água salgada
,Seção,Denominação,Divisão,PESCA E AQÜICULTURA,Grupo,Pesca,Classe,Pesca em água salgada,Subclasse,
0311602,Seção,Pesca de crustáceos e moluscos em água salgada,Divisão,PESCA E AQÜICULTURA,Grupo,Pesca,Classe,Pesca em água salgada,0311-6/02,Pesca de crustáceos e moluscos em água salgada
0311603,Seção,Coleta de outros produtos marinhos,Divisão,PESCA E AQÜICULTURA,Grupo,Pesca,Classe,Pesca em água salgada,0311-6/03,Coleta de outros produtos marinhos
0311604,Seção,Atividades de apoio à pesca em água salgada,Divisão,PESCA E AQÜICULTURA,Grupo,Pesca,Classe,Pesca em água salgada,0311-6/04,Atividades de apoio à pesca em água salgada
0312401,Seção,Pesca de peixes em água doce,Divisão,PESCA E AQÜICULTURA,Grupo,Pesca,03.12-4,Pesca em água doce,0312-4/01,Pesca de peixes em água doce
0312402,Seção,Pesca de crustáceos e moluscos em água doce,Divisão,PESCA E AQÜICULTURA,Grupo,Pesca,03.12-4,Pesca em água doce,0312-4/02,Pesca de crustáceos e moluscos em água doce
0312403,Seção,Coleta de outros produtos aquáticos de água doce,Divisão,PESCA E AQÜICULTURA,Grupo,Pesca,03.12-4,Pesca em água doce,0312-4/03,Coleta de outros produtos aquáticos de água doce
0312404,Seção,Atividades de apoio à pesca em água doce,Divisão,PESCA E AQÜICULTURA,Grupo,Pesca,03.12-4,Pesca em água doce,0312-4/04,Atividades de apoio à pesca em água doce
0321301,Seção,Criação de peixes em água salgada e salobra,Divisão,PESCA E AQÜICULTURA,03.2,Aqüicultura,03.21-3,Aqüicultura em água salgada e salobra,0321-3/01,Criação de peixes em água salgada e salobra
0321302,Seção,Criação de camarões em água salgada e salobra,Divisão,PESCA E AQÜICULTURA,03.2,Aqüicultura,03.21-3,Aqüicultura em água salgada e salobra,0321-3/02,Criação de camarões em água salgada e salobra
0321303,Seção,Criação de ostras e mexilhões em água salgada e salobra,Divisão,PESCA E AQÜICULTURA,03.2,Aqüicultura,03.21-3,Aqüicultura em água salgada e salobra,0321-3/03,Criação de ostras e mexilhões em água salgada e salobra
0321304,Seção,Criação de peixes ornamentais em água salgada e salobra,Divisão,PESCA E AQÜICULTURA,03.2,Aqüicultura,03.21-3,Aqüicultura em água salgada e salobra,0321-3/04,Criação de peixes ornamentais em água salgada e salobra
0321305,Seção,Atividades de apoio à aqüicultura em água salgada e salobra,Divisão,PESCA E AQÜICULTURA,03.2,Aqüicultura,03.21-3,Aqüicultura em água salgada e salobra,0321-3/05,Atividades de apoio à aqüicultura em água salgada e salobra
0321399,Seção,Cultivos e semicultivos da aqüicultura em água salgada e salobra não especificados anteriormente,Divisão,PESCA E AQÜICULTURA,03.2,Aqüicultura,03.21-3,Aqüicultura em água salgada e salobra,0321-3/99,Cultivos e semicultivos da aqüicultura em água salgada e salobra não especificados anteriormente
0322101,Seção,Criação de peixes em água doce,Divisão,PESCA E AQÜICULTURA,03.2,Aqüicultura,03.22-1,Aqüicultura em água doce,0322-1/01,Criação de peixes em água doce
0322102,Seção,Criação de camarões em água doce,Divisão,PESCA E AQÜICULTURA,03.2,Aqüicultura,03.22-1,Aqüicultura em água doce,0322-1/02,Criação de camarões em água doce
0322103,Seção,Criação de ostras e mexilhões em água doce,Divisão,PESCA E AQÜICULTURA,03.2,Aqüicultura,03.22-1,Aqüicultura em água doce,0322-1/03,Criação de ostras e mexilhões em água doce
0322104,Seção,Criação de peixes ornamentais em água doce,Divisão,PESCA E AQÜICULTURA,03.2,Aqüicultura,03.22-1,Aqüicultura em água doce,0322-1/04,Criação de peixes ornamentais em água doce
0322105,Seção,Ranicultura,Divisão,PESCA E AQÜICULTURA,03.2,Aqüicultura,03.22-1,Aqüicultura em água doce,0322-1/05,Ranicultura
0322106,Seção,Criação de jacaré,Divisão,PESCA E AQÜICULTURA,03.2,Aqüicultura,03.22-1,Aqüicultura em água doce,0322-1/06,Criação de jacaré
0322107,Seção,Atividades de apoio à aqüicultura em água doce,Divisão,PESCA E AQÜICULTURA,03.2,Aqüicultura,03.22-1,Aqüicultura em água doce,0322-1/07,Atividades de apoio à aqüicultura em água doce
0322199,Seção,Cultivos e semicultivos da aqüicultura em água doce não especificados anteriormente,Divisão,PESCA E AQÜICULTURA,03.2,Aqüicultura,03.22-1,Aqüicultura em água doce,0322-1/99,Cultivos e semicultivos da aqüicultura em água doce não especificados anteriormente
0500301,B,Extração de carvão mineral,05,EXTRAÇÃO DE CARVÃO MINERAL,05.0,Extração de carvão mineral,05.00-3,Extração de carvão mineral,0500-3/01,Extração de carvão mineral
0500302,B,Beneficiamento de carvão mineral,05,EXTRAÇÃO DE CARVÃO MINERAL,05.0,Extração de carvão mineral,05.00-3,Extração de carvão mineral,0500-3/02,Beneficiamento de carvão mineral
0600001,B,Extração de petróleo e gás natural,06,EXTRAÇÃO DE PETRÓLEO E GÁS NATURAL,06.0,Extração de petróleo e gás natural,06.00-0,Extração de petróleo e gás natural,0600-0/01,Extração de petróleo e gás natural
0600002,B,Extração e beneficiamento de xisto,06,EXTRAÇÃO DE PETRÓLEO E GÁS NATURAL,06.0,Extração de petróleo e gás natural,06.00-0,Extração de petróleo e gás natural,0600-0/02,Extração e beneficiamento de xisto
0600003,B,Extração e beneficiamento de areias betuminosas,06,EXTRAÇÃO DE PETRÓLEO E GÁS NATURAL,06.0,Extração de petróleo e gás natural,06.00-0,Extração de petróleo e gás natural,0600-0/03,Extração e beneficiamento de areias betuminosas
0710301,B,Extração de minério de ferro,07,EXTRAÇÃO DE MINERAIS METÁLICOS,07.1,Extração de minério de ferro,07.10-3,Extração de minério de ferro,0710-3/01,Extração de minério de ferro
0710302,B,"Pelotização, sinterização e outros beneficiamentos de minério de ferro",07,EXTRAÇÃO DE MINERAIS METÁLICOS,07.1,Extração de minério de ferro,07.10-3,Extração de minério de ferro,0710-3/02,"Pelotização, sinterização e outros beneficiamentos de minério de ferro"
0721901,B,Extração de minério de alumínio,07,EXTRAÇÃO DE MINERAIS METÁLICOS,07.2,Extração de minerais metálicos não-ferrosos,07.21-9,Extração de minério de alumínio,0721-9/01,Extração de minério de alumínio
0721902,B,Beneficiamento de minério de alumínio,07,EXTRAÇÃO DE MINERAIS METÁLICOS,07.2,Extração de minerais metálicos não-ferrosos,07.21-9,Extração de minério de alumínio,0721-9/02,Beneficiamento de minério de alumínio
0722701,B,Extração de minério de estanho,07,EXTRAÇÃO DE MINERAIS METÁLICOS,07.2,Extração de minerais metálicos não-ferrosos,07.22-7,Extração de minério de estanho,0722-7/01,Extração de minério de estanho
0722702,B,Beneficiamento de minério de estanho,07,EXTRAÇÃO DE MINERAIS METÁLICOS,07.2,Extração de minerais metálicos não-ferrosos,07.22-7,Extração de minério de estanho,0722-7/02,Beneficiamento de minério de estanho
0723501,B,Extração de minério de manganês,07,EXTRAÇÃO DE MINERAIS METÁLICOS,07.2,Extração de minerais metálicos não-ferrosos,07.23-5,Extração de minério de manganês,0723-5/01,Extração de minério de manganês
,Seção,Denominação,Divisão,EXTRAÇÃO DE MINERAIS METÁLICOS,Grupo,Extração de minerais metálicos não-ferrosos,Classe,Extração de minério de manganês,Subclasse,
0723502,Seção,Beneficiamento de minério de manganês,Divisão,EXTRAÇÃO DE MINERAIS METÁLICOS,Grupo,Extração de minerais metálicos não-ferrosos,Classe,Extração de minério de manganês,0723-5/02,Beneficiamento de minério de manganês
0724301,Seção,Extração de minério de metais preciosos,Divisão,EXTRAÇÃO DE MINERAIS METÁLICOS,Grupo,Extração de minerais metálicos não-ferrosos,07.24-3,Extração de minério de metais preciosos,0724-3/01,Extração de minério de metais preciosos
0724302,Seção,Beneficiamento de minério de metais preciosos,Divisão,EXTRAÇÃO DE MINERAIS METÁLICOS,Grupo,Extração de minerais metálicos não-ferrosos,07.24-3,Extração de minério de metais preciosos,0724-3/02,Beneficiamento de minério de metais preciosos
0725100,Seção,Extração de minerais radioativos,Divisão,EXTRAÇÃO DE MINERAIS METÁLICOS,Grupo,Extração de minerais metálicos não-ferrosos,07.25-1,Extração de minerais radioativos,0725-1/00,Extração de minerais radioativos
0729401,Seção,Extração de minérios de nióbio e titânio,Divisão,EXTRAÇÃO DE MINERAIS METÁLICOS,Grupo,Extração de minerais metálicos não-ferrosos,07.29-4,Extração de minerais metálicos não-ferrosos não especificados anteriormente,0729-4/01,Extração de minérios de nióbio e titânio
0729402,Seção,Extração de minério de tungstênio,Divisão,EXTRAÇÃO DE MINERAIS METÁLICOS,Grupo,Extração de minerais metálicos não-ferrosos,07.29-4,Extração de minerais metálicos não-ferrosos não especificados anteriormente,0729-4/02,Extração de minério de tungstênio
0729403,Seção,Extração de minério de níquel,Divisão,EXTRAÇÃO DE MINERAIS METÁLICOS,Grupo,Extração de minerais metálicos não-ferrosos,07.29-4,Extração de minerais metálicos não-ferrosos não especificados anteriormente,0729-4/03,Extração de minério de níquel
0729404,Seção,"Extração de minérios de cobre, chumbo, zinco e outros minerais metálicos não-ferrosos não especificados anteriormente",Divisão,EXTRAÇÃO DE MINERAIS METÁLICOS,Grupo,Extração de minerais metálicos não-ferrosos,07.29-4,Extração de minerais metálicos não-ferrosos não especificados anteriormente,0729-4/04,"Extração de minérios de cobre, chumbo, zinco e outros minerais metálicos não-ferrosos não especificados anteriormente"
0729405,Seção,"Beneficiamento de minérios de cobre, chumbo, zinco e outros minerais metálicos não-ferrosos não especificados anteriormente",Divisão,EXTRAÇÃO DE MINERAIS METÁLICOS,Grupo,Extração de minerais metálicos não-ferrosos,07.29-4,Extração de minerais metálicos não-ferrosos não especificados anteriormente,0729-4/05,"Beneficiamento de minérios de cobre, chumbo, zinco e outros minerais metálicos não-ferrosos não especificados anteriormente"
0810001,Seção,Extração de ardósia e beneficiamento associado,08,EXTRAÇÃO DE MINERAIS NÃO-METÁLICOS,08.1,"Extração de pedra, areia e argila",08.10-0,"Extração de pedra, areia e argila",0810-0/01,Extração de ardósia e beneficiamento associado
0810002,Seção,Extração de granito e beneficiamento associado,08,EXTRAÇÃO DE MINERAIS NÃO-METÁLICOS,08.1,"Extração de pedra, areia e argila",08.10-0,"Extração de pedra, areia e argila",0810-0/02,Extração de granito e beneficiamento associado
0810003,Seção,Extração de mármore e beneficiamento associado,08,EXTRAÇÃO DE MINERAIS NÃO-METÁLICOS,08.1,"Extração de pedra, areia e argila",08.10-0,"Extração de pedra, areia e argila",0810-0/03,Extração de mármore e beneficiamento associado
0810004,Seção,Extração de calcário e dolomita e beneficiamento associado,08,EXTRAÇÃO DE MINERAIS NÃO-METÁLICOS,08.1,"Extração de pedra, areia e argila",08.10-0,"Extração de pedra, areia e argila",0810-0/04,Extração de calcário e dolomita e beneficiamento associado
0810005,Seção,Extração de gesso e caulim,08,EXTRAÇÃO DE MINERAIS NÃO-METÁLICOS,08.1,"Extração de pedra, areia e argila",08.10-0,"Extração de pedra, areia e argila",0810-0/05,Extração de gesso e caulim
0810006,Seção,"Extração de areia, cascalho ou pedregulho e beneficiamento associado",08,EXTRAÇÃO DE MINERAIS NÃO-METÁLICOS,08.1,"Extração de pedra, areia e argila",08.10-0,"Extração de pedra, areia e argila",0810-0/06,"Extração de areia, cascalho ou pedregulho e beneficiamento associado"
0810007,Seção,Extração de argila e beneficiamento associado,08,EXTRAÇÃO DE MINERAIS NÃO-METÁLICOS,08.1,"Extração de pedra, areia e argila",08.10-0,"Extração de pedra, areia e argila",0810-0/07,Extração de argila e beneficiamento associado
0810008,Seção,Extração de saibro e beneficiamento associado,08,EXTRAÇÃO DE MINERAIS NÃO-METÁLICOS,08.1,"Extração de pedra, areia e argila",08.10-0,"Extração de pedra, areia e argila",0810-0/08,Extração de saibro e beneficiamento associado
0810009,Seção,Extração de basalto e beneficiamento associado,08,EXTRAÇÃO DE MINERAIS NÃO-METÁLICOS,08.1,"Extração de pedra, areia e argila",08.10-0,"Extração de pedra, areia e argila",0810-0/09,Extração de basalto e beneficiamento associado
0810010,Seção,Beneficiamento de gesso e caulim associado à extração,08,EXTRAÇÃO DE MINERAIS NÃO-METÁLICOS,08.1,"Extração de pedra, areia e argila",08.10-0,"Extração de pedra, areia e argila",0810-0/10,Beneficiamento de gesso e caulim associado à extração
0810099,Seção,Extração e britamento de pedras e outros materiais para construção e beneficiamento associado,08,EXTRAÇÃO DE MINERAIS NÃO-METÁLICOS,08.1,"Extração de pedra, areia e argila",08.10-0,"Extração de pedra, areia e argila",0810-0/99,Extração e britamento de pedras e outros materiais para construção e beneficiamento associado
0891600,Seção,"Extração de minerais para fabricação de adubos, fertilizantes e outros produtos químicos",08,EXTRAÇÃO DE MINERAIS NÃO-METÁLICOS,08.9,Extração de outros minerais não-metálicos,08.91-6,"Extração de minerais para fabricação de adubos, fertilizantes e outros produtos químicos",0891-6/00,"Extração de minerais para fabricação de adubos, fertilizantes e outros produtos químicos"
0892401,Seção,Extração de sal marinho,08,EXTRAÇÃO DE MINERAIS NÃO-METÁLICOS,08.9,Extração de outros minerais não-metálicos,08.92-4,Extração e refino de sal marinho e sal-gema,0892-4/01,Extração de sal marinho
0892402,Seção,Extração de sal-gema,08,EXTRAÇÃO DE MINERAIS NÃO-METÁLICOS,08.9,Extração de outros minerais não-metálicos,08.92-4,Extração e refino de sal marinho e sal-gema,0892-4/02,Extração de sal-gema
0892403,Seção,Refino e outros tratamentos do sal,08,EXTRAÇÃO DE MINERAIS NÃO-METÁLICOS,08.9,Extração de outros minerais não-metálicos,08.92-4,Extração e refino de sal marinho e sal-gema,0892-4/03,Refino e outros tratamentos do sal
0893200,Seção,Extração de gemas (pedras preciosas e semipreciosas),08,EXTRAÇÃO DE MINERAIS NÃO-METÁLICOS,08.9,Extração de outros minerais não-metálicos,08.93-2,Extração de gemas (pedras preciosas e semipreciosas),0893-2/00,Extração de gemas (pedras preciosas e semipreciosas)
0899101,Seção,Extração de grafita,08,EXTRAÇÃO DE MINERAIS NÃO-METÁLICOS,08.9,Extração de outros minerais não-metálicos,08.99-1,Extração de minerais não-metálicos não especificados anteriormente,0899-1/01,Extração de grafita
0899102,Seção,Extração de quartzo,08,EXTRAÇÃO DE MINERAIS NÃO-METÁLICOS,08.9,Extração de outros minerais não-metálicos,08.99-1,Extração de minerais não-metálicos não especificados anteriormente,0899-1/02,Extração de quartzo
0899103,Seção,Extração de amianto,08,EXTRAÇÃO DE MINERAIS NÃO-METÁLICOS,08.9,Extração de outros minerais não-metálicos,08.99-1,Extração de minerais não-metálicos não especificados anteriormente,0899-1/03,Extração de amianto
0899199,Seção,Extração de outros minerais não-metálicos não especificados anteriormente,08,EXTRAÇÃO DE MINERAIS NÃO-METÁLICOS,08.9,Extração de outros minerais não-metálicos,08.99-1,Extração de minerais não-metálicos não especificados anteriormente,0899-1/99,Extração de outros minerais não-metálicos não especificados anteriormente
0910600,Seção,Atividades de apoio à extração de petróleo e gás natural,09,ATIVIDADES DE APOIO À EXTRAÇÃO DE MINERAIS,09.1,Atividades de apoio à extração de petróleo e gás natural,09.10-6,Atividades de apoio à extração de petróleo e gás natural,0910-6/00,Atividades de apoio à extração de petróleo e gás natural
,Seção,Denominação,Divisão,ATIVIDADES DE APOIO À EXTRAÇÃO DE MINERAIS,Grupo,Atividades de apoio à extração de petróleo e gás natural,Classe,Atividades de apoio à extração de petróleo e gás natural,Subclasse,
0990401,Seção,Atividades de apoio à extração de minério de ferro,Divisão,ATIVIDADES DE APOIO À EXTRAÇÃO DE MINERAIS,09.9,"Atividades de apoio à extração de minerais, exceto petróleo e gás natural",09.90-4,"Atividades de apoio à extração de minerais, exceto petróleo e gás natural",0990-4/01,Atividades de apoio à extração de minério de ferro
0990402,Seção,Atividades de apoio à extração de minerais metálicos não-ferrosos,Divisão,ATIVIDADES DE APOIO À EXTRAÇÃO DE MINERAIS,09.9,"Atividades de apoio à extração de minerais, exceto petróleo e gás natural",09.90-4,"Atividades de apoio à extração de minerais, exceto petróleo e gás natural",0990-4/02,Atividades de apoio à extração de minerais metálicos não-ferrosos
0990403,Seção,Atividades de apoio à extração de minerais não-metálicos,Divisão,ATIVIDADES DE APOIO À EXTRAÇÃO DE MINERAIS,09.9,"Atividades de apoio à extração de minerais, exceto petróleo e gás natural",09.90-4,"Atividades de apoio à extração de minerais, exceto petróleo e gás natural",0990-4/03,Atividades de apoio à extração de minerais não-metálicos
1011201,C,Frigorífico - abate de bovinos,10,FABRICAÇÃO DE PRODUTOS ALIMENTÍCIOS,10.1,Abate e fabricação de produtos de carne,10.11-2,"Abate de reses, exceto suínos",1011-2/01,Frigorífico - abate de bovinos
1011202,C,Frigorífico - abate de eqüinos,10,FABRICAÇÃO DE PRODUTOS ALIMENTÍCIOS,10.1,Abate e fabricação de produtos de carne,10.11-2,"Abate de reses, exceto suínos",1011-2/02,Frigorífico - abate de eqüinos
1011203,C,Frigorífico - abate de ovinos e caprinos,10,FABRICAÇÃO DE PRODUTOS ALIMENTÍCIOS,10.1,Abate e fabricação de produtos de carne,10.11-2,"Abate de reses, exceto suínos",1011-2/03,Frigorífico - abate de ovinos e caprinos
1011204,C,Frigorífico - abate de bufalinos,10,FABRICAÇÃO DE PRODUTOS ALIMENTÍCIOS,10.1,Abate e fabricação de produtos de carne,10.11-2,"Abate de reses, exceto suínos",1011-2/04,Frigorífico - abate de bufalinos
1011205,C,"Matadouro - abate de reses sob contrato, exceto abate de suínos",10,FABRICAÇÃO DE PRODUTOS ALIMENTÍCIOS,10.1,Abate e fabricação de produtos de carne,10.11-2,"Abate de reses, exceto suínos",1011-2/05,"Matadouro - abate de reses sob contrato, exceto abate de suínos"
1012101,C,Abate de aves,10,FABRICAÇÃO DE PRODUTOS ALIMENTÍCIOS,10.1,Abate e fabricação de produtos de carne,10.12-1,"Abate de suínos, aves e outros pequenos animais",1012-1/01,Abate de aves
1012102,C,Abate de pequenos animais,10,FABRICAÇÃO DE PRODUTOS ALIMENTÍCIOS,10.1,Abate e fabricação de produtos de carne,10.12-1,"Abate de suínos, aves e outros pequenos animais",1012-1/02,Abate de pequenos animais
1012103,C,Frigorífico - abate de suínos,10,FABRICAÇÃO DE PRODUTOS ALIMENTÍCIOS,10.1,Abate e fabricação de produtos de carne,10.12-1,"Abate de suínos, aves e outros pequenos animais",1012-1/03,Frigorífico - abate de suínos
1012104,C,Matadouro - abate de suínos sob contrato,10,FABRICAÇÃO DE PRODUTOS ALIMENTÍCIOS,10.1,Abate e fabricação de produtos de carne,10.12-1,"Abate de suínos, aves e outros pequenos animais",1012-1/04,Matadouro - abate de suínos sob contrato
1013901,C,Fabricação de produtos de carne,10,FABRICAÇÃO DE PRODUTOS ALIMENTÍCIOS,10.1,Abate e fabricação de produtos de carne,10.13-9,Fabricação de produtos de carne,1013-9/01,Fabricação de produtos de carne
1013902,C,Preparação de subprodutos do abate,10,FABRICAÇÃO DE PRODUTOS ALIMENTÍCIOS,10.1,Abate e fabricação de produtos de carne,10.13-9,Fabricação de produtos de carne,1013-9/02,Preparação de subprodutos do abate
1020101,C,"Preservação de peixes, crustáceos e moluscos",10,FABRICAÇÃO DE PRODUTOS ALIMENTÍCIOS,10.2,Preservação do pescado e fabricação de produtos do pescado,10.20-1,Preservação do pescado e fabricação de produtos do pescado,1020-1/01,"Preservação de peixes, crustáceos e moluscos"
1020102,C,"Fabricação de conservas de peixes, crustáceos e moluscos",10,FABRICAÇÃO DE PRODUTOS ALIMENTÍCIOS,10.2,Preservação do pescado e fabricação de produtos do pescado,10.20-1,Preservação do pescado e fabricação de produtos do pescado,1020-1/02,"Fabricação de conservas de peixes, crustáceos e moluscos"
1031700,C,Fabricação de conservas de frutas,10,FABRICAÇÃO DE PRODUTOS ALIMENTÍCIOS,10.3,"Fabricação de conservas de frutas, legumes e outros vegetais",10.31-7,Fabricação de conservas de frutas,1031-7/00,Fabricação de conservas de frutas
1032501,C,Fabricação de conservas de palmito,10,FABRICAÇÃO DE PRODUTOS ALIMENTÍCIOS,10.3,"Fabricação de conservas de frutas, legumes e outros vegetais",10.32-5,Fabricação de conservas de legumes e outros vegetais,1032-5/01,Fabricação de conservas de palmito
1032599,C,"Fabricação de conservas de legumes e outros vegetais, exceto palmito",10,FABRICAÇÃO DE PRODUTOS ALIMENTÍCIOS,10.3,"Fabricação de conservas de frutas, legumes e outros vegetais",10.32-5,Fabricação de conservas de legumes e outros vegetais,1032-5/99,"Fabricação de conservas de legumes e outros vegetais, exceto palmito"
1033301,C,"Fabricação de sucos concentrados de frutas, hortaliças e legumes",10,FABRICAÇÃO DE PRODUTOS ALIMENTÍCIOS,10.3,"Fabricação de conservas de frutas, legumes e outros vegetais",10.33-3,"Fabricação de sucos de frutas, hortaliças e legumes",1033-3/01,"Fabricação de sucos concentrados de frutas, hortaliças e legumes"
1033302,C,"Fabricação de sucos de frutas, hortaliças e legumes, exceto concentrados",10,FABRICAÇÃO DE PRODUTOS ALIMENTÍCIOS,10.3,"Fabricação de conservas de frutas, legumes e outros vegetais",10.33-3,"Fabricação de sucos de frutas, hortaliças e legumes",1033-3/02,"Fabricação de sucos de frutas, hortaliças e legumes, exceto concentrados"
1041400,C,"Fabricação de óleos vegetais em bruto, exceto óleo de milho",10,FABRICAÇÃO DE PRODUTOS ALIMENTÍCIOS,10.4,Fabricação de óleos e gorduras vegetais e animais,10.41-4,"Fabricação de óleos vegetais em bruto, exceto óleo de milho",1041-4/00,"Fabricação de óleos vegetais em bruto, exceto óleo de milho"
1042200,C,"Fabricação de óleos vegetais refinados, exceto óleo de milho",10,FABRICAÇÃO DE PRODUTOS ALIMENTÍCIOS,10.4,Fabricação de óleos e gorduras vegetais e animais,10.42-2,"Fabricação de óleos vegetais refinados, exceto óleo de milho",1042-2/00,"Fabricação de óleos vegetais refinados, exceto óleo de milho"
1043100,C,Fabricação de margarina e outras gorduras vegetais e de óleos não-comestíveis de animais,10,FABRICAÇÃO DE PRODUTOS ALIMENTÍCIOS,10.4,Fabricação de óleos e gorduras vegetais e animais,10.43-1,Fabricação de margarina e outras gorduras vegetais e de óleos não-comestíveis de animais,1043-1/00,Fabricação de margarina e outras gorduras vegetais e de óleos não-comestíveis de animais
,Seção,Denominação,Divisão,FABRICAÇÃO DE PRODUTOS ALIMENTÍCIOS,Grupo,Laticínios,Classe,Fabricação de margarina e outras gorduras vegetais e de óleos não-comestíveis de animais,Subclasse,
1051100,Seção,Preparação do leite,Divisão,FABRICAÇÃO DE PRODUTOS ALIMENTÍCIOS,Grupo,Laticínios,10.51-1,Preparação do leite,1051-1/00,Preparação do leite
1052000,Seção,Fabricação de laticínios,Divisão,FABRICAÇÃO DE PRODUTOS ALIMENTÍCIOS,Grupo,Laticínios,10.52-0,Fabricação de laticínios,1052-0/00,Fabricação de laticínios
1053800,Seção,Fabricação de sorvetes e outros gelados comestíveis,Divisão,FABRICAÇÃO DE PRODUTOS ALIMENTÍCIOS,Grupo,Laticínios,10.53-8,Fabricação de sorvetes e outros gelados comestíveis,1053-8/00,Fabricação de sorvetes e outros gelados comestíveis
1061901,Seção,Beneficiamento de arroz,Divisão,FABRICAÇÃO DE PRODUTOS ALIMENTÍCIOS,10.6,"Moagem, fabricação de produtos amiláceos e de alimentos para animais",10.61-9,Beneficiamento de arroz e fabricação de produtos do arroz,1061-9/01,Beneficiamento de arroz
1061902,Seção,Fabricação de produtos do arroz,Divisão,FABRICAÇÃO DE PRODUTOS ALIMENTÍCIOS,10.6,"Moagem, fabricação de produtos amiláceos e de alimentos para animais",10.61-9,Beneficiamento de arroz e fabricação de produtos do arroz,1061-9/02,Fabricação de produtos do arroz
1062700,Seção,Moagem de trigo e fabricação de derivados,Divisão,FABRICAÇÃO DE PRODUTOS ALIMENTÍCIOS,10.6,"Moagem, fabricação de produtos amiláceos e de alimentos para animais",10.62-7,Moagem de trigo e fabricação de derivados,1062-7/00,Moagem de trigo e fabricação de derivados
1063500,Seção,Fabricação de farinha de mandioca e derivados,Divisão,FABRICAÇÃO DE PRODUTOS ALIMENTÍCIOS,10.6,"Moagem, fabricação de produtos amiláceos e de alimentos para animais",10.63-5,Fabricação de farinha de mandioca e derivados,1063-5/00,Fabricação de farinha de mandioca e derivados
1064300,Seção,"Fabricação de farinha de milho e derivados, exceto óleos de milho",Divisão,FABRICAÇÃO DE PRODUTOS ALIMENTÍCIOS,10.6,"Moagem, fabricação de produtos amiláceos e de alimentos para animais",10.64-3,"Fabricação de farinha de milho e derivados, exceto óleos de milho",1064-3/00,"Fabricação de farinha de milho e derivados, exceto óleos de milho"
1065101,Seção,Fabricação de amidos e féculas de vegetais,Divisão,FABRICAÇÃO DE PRODUTOS ALIMENTÍCIOS,10.6,"Moagem, fabricação de produtos amiláceos e de alimentos para animais",10.65-1,Fabricação de amidos e féculas de vegetais e de óleos de milho,1065-1/01,Fabricação de amidos e féculas de vegetais
1065102,Seção,Fabricação de óleo de milho em bruto,Divisão,FABRICAÇÃO DE PRODUTOS ALIMENTÍCIOS,10.6,"Moagem, fabricação de produtos amiláceos e de alimentos para animais",10.65-1,Fabricação de amidos e féculas de vegetais e de óleos de milho,1065-1/02,Fabricação de óleo de milho em bruto
1065103,Seção,Fabricação de óleo de milho refinado,Divisão,FABRICAÇÃO DE PRODUTOS ALIMENTÍCIOS,10.6,"Moagem, fabricação de produtos amiláceos e de alimentos para animais",10.65-1,Fabricação de amidos e féculas de vegetais e de óleos de milho,1065-1/03,Fabricação de óleo de milho refinado
1066000,Seção,Fabricação de alimentos para animais,Divisão,FABRICAÇÃO DE PRODUTOS ALIMENTÍCIOS,10.6,"Moagem, fabricação de produtos amiláceos e de alimentos para animais",10.66-0,Fabricação de alimentos para animais,1066-0/00,Fabricação de alimentos para animais
1069400,Seção,Moagem e fabricação de produtos de origem vegetal não especificados anteriormente,Divisão,FABRICAÇÃO DE PRODUTOS ALIMENTÍCIOS,10.6,"Moagem, fabricação de produtos amiláceos e de alimentos para animais",10.69-4,Moagem e fabricação de produtos de origem vegetal não especificados anteriormente,1069-4/00,Moagem e fabricação de produtos de origem vegetal não especificados anteriormente
1071600,Seção,Fabricação de açúcar em bruto,Divisão,FABRICAÇÃO DE PRODUTOS ALIMENTÍCIOS,10.7,Fabricação e refino de açúcar,10.71-6,Fabricação de açúcar em bruto,1071-6/00,Fabricação de açúcar em bruto
1072401,Seção,Fabricação de açúcar de cana refinado,Divisão,FABRICAÇÃO DE PRODUTOS ALIMENTÍCIOS,10.7,Fabricação e refino de açúcar,10.72-4,Fabricação de açúcar refinado,1072-4/01,Fabricação de açúcar de cana refinado
1072402,Seção,Fabricação de açúcar de cereais (dextrose) e de beterraba,Divisão,FABRICAÇÃO DE PRODUTOS ALIMENTÍCIOS,10.7,Fabricação e refino de açúcar,10.72-4,Fabricação de açúcar refinado,1072-4/02,Fabricação de açúcar de cereais (dextrose) e de beterraba
1081301,Seção,Beneficiamento de café,Divisão,FABRICAÇÃO DE PRODUTOS ALIMENTÍCIOS,10.8,Torrefação e moagem de café,10.81-3,Torrefação e moagem de café,1081-3/01,Beneficiamento de café
1081302,Seção,Torrefação e moagem de café,Divisão,FABRICAÇÃO DE PRODUTOS ALIMENTÍCIOS,10.8,Torrefação e moagem de café,10.81-3,Torrefação e moagem de café,1081-3/02,Torrefação e moagem de café
1082100,Seção,Fabricação de produtos à base de café,Divisão,FABRICAÇÃO DE PRODUTOS ALIMENTÍCIOS,10.8,Torrefação e moagem de café,10.82-1,Fabricação de produtos à base de café,1082-1/00,Fabricação de produtos à base de café
1091100,Seção,Fabricação de produtos de panificação,Divisão,FABRICAÇÃO DE PRODUTOS ALIMENTÍCIOS,10.9,Fabricação de outros produtos alimentícios,10.91-1,Fabricação de produtos de panificação,1091-1/00,Fabricação de produtos de panificação
1092900,Seção,Fabricação de biscoitos e bolachas,Divisão,FABRICAÇÃO DE PRODUTOS ALIMENTÍCIOS,10.9,Fabricação de outros produtos alimentícios,10.92-9,Fabricação de biscoitos e bolachas,1092-9/00,Fabricação de biscoitos e bolachas
1093701,Seção,Fabricação de produtos derivados do cacau e de chocolates,Divisão,FABRICAÇÃO DE PRODUTOS ALIMENTÍCIOS,10.9,Fabricação de outros produtos alimentícios,10.93-7,"Fabricação de produtos derivados do cacau, de chocolates e confeitos",1093-7/01,Fabricação de produtos derivados do cacau e de chocolates
1093702,Seção,"Fabricação de frutas cristalizadas, balas e semelhantes",Divisão,FABRICAÇÃO DE PRODUTOS ALIMENTÍCIOS,10.9,Fabricação de outros produtos alimentícios,10.93-7,"Fabricação de produtos derivados do cacau, de chocolates e confeitos",1093-7/02,"Fabricação de frutas cristalizadas, balas e semelhantes"
1094500,Seção,Fabricação de massas alimentícias,Divisão,FABRICAÇÃO DE PRODUTOS ALIMENTÍCIOS,10.9,Fabricação de outros produtos alimentícios,10.94-5,Fabricação de massas alimentícias,1094-5/00,Fabricação de massas alimentícias
1095300,Seção,"Fabricação de especiarias, molhos, temperos e condimentos",Divisão,FABRICAÇÃO DE PRODUTOS ALIMENTÍCIOS,10.9,Fabricação de outros produtos alimentícios,10.95-3,"Fabricação de especiarias, molhos, temperos e condimentos",1095-3/00,"Fabricação de especiarias, molhos, temperos e condimentos"
,Seção,Denominação,Divisão,FABRICAÇÃO DE PRODUTOS ALIMENTÍCIOS,Grupo,Fabricação de outros produtos alimentícios,Classe,"Fabricação de especiarias, molhos, temperos e condimentos",Subclasse,
1096100,Seção,Fabricação de alimentos e pratos prontos,Divisão,FABRICAÇÃO DE PRODUTOS ALIMENTÍCIOS,Grupo,Fabricação de outros produtos alimentícios,10.96-1,Fabricação de alimentos e pratos prontos,1096-1/00,Fabricação de alimentos e pratos prontos
1099601,Seção,Fabricação de vinagres,Divisão,FABRICAÇÃO DE PRODUTOS ALIMENTÍCIOS,Grupo,Fabricação de outros produtos alimentícios,10.99-6,Fabricação de produtos alimentícios não especificados anteriormente,1099-6/01,Fabricação de vinagres
1099602,Seção,Fabricação de pós alimentícios,Divisão,FABRICAÇÃO DE PRODUTOS ALIMENTÍCIOS,Grupo,Fabricação de outros produtos alimentícios,10.99-6,Fabricação de produtos alimentícios não especificados anteriormente,1099-6/02,Fabricação de pós alimentícios
1099603,Seção,Fabricação de fermentos e leveduras,Divisão,FABRICAÇÃO DE PRODUTOS ALIMENTÍCIOS,Grupo,Fabricação de outros produtos alimentícios,10.99-6,Fabricação de produtos alimentícios não especificados anteriormente,1099-6/03,Fabricação de fermentos e leveduras
1099604,Seção,Fabricação de gelo comum,Divisão,FABRICAÇÃO DE PRODUTOS ALIMENTÍCIOS,Grupo,Fabricação de outros produtos alimentícios,10.99-6,Fabricação de produtos alimentícios não especificados anteriormente,1099-6/04,Fabricação de gelo comum
1099605,Seção,"Fabricação de produtos para infusão (chá, mate, etc.)",Divisão,FABRICAÇÃO DE PRODUTOS ALIMENTÍCIOS,Grupo,Fabricação de outros produtos alimentícios,10.99-6,Fabricação de produtos alimentícios não especificados anteriormente,1099-6/05,"Fabricação de produtos para infusão (chá, mate, etc.)"
1099606,Seção,Fabricação de adoçantes naturais e artificiais,Divisão,FABRICAÇÃO DE PRODUTOS ALIMENTÍCIOS,Grupo,Fabricação de outros produtos alimentícios,10.99-6,Fabricação de produtos alimentícios não especificados anteriormente,1099-6/06,Fabricação de adoçantes naturais e artificiais
1099699,Seção,Fabricação de outros produtos alimentícios não especificados anteriormente,Divisão,FABRICAÇÃO DE PRODUTOS ALIMENTÍCIOS,Grupo,Fabricação de outros produtos alimentícios,10.99-6,Fabricação de produtos alimentícios não especificados anteriormente,1099-6/99,Fabricação de outros produtos alimentícios não especificados anteriormente
1111901,Seção,Fabricação de aguardente de cana-de-açúcar,11,FABRICAÇÃO DE BEBIDAS,11.1,Fabricação de bebidas alcoólicas,11.11-9,Fabricação de aguardentes e outras bebidas destiladas,1111-9/01,Fabricação de aguardente de cana-de-açúcar
1111902,Seção,Fabricação de outras aguardentes e bebidas destiladas,11,FABRICAÇÃO DE BEBIDAS,11.1,Fabricação de bebidas alcoólicas,11.11-9,Fabricação de aguardentes e outras bebidas destiladas,1111-9/02,Fabricação de outras aguardentes e bebidas destiladas
1112700,Seção,Fabricação de vinho,11,FABRICAÇÃO DE BEBIDAS,11.1,Fabricação de bebidas alcoólicas,11.12-7,Fabricação de vinho,1112-7/00,Fabricação de vinho
1113501,Seção,"Fabricação de malte, inclusive malte uísque",11,FABRICAÇÃO DE BEBIDAS,11.1,Fabricação de bebidas alcoólicas,11.13-5,"Fabricação de malte, cervejas e chopes",1113-5/01,"Fabricação de malte, inclusive malte uísque"
1113502,Seção,Fabricação de cervejas e chopes,11,FABRICAÇÃO DE BEBIDAS,11.1,Fabricação de bebidas alcoólicas,11.13-5,"Fabricação de malte, cervejas e chopes",1113-5/02,Fabricação de cervejas e chopes
1121600,Seção,Fabricação de águas envasadas,11,FABRICAÇÃO DE BEBIDAS,11.2,Fabricação de bebidas não-alcoólicas,11.21-6,Fabricação de águas envasadas,1121-6/00,Fabricação de águas envasadas
1122401,Seção,Fabricação de refrigerantes,11,FABRICAÇÃO DE BEBIDAS,11.2,Fabricação de bebidas não-alcoólicas,11.22-4,Fabricação de refrigerantes e de outras bebidas não-alcoólicas,1122-4/01,Fabricação de refrigerantes
1122402,Seção,Fabricação de chá mate e outros chás prontos para consumo,11,FABRICAÇÃO DE BEBIDAS,11.2,Fabricação de bebidas não-alcoólicas,11.22-4,Fabricação de refrigerantes e de outras bebidas não-alcoólicas,1122-4/02,Fabricação de chá mate e outros chás prontos para consumo
1122403,Seção,"Fabricação de refrescos, xaropes e pós para refrescos, exceto refrescos de frutas",11,FABRICAÇÃO DE BEBIDAS,11.2,Fabricação de bebidas não-alcoólicas,11.22-4,Fabricação de refrigerantes e de outras bebidas não-alcoólicas,1122-4/03,"Fabricação de refrescos, xaropes e pós para refrescos, exceto refrescos de frutas"
1122499,Seção,Fabricação de outras bebidas não-alcoólicas não especificadas anteriormente,11,FABRICAÇÃO DE BEBIDAS,11.2,Fabricação de bebidas não-alcoólicas,11.22-4,Fabricação de refrigerantes e de outras bebidas não-alcoólicas,1122-4/99,Fabricação de outras bebidas não-alcoólicas não especificadas anteriormente
1210700,Seção,Processamento industrial do fumo,12,FABRICAÇÃO DE PRODUTOS DO FUMO,12.1,Processamento industrial do fumo,12.10-7,Processamento industrial do fumo,1210-7/00,Processamento industrial do fumo
1220401,Seção,Fabricação de cigarros,12,FABRICAÇÃO DE PRODUTOS DO FUMO,12.2,Fabricação de produtos do fumo,12.20-4,Fabricação de produtos do fumo,1220-4/01,Fabricação de cigarros
1220402,Seção,Fabricação de cigarrilhas e charutos,12,FABRICAÇÃO DE PRODUTOS DO FUMO,12.2,Fabricação de produtos do fumo,12.20-4,Fabricação de produtos do fumo,1220-4/02,Fabricação de cigarrilhas e charutos
1220403,Seção,Fabricação de filtros para cigarros,12,FABRICAÇÃO DE PRODUTOS DO FUMO,12.2,Fabricação de produtos do fumo,12.20-4,Fabricação de produtos do fumo,1220-4/03,Fabricação de filtros para cigarros
1220499,Seção,"Fabricação de outros produtos do fumo, exceto cigarros, cigarrilhas e charutos",12,FABRICAÇÃO DE PRODUTOS DO FUMO,12.2,Fabricação de produtos do fumo,12.20-4,Fabricação de produtos do fumo,1220-4/99,"Fabricação de outros produtos do fumo, exceto cigarros, cigarrilhas e charutos"
1311100,Seção,Preparação e fiação de fibras de algodão,13,FABRICAÇÃO DE PRODUTOS TÊXTEIS,13.1,Preparação e fiação de fibras têxteis,13.11-1,Preparação e fiação de fibras de algodão,1311-1/00,Preparação e fiação de fibras de algodão
1312000,Seção,"Preparação e fiação de fibras têxteis naturais, exceto algodão",13,FABRICAÇÃO DE PRODUTOS TÊXTEIS,13.1,Preparação e fiação de fibras têxteis,13.12-0,"Preparação e fiação de fibras têxteis naturais, exceto algodão",1312-0/00,"Preparação e fiação de fibras têxteis naturais, exceto algodão"
1313800,Seção,Fiação de fibras artificiais e sintéticas,13,FABRICAÇÃO DE PRODUTOS TÊXTEIS,13.1,Preparação e fiação de fibras têxteis,13.13-8,Fiação de fibras artificiais e sintéticas,1313-8/00,Fiação de fibras artificiais e sintéticas
1314600,Seção,Fabricação de linhas para costurar e bordar,13,FABRICAÇÃO DE PRODUTOS TÊXTEIS,13.1,Preparação e fiação de fibras têxteis,13.14-6,Fabricação de linhas para costurar e bordar,1314-6/00,Fabricação de linhas para costurar e bordar
,Seção,Denominação,Divisão,FABRICAÇÃO DE PRODUTOS TÊXTEIS,Grupo,"Tecelagem, exceto malha",Classe,Fabricação de linhas para costurar e bordar,Subclasse,
1321900,Seção,Tecelagem de fios de algodão,Divisão,FABRICAÇÃO DE PRODUTOS TÊXTEIS,Grupo,"Tecelagem, exceto malha",13.21-9,Tecelagem de fios de algodão,1321-9/00,Tecelagem de fios de algodão
1322700,Seção,"Tecelagem de fios de fibras têxteis naturais, exceto algodão",Divisão,FABRICAÇÃO DE PRODUTOS TÊXTEIS,Grupo,"Tecelagem, exceto malha",13.22-7,"Tecelagem de fios de fibras têxteis naturais, exceto algodão",1322-7/00,"Tecelagem de fios de fibras têxteis naturais, exceto algodão"
1323500,Seção,Tecelagem de fios de fibras artificiais e sintéticas,Divisão,FABRICAÇÃO DE PRODUTOS TÊXTEIS,Grupo,"Tecelagem, exceto malha",13.23-5,Tecelagem de fios de fibras artificiais e sintéticas,1323-5/00,Tecelagem de fios de fibras artificiais e sintéticas
1330800,Seção,Fabricação de tecidos de malha,Divisão,FABRICAÇÃO DE PRODUTOS TÊXTEIS,13.3,Fabricação de tecidos de malha,13.30-8,Fabricação de tecidos de malha,1330-8/00,Fabricação de tecidos de malha
1340501,Seção,"Estamparia e texturização em fios, tecidos, artefatos têxteis e peças do vestuário",Divisão,FABRICAÇÃO DE PRODUTOS TÊXTEIS,13.4,"Acabamentos em fios, tecidos e artefatos têxteis",13.40-5,"Acabamentos em fios, tecidos e artefatos têxteis",1340-5/01,"Estamparia e texturização em fios, tecidos, artefatos têxteis e peças do vestuário"
1340502,Seção,"Alvejamento, tingimento e torção em fios, tecidos, artefatos têxteis e peças do vestuário",Divisão,FABRICAÇÃO DE PRODUTOS TÊXTEIS,13.4,"Acabamentos em fios, tecidos e artefatos têxteis",13.40-5,"Acabamentos em fios, tecidos e artefatos têxteis",1340-5/02,"Alvejamento, tingimento e torção em fios, tecidos, artefatos têxteis e peças do vestuário"
1340599,Seção,"Outros serviços de acabamento em fios, tecidos, artefatos têxteis e peças do vestuário",Divisão,FABRICAÇÃO DE PRODUTOS TÊXTEIS,13.4,"Acabamentos em fios, tecidos e artefatos têxteis",13.40-5,"Acabamentos em fios, tecidos e artefatos têxteis",1340-5/99,"Outros serviços de acabamento em fios, tecidos, artefatos têxteis e peças do vestuário"
1351100,Seção,Fabricação de artefatos têxteis para uso doméstico,Divisão,FABRICAÇÃO DE PRODUTOS TÊXTEIS,13.5,"Fabricação de artefatos têxteis, exceto vestuário",13.51-1,Fabricação de artefatos têxteis para uso doméstico,1351-1/00,Fabricação de artefatos têxteis para uso doméstico
1352900,Seção,Fabricação de artefatos de tapeçaria,Divisão,FABRICAÇÃO DE PRODUTOS TÊXTEIS,13.5,"Fabricação de artefatos têxteis, exceto vestuário",13.52-9,Fabricação de artefatos de tapeçaria,1352-9/00,Fabricação de artefatos de tapeçaria
1353700,Seção,Fabricação de artefatos de cordoaria,Divisão,FABRICAÇÃO DE PRODUTOS TÊXTEIS,13.5,"Fabricação de artefatos têxteis, exceto vestuário",13.53-7,Fabricação de artefatos de cordoaria,1353-7/00,Fabricação de artefatos de cordoaria
1354500,Seção,"Fabricação de tecidos especiais, inclusive artefatos",Divisão,FABRICAÇÃO DE PRODUTOS TÊXTEIS,13.5,"Fabricação de artefatos têxteis, exceto vestuário",13.54-5,"Fabricação de tecidos especiais, inclusive artefatos",1354-5/00,"Fabricação de tecidos especiais, inclusive artefatos"
1359600,Seção,Fabricação de outros produtos têxteis não especificados anteriormente,Divisão,FABRICAÇÃO DE PRODUTOS TÊXTEIS,13.5,"Fabricação de artefatos têxteis, exceto vestuário",13.59-6,Fabricação de outros produtos têxteis não especificados anteriormente,1359-6/00,Fabricação de outros produtos têxteis não especificados anteriormente
1411801,Seção,Confecção de roupas íntimas,14,CONFECÇÃO DE ARTIGOS DO VESTUÁRIO E ACESSÓRIOS,14.1,Confecção de artigos do vestuário e acessórios,14.11-8,Confecção de roupas íntimas,1411-8/01,Confecção de roupas íntimas
1411802,Seção,Facção de roupas íntimas,14,CONFECÇÃO DE ARTIGOS DO VESTUÁRIO E ACESSÓRIOS,14.1,Confecção de artigos do vestuário e acessórios,14.11-8,Confecção de roupas íntimas,1411-8/02,Facção de roupas íntimas
1412601,Seção,"Confecção de peças do vestuário, exceto roupas íntimas e as confeccionadas sob medida",14,CONFECÇÃO DE ARTIGOS DO VESTUÁRIO E ACESSÓRIOS,14.1,Confecção de artigos do vestuário e acessórios,14.12-6,"Confecção de peças do vestuário, exceto roupas íntimas",1412-6/01,"Confecção de peças do vestuário, exceto roupas íntimas e as confeccionadas sob medida"
1412602,Seção,"Confecção, sob medida, de peças do vestuário, exceto roupas íntimas",14,CONFECÇÃO DE ARTIGOS DO VESTUÁRIO E ACESSÓRIOS,14.1,Confecção de artigos do vestuário e acessórios,14.12-6,"Confecção de peças do vestuário, exceto roupas íntimas",1412-6/02,"Confecção, sob medida, de peças do vestuário, exceto roupas íntimas"
1412603,Seção,"Facção de peças do vestuário, exceto roupas íntimas",14,CONFECÇÃO DE ARTIGOS DO VESTUÁRIO E ACESSÓRIOS,14.1,Confecção de artigos do vestuário e acessórios,14.12-6,"Confecção de peças do vestuário, exceto roupas íntimas",1412-6/03,"Facção de peças do vestuário, exceto roupas íntimas"
1413401,Seção,"Confecção de roupas profissionais, exceto sob medida",14,CONFECÇÃO DE ARTIGOS DO VESTUÁRIO E ACESSÓRIOS,14.1,Confecção de artigos do vestuário e acessórios,14.13-4,Confecção de roupas profissionais,1413-4/01,"Confecção de roupas profissionais, exceto sob medida"
1413402,Seção,"Confecção, sob medida, de roupas profissionais",14,CONFECÇÃO DE ARTIGOS DO VESTUÁRIO E ACESSÓRIOS,14.1,Confecção de artigos do vestuário e acessórios,14.13-4,Confecção de roupas profissionais,1413-4/02,"Confecção, sob medida, de roupas profissionais"
1413403,Seção,Facção de roupas profissionais,14,CONFECÇÃO DE ARTIGOS DO VESTUÁRIO E ACESSÓRIOS,14.1,Confecção de artigos do vestuário e acessórios,14.13-4,Confecção de roupas profissionais,1413-4/03,Facção de roupas profissionais
1414200,Seção,"Fabricação de acessórios do vestuário, exceto para segurança e proteção",14,CONFECÇÃO DE ARTIGOS DO VESTUÁRIO E ACESSÓRIOS,14.1,Confecção de artigos do vestuário e acessórios,14.14-2,"Fabricação de acessórios do vestuário, exceto para segurança e proteção",1414-2/00,"Fabricação de acessórios do vestuário, exceto para segurança e proteção"
1421500,Seção,Fabricação de meias,14,CONFECÇÃO DE ARTIGOS DO VESTUÁRIO E ACESSÓRIOS,14.2,Fabricação de artigos de malharia e tricotagem,14.21-5,Fabricação de meias,1421-5/00,Fabricação de meias
,Seção,Denominação,Divisão,CONFECÇÃO DE ARTIGOS DO VESTUÁRIO E ACESSÓRIOS,Grupo,Fabricação de artigos de malharia e tricotagem,Classe,"Fabricação de artigos do vestuário, produzidos em malharias e tricotagens, exceto meias",Subclasse,
1422300,Seção,"Fabricação de artigos do vestuário, produzidos em malharias e tricotagens, exceto meias",Divisão,CONFECÇÃO DE ARTIGOS DO VESTUÁRIO E ACESSÓRIOS,Grupo,Fabricação de artigos de malharia e tricotagem,Classe,"Fabricação de artigos do vestuário, produzidos em malharias e tricotagens, exceto meias",1422-3/00,"Fabricação de artigos do vestuário, produzidos em malharias e tricotagens, exceto meias"
1510600,Seção,Curtimento e outras preparações de couro,15,"PREPARAÇÃO DE COUROS E FABRICAÇÃO DE ARTEFATOS DE COURO, ARTIGOS PARA VIAGEM E CALÇADOS",15.1,Curtimento e outras preparações de couro,15.10-6,Curtimento e outras preparações de couro,1510-6/00,Curtimento e outras preparações de couro
1521100,Seção,"Fabricação de artigos para viagem, bolsas e semelhantes de qualquer material",15,"PREPARAÇÃO DE COUROS E FABRICAÇÃO DE ARTEFATOS DE COURO, ARTIGOS PARA VIAGEM E CALÇADOS",15.2,Fabricação de artigos para viagem e de artefatos diversos de couro,15.21-1,"Fabricação de artigos para viagem, bolsas e semelhantes de qualquer material",1521-1/00,"Fabricação de artigos para viagem, bolsas e semelhantes de qualquer material"
1529700,Seção,Fabricação de artefatos de couro não especificados anteriormente,15,"PREPARAÇÃO DE COUROS E FABRICAÇÃO DE ARTEFATOS DE COURO, ARTIGOS PARA VIAGEM E CALÇADOS",15.2,Fabricação de artigos para viagem e de artefatos diversos de couro,15.29-7,Fabricação de artefatos de couro não especificados anteriormente,1529-7/00,Fabricação de artefatos de couro não especificados anteriormente
1531901,Seção,Fabricação de calçados de couro,15,"PREPARAÇÃO DE COUROS E FABRICAÇÃO DE ARTEFATOS DE COURO, ARTIGOS PARA VIAGEM E CALÇADOS",15.3,Fabricação de calçados,15.31-9,Fabricação de calçados de couro,1531-9/01,Fabricação de calçados de couro
1531902,Seção,Acabamento de calçados de couro sob contrato,15,"PREPARAÇÃO DE COUROS E FABRICAÇÃO DE ARTEFATOS DE COURO, ARTIGOS PARA VIAGEM E CALÇADOS",15.3,Fabricação de calçados,15.31-9,Fabricação de calçados de couro,1531-9/02,Acabamento de calçados de couro sob contrato
1532700,Seção,Fabricação de tênis de qualquer material,15,"PREPARAÇÃO DE COUROS E FABRICAÇÃO DE ARTEFATOS DE COURO, ARTIGOS PARA VIAGEM E CALÇADOS",15.3,Fabricação de calçados,15.32-7,Fabricação de tênis de qualquer material,1532-7/00,Fabricação de tênis de qualquer material
1533500,Seção,Fabricação de calçados de material sintético,15,"PREPARAÇÃO DE COUROS E FABRICAÇÃO DE ARTEFATOS DE COURO, ARTIGOS PARA VIAGEM E CALÇADOS",15.3,Fabricação de calçados,15.33-5,Fabricação de calçados de material sintético,1533-5/00,Fabricação de calçados de material sintético
1539400,Seção,Fabricação de calçados de materiais não especificados anteriormente,15,"PREPARAÇÃO DE COUROS E FABRICAÇÃO DE ARTEFATOS DE COURO, ARTIGOS PARA VIAGEM E CALÇADOS",15.3,Fabricação de calçados,15.39-4,Fabricação de calçados de materiais não especificados anteriormente,1539-4/00,Fabricação de calçados de materiais não especificados anteriormente
1540800,Seção,"Fabricação de partes para calçados, de qualquer material",15,"PREPARAÇÃO DE COUROS E FABRICAÇÃO DE ARTEFATOS DE COURO, ARTIGOS PARA VIAGEM E CALÇADOS",15.4,"Fabricação de partes para calçados, de qualquer material",15.40-8,"Fabricação de partes para calçados, de qualquer material",1540-8/00,"Fabricação de partes para calçados, de qualquer material"
1610201,Seção,Serrarias com desdobramento de madeira,16,FABRICAÇÃO DE PRODUTOS DE MADEIRA,16.1,Desdobramento de madeira,16.10-2,Desdobramento de madeira,1610-2/01,Serrarias com desdobramento de madeira
1610202,Seção,Serrarias sem desdobramento de madeira,16,FABRICAÇÃO DE PRODUTOS DE MADEIRA,16.1,Desdobramento de madeira,16.10-2,Desdobramento de madeira,1610-2/02,Serrarias sem desdobramento de madeira
1621800,Seção,"Fabricação de madeira laminada e de chapas de madeira compensada, prensada e aglomerada",16,FABRICAÇÃO DE PRODUTOS DE MADEIRA,16.2,"Fabricação de produtos de madeira, cortiça e material trançado, exceto móveis",16.21-8,"Fabricação de madeira laminada e de chapas de madeira compensada, prensada e aglomerada",1621-8/00,"Fabricação de madeira laminada e de chapas de madeira compensada, prensada e aglomerada"
1622601,Seção,Fabricação de casas de madeira pré-fabricadas,16,FABRICAÇÃO DE PRODUTOS DE MADEIRA,16.2,"Fabricação de produtos de madeira, cortiça e material trançado, exceto móveis",16.22-6,Fabricação de estruturas de madeira e de artigos de carpintaria para construção,1622-6/01,Fabricação de casas de madeira pré-fabricadas
1622602,Seção,Fabricação de esquadrias de madeira e de peças de madeira para instalações industriais e comerciais,16,FABRICAÇÃO DE PRODUTOS DE MADEIRA,16.2,"Fabricação de produtos de madeira, cortiça e material trançado, exceto móveis",16.22-6,Fabricação de estruturas de madeira e de artigos de carpintaria para construção,1622-6/02,Fabricação de esquadrias de madeira e de peças de madeira para instalações industriais e comerciais
1622699,Seção,Fabricação de outros artigos de carpintaria para construção,16,FABRICAÇÃO DE PRODUTOS DE MADEIRA,16.2,"Fabricação de produtos de madeira, cortiça e material trançado, exceto móveis",16.22-6,Fabricação de estruturas de madeira e de artigos de carpintaria para construção,1622-6/99,Fabricação de outros artigos de carpintaria para construção
1623400,Seção,Fabricação de artefatos de tanoaria e de embalagens de madeira,16,FABRICAÇÃO DE PRODUTOS DE MADEIRA,16.2,"Fabricação de produtos de madeira, cortiça e material trançado, exceto móveis",16.23-4,Fabricação de artefatos de tanoaria e de embalagens de madeira,1623-4/00,Fabricação de artefatos de tanoaria e de embalagens de madeira
,Seção,Denominação,Divisão,FABRICAÇÃO DE PRODUTOS DE MADEIRA,Grupo,"Fabricação de produtos de madeira, cortiça e material trançado, exceto móveis",Classe,Fabricação de artefatos de tanoaria e de embalagens de madeira,Subclasse,
1629301,Seção,"Fabricação de artefatos diversos de madeira, exceto móveis",Divisão,FABRICAÇÃO DE PRODUTOS DE MADEIRA,Grupo,"Fabricação de produtos de madeira, cortiça e material trançado, exceto móveis",16.29-3,"Fabricação de artefatos de madeira, palha, cortiça, vime e material trançado não especificados anteriormente, exceto móveis",1629-3/01,"Fabricação de artefatos diversos de madeira, exceto móveis"
1629302,Seção,"Fabricação de artefatos diversos de cortiça, bambu, palha, vime e outros materiais trançados, exceto móveis",Divisão,FABRICAÇÃO DE PRODUTOS DE MADEIRA,Grupo,"Fabricação de produtos de madeira, cortiça e material trançado, exceto móveis",16.29-3,"Fabricação de artefatos de madeira, palha, cortiça, vime e material trançado não especificados anteriormente, exceto móveis",1629-3/02,"Fabricação de artefatos diversos de cortiça, bambu, palha, vime e outros materiais trançados, exceto móveis"
1710900,Seção,Fabricação de celulose e outras pastas para a fabricação de papel,17,"FABRICAÇÃO DE CELULOSE, PAPEL E PRODUTOS DE PAPEL",17.1,Fabricação de celulose e outras pastas para a fabricação de papel,17.10-9,Fabricação de celulose e outras pastas para a fabricação de papel,1710-9/00,Fabricação de celulose e outras pastas para a fabricação de papel
1721400,Seção,Fabricação de papel,17,"FABRICAÇÃO DE CELULOSE, PAPEL E PRODUTOS DE PAPEL",17.2,"Fabricação de papel, cartolina e papel-cartão",17.21-4,Fabricação de papel,1721-4/00,Fabricação de papel
1722200,Seção,Fabricação de cartolina e papel-cartão,17,"FABRICAÇÃO DE CELULOSE, PAPEL E PRODUTOS DE PAPEL",17.2,"Fabricação de papel, cartolina e papel-cartão",17.22-2,Fabricação de cartolina e papel-cartão,1722-2/00,Fabricação de cartolina e papel-cartão
1731100,Seção,Fabricação de embalagens de papel,17,"FABRICAÇÃO DE CELULOSE, PAPEL E PRODUTOS DE PAPEL",17.3,"Fabricação de embalagens de papel, cartolina, papel-cartão e papelão ondulado",17.31-1,Fabricação de embalagens de papel,1731-1/00,Fabricação de embalagens de papel
1732000,Seção,Fabricação de embalagens de cartolina e papel-cartão,17,"FABRICAÇÃO DE CELULOSE, PAPEL E PRODUTOS DE PAPEL",17.3,"Fabricação de embalagens de papel, cartolina, papel-cartão e papelão ondulado",17.32-0,Fabricação de embalagens de cartolina e papel-cartão,1732-0/00,Fabricação de embalagens de cartolina e papel-cartão
1733800,Seção,Fabricação de chapas e de embalagens de papelão ondulado,17,"FABRICAÇÃO DE CELULOSE, PAPEL E PRODUTOS DE PAPEL",17.3,"Fabricação de embalagens de papel, cartolina, papel-cartão e papelão ondulado",17.33-8,Fabricação de chapas e de embalagens de papelão ondulado,1733-8/00,Fabricação de chapas e de embalagens de papelão ondulado
1741901,Seção,Fabricação de formulários contínuos,17,"FABRICAÇÃO DE CELULOSE, PAPEL E PRODUTOS DE PAPEL",17.4,"Fabricação de produtos diversos de papel, cartolina, papel-cartão e papelão ondulado",17.41-9,"Fabricação de produtos de papel, cartolina, papel-cartão e papelão ondulado para uso comercial e de escritório",1741-9/01,Fabricação de formulários contínuos
1741902,Seção,"Fabricação de produtos de papel, cartolina, papel-cartão e papelão ondulado para uso comercial e de escritório",17,"FABRICAÇÃO DE CELULOSE, PAPEL E PRODUTOS DE PAPEL",17.4,"Fabricação de produtos diversos de papel, cartolina, papel-cartão e papelão ondulado",17.41-9,"Fabricação de produtos de papel, cartolina, papel-cartão e papelão ondulado para uso comercial e de escritório",1741-9/02,"Fabricação de produtos de papel, cartolina, papel-cartão e papelão ondulado para uso comercial e de escritório"
1742701,Seção,Fabricação de fraldas descartáveis,17,"FABRICAÇÃO DE CELULOSE, PAPEL E PRODUTOS DE PAPEL",17.4,"Fabricação de produtos diversos de papel, cartolina, papel-cartão e papelão ondulado",17.42-7,Fabricação de produtos de papel para usos doméstico e higiênico-sanitário,1742-7/01,Fabricação de fraldas descartáveis
1742702,Seção,Fabricação de absorventes higiênicos,17,"FABRICAÇÃO DE CELULOSE, PAPEL E PRODUTOS DE PAPEL",17.4,"Fabricação de produtos diversos de papel, cartolina, papel-cartão e papelão ondulado",17.42-7,Fabricação de produtos de papel para usos doméstico e higiênico-sanitário,1742-7/02,Fabricação de absorventes higiênicos
1742799,Seção,Fabricação de produtos de papel para uso doméstico e higiênico-sanitário não especificados anteriormente,17,"FABRICAÇÃO DE CELULOSE, PAPEL E PRODUTOS DE PAPEL",17.4,"Fabricação de produtos diversos de papel, cartolina, papel-cartão e papelão ondulado",17.42-7,Fabricação de produtos de papel para usos doméstico e higiênico-sanitário,1742-7/99,Fabricação de produtos de papel para uso doméstico e higiênico-sanitário não especificados anteriormente
1749400,Seção,"Fabricação de produtos de pastas celulósicas, papel, cartolina, papel-cartão e papelão ondulado não especificados anteriormente",17,"FABRICAÇÃO DE CELULOSE, PAPEL E PRODUTOS DE PAPEL",17.4,"Fabricação de produtos diversos de papel, cartolina, papel-cartão e papelão ondulado",17.49-4,"Fabricação de produtos de pastas celulósicas, papel, cartolina, papel-cartão e papelão ondulado não especificados anteriormente",1749-4/00,"Fabricação de produtos de pastas celulósicas, papel, cartolina, papel-cartão e papelão ondulado não especificados anteriormente"
1811301,Seção,Impressão de jornais,18,IMPRESSÃO E REPRODUÇÃO DE GRAVAÇÕES,18.1,Atividade de impressão,18.11-3,"Impressão de jornais, livros, revistas e outras publicações periódicas",1811-3/01,Impressão de jornais
1811302,Seção,"Impressão de livros, revistas e outras publicações periódicas",18,IMPRESSÃO E REPRODUÇÃO DE GRAVAÇÕES,18.1,Atividade de impressão,18.11-3,"Impressão de jornais, livros, revistas e outras publicações periódicas",1811-3/02,"Impressão de livros, revistas e outras publicações periódicas"
1812100,Seção,Impressão de material de segurança,18,IMPRESSÃO E REPRODUÇÃO DE GRAVAÇÕES,18.1,Atividade de impressão,18.12-1,Impressão de material de segurança,1812-1/00,Impressão de material de segurança
1813001,Seção,Impressão de material para uso publicitário,18,IMPRESSÃO E REPRODUÇÃO DE GRAVAÇÕES,18.1,Atividade de impressão,18.13-0,Impressão de materiais para outros usos,1813-0/01,Impressão de material para uso publicitário
,Seção,Denominação,Divisão,IMPRESSÃO E REPRODUÇÃO DE GRAVAÇÕES,Grupo,Atividade de impressão,Classe,Impressão de materiais para outros usos,Subclasse,
1813099,Seção,Impressão de material para outros usos,Divisão,IMPRESSÃO E REPRODUÇÃO DE GRAVAÇÕES,Grupo,Atividade de impressão,Classe,Impressão de materiais para outros usos,1813-0/99,Impressão de material para outros usos
1821100,Seção,Serviços de pré-impressão,Divisão,IMPRESSÃO E REPRODUÇÃO DE GRAVAÇÕES,18.2,Serviços de pré-impressão e acabamentos gráficos,18.21-1,Serviços de pré-impressão,1821-1/00,Serviços de pré-impressão
1822900,Seção,Serviços de acabamentos gráficos,Divisão,IMPRESSÃO E REPRODUÇÃO DE GRAVAÇÕES,18.2,Serviços de pré-impressão e acabamentos gráficos,18.22-9,Serviços de acabamentos gráficos,1822-9/00,Serviços de acabamentos gráficos
1830001,Seção,Reprodução de som em qualquer suporte,Divisão,IMPRESSÃO E REPRODUÇÃO DE GRAVAÇÕES,18.3,Reprodução de materiais gravados em qualquer suporte,18.30-0,Reprodução de materiais gravados em qualquer suporte,1830-0/01,Reprodução de som em qualquer suporte
1830002,Seção,Reprodução de vídeo em qualquer suporte,Divisão,IMPRESSÃO E REPRODUÇÃO DE GRAVAÇÕES,18.3,Reprodução de materiais gravados em qualquer suporte,18.30-0,Reprodução de materiais gravados em qualquer suporte,1830-0/02,Reprodução de vídeo em qualquer suporte
1830003,Seção,Reprodução de software em qualquer suporte,Divisão,IMPRESSÃO E REPRODUÇÃO DE GRAVAÇÕES,18.3,Reprodução de materiais gravados em qualquer suporte,18.30-0,Reprodução de materiais gravados em qualquer suporte,1830-0/03,Reprodução de software em qualquer suporte
1910100,Seção,Coquerias,19,"FABRICAÇÃO DE COQUE, DE PRODUTOS DERIVADOS DO PETRÓLEO E DE BIOCOMBUSTÍVEIS",19.1,Coquerias,19.10-1,Coquerias,1910-1/00,Coquerias
1921700,Seção,Fabricação de produtos do refino de petróleo,19,"FABRICAÇÃO DE COQUE, DE PRODUTOS DERIVADOS DO PETRÓLEO E DE BIOCOMBUSTÍVEIS",19.2,Fabricação de produtos derivados do petróleo,19.21-7,Fabricação de produtos do refino de petróleo,1921-7/00,Fabricação de produtos do refino de petróleo
1922501,Seção,Formulação de combustíveis,19,"FABRICAÇÃO DE COQUE, DE PRODUTOS DERIVADOS DO PETRÓLEO E DE BIOCOMBUSTÍVEIS",19.2,Fabricação de produtos derivados do petróleo,19.22-5,"Fabricação de produtos derivados do petróleo, exceto produtos do refino",1922-5/01,Formulação de combustíveis
1922502,Seção,Rerrefino de óleos lubrificantes,19,"FABRICAÇÃO DE COQUE, DE PRODUTOS DERIVADOS DO PETRÓLEO E DE BIOCOMBUSTÍVEIS",19.2,Fabricação de produtos derivados do petróleo,19.22-5,"Fabricação de produtos derivados do petróleo, exceto produtos do refino",1922-5/02,Rerrefino de óleos lubrificantes
1922599,Seção,"Fabricação de outros produtos derivados do petróleo, exceto produtos do refino",19,"FABRICAÇÃO DE COQUE, DE PRODUTOS DERIVADOS DO PETRÓLEO E DE BIOCOMBUSTÍVEIS",19.2,Fabricação de produtos derivados do petróleo,19.22-5,"Fabricação de produtos derivados do petróleo, exceto produtos do refino",1922-5/99,"Fabricação de outros produtos derivados do petróleo, exceto produtos do refino"
1931400,Seção,Fabricação de álcool,19,"FABRICAÇÃO DE COQUE, DE PRODUTOS DERIVADOS DO PETRÓLEO E DE BIOCOMBUSTÍVEIS",19.3,Fabricação de biocombustíveis,19.31-4,Fabricação de álcool,1931-4/00,Fabricação de álcool
1932200,Seção,"Fabricação de biocombustíveis, exceto álcool",19,"FABRICAÇÃO DE COQUE, DE PRODUTOS DERIVADOS DO PETRÓLEO E DE BIOCOMBUSTÍVEIS",19.3,Fabricação de biocombustíveis,19.32-2,"Fabricação de biocombustíveis, exceto álcool",1932-2/00,"Fabricação de biocombustíveis, exceto álcool"
2011800,Seção,Fabricação de cloro e álcalis,20,FABRICAÇÃO DE PRODUTOS QUÍMICOS,20.1,Fabricação de produtos químicos inorgânicos,20.11-8,Fabricação de cloro e álcalis,2011-8/00,Fabricação de cloro e álcalis
2012600,Seção,Fabricação de intermediários para fertilizantes,20,FABRICAÇÃO DE PRODUTOS QUÍMICOS,20.1,Fabricação de produtos químicos inorgânicos,20.12-6,Fabricação de intermediários para fertilizantes,2012-6/00,Fabricação de intermediários para fertilizantes
2013400,Seção,Fabricação de adubos e fertilizantes,20,FABRICAÇÃO DE PRODUTOS QUÍMICOS,20.1,Fabricação de produtos químicos inorgânicos,20.13-4,Fabricação de adubos e fertilizantes,2013-4/00,Fabricação de adubos e fertilizantes
2014200,Seção,Fabricação de gases industriais,20,FABRICAÇÃO DE PRODUTOS QUÍMICOS,20.1,Fabricação de produtos químicos inorgânicos,20.14-2,Fabricação de gases industriais,2014-2/00,Fabricação de gases industriais
2019301,Seção,Elaboração de combustíveis nucleares,20,FABRICAÇÃO DE PRODUTOS QUÍMICOS,20.1,Fabricação de produtos químicos inorgânicos,20.19-3,Fabricação de produtos químicos inorgânicos não especificados anteriormente,2019-3/01,Elaboração de combustíveis nucleares
2019399,Seção,Fabricação de outros produtos químicos inorgânicos não especificados anteriormente,20,FABRICAÇÃO DE PRODUTOS QUÍMICOS,20.1,Fabricação de produtos químicos inorgânicos,20.19-3,Fabricação de produtos químicos inorgânicos não especificados anteriormente,2019-3/99,Fabricação de outros produtos químicos inorgânicos não especificados anteriormente
2021500,Seção,Fabricação de produtos petroquímicos básicos,20,FABRICAÇÃO DE PRODUTOS QUÍMICOS,20.2,Fabricação de produtos químicos orgânicos,20.21-5,Fabricação de produtos petroquímicos básicos,2021-5/00,Fabricação de produtos petroquímicos básicos
2022300,Seção,"Fabricação de intermediários para plastificantes, resinas e fibras",20,FABRICAÇÃO DE PRODUTOS QUÍMICOS,20.2,Fabricação de produtos químicos orgânicos,20.22-3,"Fabricação de intermediários para plastificantes, resinas e fibras",2022-3/00,"Fabricação de intermediários para plastificantes, resinas e fibras"
,Seção,Denominação,Divisão,FABRICAÇÃO DE PRODUTOS QUÍMICOS,Grupo,Fabricação de produtos químicos orgânicos,Classe,Fabricação de produtos químicos orgânicos não especificados anteriormente,Subclasse,
2029100,Seção,Fabricação de produtos químicos orgânicos não especificados anteriormente,Divisão,FABRICAÇÃO DE PRODUTOS QUÍMICOS,Grupo,Fabricação de produtos químicos orgânicos,Classe,Fabricação de produtos químicos orgânicos não especificados anteriormente,2029-1/00,Fabricação de produtos químicos orgânicos não especificados anteriormente
2031200,Seção,Fabricação de resinas termoplásticas,Divisão,FABRICAÇÃO DE PRODUTOS QUÍMICOS,20.3,Fabricação de resinas e elastômeros,20.31-2,Fabricação de resinas termoplásticas,2031-2/00,Fabricação de resinas termoplásticas
2032100,Seção,Fabricação de resinas termofixas,Divisão,FABRICAÇÃO DE PRODUTOS QUÍMICOS,20.3,Fabricação de resinas e elastômeros,20.32-1,Fabricação de resinas termofixas,2032-1/00,Fabricação de resinas termofixas
2033900,Seção,Fabricação de elastômeros,Divisão,FABRICAÇÃO DE PRODUTOS QUÍMICOS,20.3,Fabricação de resinas e elastômeros,20.33-9,Fabricação de elastômeros,2033-9/00,Fabricação de elastômeros
2040100,Seção,Fabricação de fibras artificiais e sintéticas,Divisão,FABRICAÇÃO DE PRODUTOS QUÍMICOS,20.4,Fabricação de fibras artificiais e sintéticas,20.40-1,Fabricação de fibras artificiais e sintéticas,2040-1/00,Fabricação de fibras artificiais e sintéticas
2051700,Seção,Fabricação de defensivos agrícolas,Divisão,FABRICAÇÃO DE PRODUTOS QUÍMICOS,20.5,Fabricação de defensivos agrícolas e desinfestantes domissanitários,20.51-7,Fabricação de defensivos agrícolas,2051-7/00,Fabricação de defensivos agrícolas
2052500,Seção,Fabricação de desinfestantes domissanitários,Divisão,FABRICAÇÃO DE PRODUTOS QUÍMICOS,20.5,Fabricação de defensivos agrícolas e desinfestantes domissanitários,20.52-5,Fabricação de desinfestantes domissanitários,2052-5/00,Fabricação de desinfestantes domissanitários
2061400,Seção,Fabricação de sabões e detergentes sintéticos,Divisão,FABRICAÇÃO DE PRODUTOS QUÍMICOS,20.6,"Fabricação de sabões, detergentes, produtos de limpeza, cosméticos, produtos de perfumaria e de higiene pessoal",20.61-4,Fabricação de sabões e detergentes sintéticos,2061-4/00,Fabricação de sabões e detergentes sintéticos
2062200,Seção,Fabricação de produtos de limpeza e polimento,Divisão,FABRICAÇÃO DE PRODUTOS QUÍMICOS,20.6,"Fabricação de sabões, detergentes, produtos de limpeza, cosméticos, produtos de perfumaria e de higiene pessoal",20.62-2,Fabricação de produtos de limpeza e polimento,2062-2/00,Fabricação de produtos de limpeza e polimento
2063100,Seção,"Fabricação de cosméticos, produtos de perfumaria e de higiene pessoal",Divisão,FABRICAÇÃO DE PRODUTOS QUÍMICOS,20.6,"Fabricação de sabões, detergentes, produtos de limpeza, cosméticos, produtos de perfumaria e de higiene pessoal",20.63-1,"Fabricação de cosméticos, produtos de perfumaria e de higiene pessoal",2063-1/00,"Fabricação de cosméticos, produtos de perfumaria e de higiene pessoal"
2071100,Seção,"Fabricação de tintas, vernizes, esmaltes e lacas",Divisão,FABRICAÇÃO DE PRODUTOS QUÍMICOS,20.7,"Fabricação de tintas, vernizes, esmaltes, lacas e produtos afins",20.71-1,"Fabricação de tintas, vernizes, esmaltes e lacas",2071-1/00,"Fabricação de tintas, vernizes, esmaltes e lacas"
2072000,Seção,Fabricação de tintas de impressão,Divisão,FABRICAÇÃO DE PRODUTOS QUÍMICOS,20.7,"Fabricação de tintas, vernizes, esmaltes, lacas e produtos afins",20.72-0,Fabricação de tintas de impressão,2072-0/00,Fabricação de tintas de impressão
2073800,Seção,"Fabricação de impermeabilizantes, solventes e produtos afins",Divisão,FABRICAÇÃO DE PRODUTOS QUÍMICOS,20.7,"Fabricação de tintas, vernizes, esmaltes, lacas e produtos afins",20.73-8,"Fabricação de impermeabilizantes, solventes e produtos afins",2073-8/00,"Fabricação de impermeabilizantes, solventes e produtos afins"
2091600,Seção,Fabricação de adesivos e selantes,Divisão,FABRICAÇÃO DE PRODUTOS QUÍMICOS,20.9,Fabricação de produtos e preparados químicos diversos,20.91-6,Fabricação de adesivos e selantes,2091-6/00,Fabricação de adesivos e selantes
2092401,Seção,"Fabricação de pólvoras, explosivos e detonantes",Divisão,FABRICAÇÃO DE PRODUTOS QUÍMICOS,20.9,Fabricação de produtos e preparados químicos diversos,20.92-4,Fabricação de explosivos,2092-4/01,"Fabricação de pólvoras, explosivos e detonantes"
2092402,Seção,Fabricação de artigos pirotécnicos,Divisão,FABRICAÇÃO DE PRODUTOS QUÍMICOS,20.9,Fabricação de produtos e preparados químicos diversos,20.92-4,Fabricação de explosivos,2092-4/02,Fabricação de artigos pirotécnicos
2092403,Seção,Fabricação de fósforos de segurança,Divisão,FABRICAÇÃO DE PRODUTOS QUÍMICOS,20.9,Fabricação de produtos e preparados químicos diversos,20.92-4,Fabricação de explosivos,2092-4/03,Fabricação de fósforos de segurança
2093200,Seção,Fabricação de aditivos de uso industrial,Divisão,FABRICAÇÃO DE PRODUTOS QUÍMICOS,20.9,Fabricação de produtos e preparados químicos diversos,20.93-2,Fabricação de aditivos de uso industrial,2093-2/00,Fabricação de aditivos de uso industrial
2094100,Seção,Fabricação de catalisadores,Divisão,FABRICAÇÃO DE PRODUTOS QUÍMICOS,20.9,Fabricação de produtos e preparados químicos diversos,20.94-1,Fabricação de catalisadores,2094-1/00,Fabricação de catalisadores
2099101,Seção,"Fabricação de chapas, filmes, papéis e outros materiais e produtos químicos para fotografia",Divisão,FABRICAÇÃO DE PRODUTOS QUÍMICOS,20.9,Fabricação de produtos e preparados químicos diversos,20.99-1,Fabricação de produtos químicos não especificados anteriormente,2099-1/01,"Fabricação de chapas, filmes, papéis e outros materiais e produtos químicos para fotografia"
2099199,Seção,Fabricação de outros produtos químicos não especificados anteriormente,Divisão,FABRICAÇÃO DE PRODUTOS QUÍMICOS,20.9,Fabricação de produtos e preparados químicos diversos,20.99-1,Fabricação de produtos químicos não especificados anteriormente,2099-1/99,Fabricação de outros produtos químicos não especificados anteriormente
,Seção,Denominação,Divisão,FABRICAÇÃO DE PRODUTOS FARMOQUÍMICOS E FARMACÊUTICOS,Grupo,Fabricação de produtos e preparados químicos diversos,Classe,Fabricação de produtos químicos não especificados anteriormente,Subclasse,
2110600,Seção,Fabricação de produtos farmoquímicos,Divisão,FABRICAÇÃO DE PRODUTOS FARMOQUÍMICOS E FARMACÊUTICOS,21.1,Fabricação de produtos farmoquímicos,21.10-6,Fabricação de produtos farmoquímicos,2110-6/00,Fabricação de produtos farmoquímicos
2121101,Seção,Fabricação de medicamentos alopáticos para uso humano,Divisão,FABRICAÇÃO DE PRODUTOS FARMOQUÍMICOS E FARMACÊUTICOS,21.2,Fabricação de produtos farmacêuticos,21.21-1,Fabricação de medicamentos para uso humano,2121-1/01,Fabricação de medicamentos alopáticos para uso humano
2121102,Seção,Fabricação de medicamentos homeopáticos para uso humano,Divisão,FABRICAÇÃO DE PRODUTOS FARMOQUÍMICOS E FARMACÊUTICOS,21.2,Fabricação de produtos farmacêuticos,21.21-1,Fabricação de medicamentos para uso humano,2121-1/02,Fabricação de medicamentos homeopáticos para uso humano
2121103,Seção,Fabricação de medicamentos fitoterápicos para uso humano,Divisão,FABRICAÇÃO DE PRODUTOS FARMOQUÍMICOS E FARMACÊUTICOS,21.2,Fabricação de produtos farmacêuticos,21.21-1,Fabricação de medicamentos para uso humano,2121-1/03,Fabricação de medicamentos fitoterápicos para uso humano
2122000,Seção,Fabricação de medicamentos para uso veterinário,Divisão,FABRICAÇÃO DE PRODUTOS FARMOQUÍMICOS E FARMACÊUTICOS,21.2,Fabricação de produtos farmacêuticos,21.22-0,Fabricação de medicamentos para uso veterinário,2122-0/00,Fabricação de medicamentos para uso veterinário
2123800,Seção,Fabricação de preparações farmacêuticas,Divisão,FABRICAÇÃO DE PRODUTOS FARMOQUÍMICOS E FARMACÊUTICOS,21.2,Fabricação de produtos farmacêuticos,21.23-8,Fabricação de preparações farmacêuticas,2123-8/00,Fabricação de preparações farmacêuticas
2211100,Seção,Fabricação de pneumáticos e de câmaras-de-ar,22,FABRICAÇÃO DE PRODUTOS DE BORRACHA E DE MATERIAL PLÁSTICO,22.1,Fabricação de produtos de borracha,22.11-1,Fabricação de pneumáticos e de câmaras-de-ar,2211-1/00,Fabricação de pneumáticos e de câmaras-de-ar
2212900,Seção,Reforma de pneumáticos usados,22,FABRICAÇÃO DE PRODUTOS DE BORRACHA E DE MATERIAL PLÁSTICO,22.1,Fabricação de produtos de borracha,22.12-9,Reforma de pneumáticos usados,2212-9/00,Reforma de pneumáticos usados
2219600,Seção,Fabricação de artefatos de borracha não especificados anteriormente,22,FABRICAÇÃO DE PRODUTOS DE BORRACHA E DE MATERIAL PLÁSTICO,22.1,Fabricação de produtos de borracha,22.19-6,Fabricação de artefatos de borracha não especificados anteriormente,2219-6/00,Fabricação de artefatos de borracha não especificados anteriormente
2221800,Seção,Fabricação de laminados planos e tubulares de material plástico,22,FABRICAÇÃO DE PRODUTOS DE BORRACHA E DE MATERIAL PLÁSTICO,22.2,Fabricação de produtos de material plástico,22.21-8,Fabricação de laminados planos e tubulares de material plástico,2221-8/00,Fabricação de laminados planos e tubulares de material plástico
2222600,Seção,Fabricação de embalagens de material plástico,22,FABRICAÇÃO DE PRODUTOS DE BORRACHA E DE MATERIAL PLÁSTICO,22.2,Fabricação de produtos de material plástico,22.22-6,Fabricação de embalagens de material plástico,2222-6/00,Fabricação de embalagens de material plástico
2223400,Seção,Fabricação de tubos e acessórios de material plástico para uso na construção,22,FABRICAÇÃO DE PRODUTOS DE BORRACHA E DE MATERIAL PLÁSTICO,22.2,Fabricação de produtos de material plástico,22.23-4,Fabricação de tubos e acessórios de material plástico para uso na construção,2223-4/00,Fabricação de tubos e acessórios de material plástico para uso na construção
2229301,Seção,Fabricação de artefatos de material plástico para uso pessoal e doméstico,22,FABRICAÇÃO DE PRODUTOS DE BORRACHA E DE MATERIAL PLÁSTICO,22.2,Fabricação de produtos de material plástico,22.29-3,Fabricação de artefatos de material plástico não especificados anteriormente,2229-3/01,Fabricação de artefatos de material plástico para uso pessoal e doméstico
2229302,Seção,Fabricação de artefatos de material plástico para usos industriais,22,FABRICAÇÃO DE PRODUTOS DE BORRACHA E DE MATERIAL PLÁSTICO,22.2,Fabricação de produtos de material plástico,22.29-3,Fabricação de artefatos de material plástico não especificados anteriormente,2229-3/02,Fabricação de artefatos de material plástico para usos industriais
2229303,Seção,"Fabricação de artefatos de material plástico para uso na construção, exceto tubos e acessórios",22,FABRICAÇÃO DE PRODUTOS DE BORRACHA E DE MATERIAL PLÁSTICO,22.2,Fabricação de produtos de material plástico,22.29-3,Fabricação de artefatos de material plástico não especificados anteriormente,2229-3/03,"Fabricação de artefatos de material plástico para uso na construção, exceto tubos e acessórios"
2229399,Seção,Fabricação de artefatos de material plástico para outros usos não especificados anteriormente,22,FABRICAÇÃO DE PRODUTOS DE BORRACHA E DE MATERIAL PLÁSTICO,22.2,Fabricação de produtos de material plástico,22.29-3,Fabricação de artefatos de material plástico não especificados anteriormente,2229-3/99,Fabricação de artefatos de material plástico para outros usos não especificados anteriormente
2311700,Seção,Fabricação de vidro plano e de segurança,23,FABRICAÇÃO DE PRODUTOS DE MINERAIS NÃO-METÁLICOS,23.1,Fabricação de vidro e de produtos do vidro,23.11-7,Fabricação de vidro plano e de segurança,2311-7/00,Fabricação de vidro plano e de segurança
2312500,Seção,Fabricação de embalagens de vidro,23,FABRICAÇÃO DE PRODUTOS DE MINERAIS NÃO-METÁLICOS,23.1,Fabricação de vidro e de produtos do vidro,23.12-5,Fabricação de embalagens de vidro,2312-5/00,Fabricação de embalagens de vidro
2319200,Seção,Fabricação de artigos de vidro,23,FABRICAÇÃO DE PRODUTOS DE MINERAIS NÃO-METÁLICOS,23.1,Fabricação de vidro e de produtos do vidro,23.19-2,Fabricação de artigos de vidro,2319-2/00,Fabricação de artigos de vidro
2320600,Seção,Fabricação de cimento,23,FABRICAÇÃO DE PRODUTOS DE MINERAIS NÃO-METÁLICOS,23.2,Fabricação de cimento,23.20-6,Fabricação de cimento,2320-6/00,Fabricação de cimento
,Seção,Denominação,Divisão,FABRICAÇÃO DE PRODUTOS DE MINERAIS NÃO-METÁLICOS,Grupo,Fabricação de cimento,Classe,Fabricação de cimento,Subclasse,
2330301,Seção,"Fabricação de estruturas pré-moldadas de concreto armado, em série e sob encomenda",Divisão,FABRICAÇÃO DE PRODUTOS DE MINERAIS NÃO-METÁLICOS,23.3,"Fabricação de artefatos de concreto, cimento, fibrocimento, gesso e materiais semelhantes",23.30-3,"Fabricação de artefatos de concreto, cimento, fibrocimento, gesso e materiais semelhantes",2330-3/01,"Fabricação de estruturas pré-moldadas de concreto armado, em série e sob encomenda"
2330302,Seção,Fabricação de artefatos de cimento para uso na construção,Divisão,FABRICAÇÃO DE PRODUTOS DE MINERAIS NÃO-METÁLICOS,23.3,"Fabricação de artefatos de concreto, cimento, fibrocimento, gesso e materiais semelhantes",23.30-3,"Fabricação de artefatos de concreto, cimento, fibrocimento, gesso e materiais semelhantes",2330-3/02,Fabricação de artefatos de cimento para uso na construção
2330303,Seção,Fabricação de artefatos de fibrocimento para uso na construção,Divisão,FABRICAÇÃO DE PRODUTOS DE MINERAIS NÃO-METÁLICOS,23.3,"Fabricação de artefatos de concreto, cimento, fibrocimento, gesso e materiais semelhantes",23.30-3,"Fabricação de artefatos de concreto, cimento, fibrocimento, gesso e materiais semelhantes",2330-3/03,Fabricação de artefatos de fibrocimento para uso na construção
2330304,Seção,Fabricação de casas pré-moldadas de concreto,Divisão,FABRICAÇÃO DE PRODUTOS DE MINERAIS NÃO-METÁLICOS,23.3,"Fabricação de artefatos de concreto, cimento, fibrocimento, gesso e materiais semelhantes",23.30-3,"Fabricação de artefatos de concreto, cimento, fibrocimento, gesso e materiais semelhantes",2330-3/04,Fabricação de casas pré-moldadas de concreto
2330305,Seção,Preparação de massa de concreto e argamassa para construção,Divisão,FABRICAÇÃO DE PRODUTOS DE MINERAIS NÃO-METÁLICOS,23.3,"Fabricação de artefatos de concreto, cimento, fibrocimento, gesso e materiais semelhantes",23.30-3,"Fabricação de artefatos de concreto, cimento, fibrocimento, gesso e materiais semelhantes",2330-3/05,Preparação de massa de concreto e argamassa para construção
2330399,Seção,"Fabricação de outros artefatos e produtos de concreto, cimento, fibrocimento, gesso e materiais semelhantes",Divisão,FABRICAÇÃO DE PRODUTOS DE MINERAIS NÃO-METÁLICOS,23.3,"Fabricação de artefatos de concreto, cimento, fibrocimento, gesso e materiais semelhantes",23.30-3,"Fabricação de artefatos de concreto, cimento, fibrocimento, gesso e materiais semelhantes",2330-3/99,"Fabricação de outros artefatos e produtos de concreto, cimento, fibrocimento, gesso e materiais semelhantes"
2341900,Seção,Fabricação de produtos cerâmicos refratários,Divisão,FABRICAÇÃO DE PRODUTOS DE MINERAIS NÃO-METÁLICOS,23.4,Fabricação de produtos cerâmicos,23.41-9,Fabricação de produtos cerâmicos refratários,2341-9/00,Fabricação de produtos cerâmicos refratários
2342701,Seção,Fabricação de azulejos e pisos,Divisão,FABRICAÇÃO DE PRODUTOS DE MINERAIS NÃO-METÁLICOS,23.4,Fabricação de produtos cerâmicos,23.42-7,Fabricação de produtos cerâmicos não-refratários para uso estrutural na construção,2342-7/01,Fabricação de azulejos e pisos
2342702,Seção,"Fabricação de artefatos de cerâmica e barro cozido para uso na construção, exceto azulejos e pisos",Divisão,FABRICAÇÃO DE PRODUTOS DE MINERAIS NÃO-METÁLICOS,23.4,Fabricação de produtos cerâmicos,23.42-7,Fabricação de produtos cerâmicos não-refratários para uso estrutural na construção,2342-7/02,"Fabricação de artefatos de cerâmica e barro cozido para uso na construção, exceto azulejos e pisos"
2349401,Seção,Fabricação de material sanitário de cerâmica,Divisão,FABRICAÇÃO DE PRODUTOS DE MINERAIS NÃO-METÁLICOS,23.4,Fabricação de produtos cerâmicos,23.49-4,Fabricação de produtos cerâmicos não-refratários não especificados anteriormente,2349-4/01,Fabricação de material sanitário de cerâmica
2349499,Seção,Fabricação de produtos cerâmicos não-refratários não especificados anteriormente,Divisão,FABRICAÇÃO DE PRODUTOS DE MINERAIS NÃO-METÁLICOS,23.4,Fabricação de produtos cerâmicos,23.49-4,Fabricação de produtos cerâmicos não-refratários não especificados anteriormente,2349-4/99,Fabricação de produtos cerâmicos não-refratários não especificados anteriormente
2391501,Seção,"Britamento de pedras, exceto associado à extração",Divisão,FABRICAÇÃO DE PRODUTOS DE MINERAIS NÃO-METÁLICOS,23.9,Aparelhamento de pedras e fabricação de outros produtos de minerais não-metálicos,23.91-5,Aparelhamento e outros trabalhos em pedras,2391-5/01,"Britamento de pedras, exceto associado à extração"
2391502,Seção,"Aparelhamento de pedras para construção, exceto associado à extração",Divisão,FABRICAÇÃO DE PRODUTOS DE MINERAIS NÃO-METÁLICOS,23.9,Aparelhamento de pedras e fabricação de outros produtos de minerais não-metálicos,23.91-5,Aparelhamento e outros trabalhos em pedras,2391-5/02,"Aparelhamento de pedras para construção, exceto associado à extração"
2391503,Seção,"Aparelhamento de placas e execução de trabalhos em mármore, granito, ardósia e outras pedras",Divisão,FABRICAÇÃO DE PRODUTOS DE MINERAIS NÃO-METÁLICOS,23.9,Aparelhamento de pedras e fabricação de outros produtos de minerais não-metálicos,23.91-5,Aparelhamento e outros trabalhos em pedras,2391-5/03,"Aparelhamento de placas e execução de trabalhos em mármore, granito, ardósia e outras pedras"
2392300,Seção,Fabricação de cal e gesso,Divisão,FABRICAÇÃO DE PRODUTOS DE MINERAIS NÃO-METÁLICOS,23.9,Aparelhamento de pedras e fabricação de outros produtos de minerais não-metálicos,23.92-3,Fabricação de cal e gesso,2392-3/00,Fabricação de cal e gesso
2399101,Seção,"Decoração, lapidação, gravação, vitrificação e outros trabalhos em cerâmica, louça, vidro e cristal",Divisão,FABRICAÇÃO DE PRODUTOS DE MINERAIS NÃO-METÁLICOS,23.9,Aparelhamento de pedras e fabricação de outros produtos de minerais não-metálicos,23.99-1,Fabricação de produtos de minerais não-metálicos não especificados anteriormente,2399-1/01,"Decoração, lapidação, gravação, vitrificação e outros trabalhos em cerâmica, louça, vidro e cristal"
2399199,Seção,Fabricação de outros produtos de minerais não-metálicos não especificados anteriormente,Divisão,FABRICAÇÃO DE PRODUTOS DE MINERAIS NÃO-METÁLICOS,23.9,Aparelhamento de pedras e fabricação de outros produtos de minerais não-metálicos,23.99-1,Fabricação de produtos de minerais não-metálicos não especificados anteriormente,2399-1/99,Fabricação de outros produtos de minerais não-metálicos não especificados anteriormente
2411300,Seção,Produção de ferro-gusa,24,METALURGIA,24.1,Produção de ferro-gusa e de ferroligas,24.11-3,Produção de ferro-gusa,2411-3/00,Produção de ferro-gusa
2412100,Seção,Produção de ferroligas,24,METALURGIA,24.1,Produção de ferro-gusa e de ferroligas,24.12-1,Produção de ferroligas,2412-1/00,Produção de ferroligas
2421100,Seção,Produção de semi-acabados de aço,24,METALURGIA,24.2,Siderurgia,24.21-1,Produção de semi-acabados de aço,2421-1/00,Produção de semi-acabados de aço
2422901,Seção,"Produção de laminados planos de aço ao carbono, revestidos ou não",24,METALURGIA,24.2,Siderurgia,24.22-9,Produção de laminados planos de aço,2422-9/01,"Produção de laminados planos de aço ao carbono, revestidos ou não"
2422902,Seção,Produção de laminados planos de aços especiais,24,METALURGIA,24.2,Siderurgia,24.22-9,Produção de laminados planos de aço,2422-9/02,Produção de laminados planos de aços especiais
,Seção,Denominação,Divisão,METALURGIA,Grupo,Siderurgia,Classe,Produção de laminados planos de aço,Subclasse,
2423701,Seção,Produção de tubos de aço sem costura,Divisão,METALURGIA,Grupo,Siderurgia,24.23-7,Produção de laminados longos de aço,2423-7/01,Produção de tubos de aço sem costura
2423702,Seção,"Produção de laminados longos de aço, exceto tubos",Divisão,METALURGIA,Grupo,Siderurgia,24.23-7,Produção de laminados longos de aço,2423-7/02,"Produção de laminados longos de aço, exceto tubos"
2424501,Seção,Produção de arames de aço,Divisão,METALURGIA,Grupo,Siderurgia,24.24-5,"Produção de relaminados, trefilados e perfilados de aço",2424-5/01,Produção de arames de aço
2424502,Seção,"Produção de relaminados, trefilados e perfilados de aço, exceto arames",Divisão,METALURGIA,Grupo,Siderurgia,24.24-5,"Produção de relaminados, trefilados e perfilados de aço",2424-5/02,"Produção de relaminados, trefilados e perfilados de aço, exceto arames"
2431800,Seção,Produção de tubos de aço com costura,Divisão,METALURGIA,24.3,"Produção de tubos de aço, exceto tubos sem costura",24.31-8,Produção de tubos de aço com costura,2431-8/00,Produção de tubos de aço com costura
2439300,Seção,Produção de outros tubos de ferro e aço,Divisão,METALURGIA,24.3,"Produção de tubos de aço, exceto tubos sem costura",24.39-3,Produção de outros tubos de ferro e aço,2439-3/00,Produção de outros tubos de ferro e aço
2441501,Seção,Produção de alumínio e suas ligas em formas primárias,Divisão,METALURGIA,24.4,Metalurgia dos metais não-ferrosos,24.41-5,Metalurgia do alumínio e suas ligas,2441-5/01,Produção de alumínio e suas ligas em formas primárias
2441502,Seção,Produção de laminados de alumínio,Divisão,METALURGIA,24.4,Metalurgia dos metais não-ferrosos,24.41-5,Metalurgia do alumínio e suas ligas,2441-5/02,Produção de laminados de alumínio
2442300,Seção,Metalurgia dos metais preciosos,Divisão,METALURGIA,24.4,Metalurgia dos metais não-ferrosos,24.42-3,Metalurgia dos metais preciosos,2442-3/00,Metalurgia dos metais preciosos
2443100,Seção,Metalurgia do cobre,Divisão,METALURGIA,24.4,Metalurgia dos metais não-ferrosos,24.43-1,Metalurgia do cobre,2443-1/00,Metalurgia do cobre
2449101,Seção,Produção de zinco em formas primárias,Divisão,METALURGIA,24.4,Metalurgia dos metais não-ferrosos,24.49-1,Metalurgia dos metais não-ferrosos e suas ligas não especificados anteriormente,2449-1/01,Produção de zinco em formas primárias
2449102,Seção,Produção de laminados de zinco,Divisão,METALURGIA,24.4,Metalurgia dos metais não-ferrosos,24.49-1,Metalurgia dos metais não-ferrosos e suas ligas não especificados anteriormente,2449-1/02,Produção de laminados de zinco
2449103,Seção,Produção de soldas e ânodos para galvanoplastia,Divisão,METALURGIA,24.4,Metalurgia dos metais não-ferrosos,24.49-1,Metalurgia dos metais não-ferrosos e suas ligas não especificados anteriormente,2449-1/03,Produção de soldas e ânodos para galvanoplastia
2449199,Seção,Metalurgia de outros metais não-ferrosos e suas ligas não especificados anteriormente,Divisão,METALURGIA,24.4,Metalurgia dos metais não-ferrosos,24.49-1,Metalurgia dos metais não-ferrosos e suas ligas não especificados anteriormente,2449-1/99,Metalurgia de outros metais não-ferrosos e suas ligas não especificados anteriormente
2451200,Seção,Fundição de ferro e aço,Divisão,METALURGIA,24.5,Fundição,24.51-2,Fundição de ferro e aço,2451-2/00,Fundição de ferro e aço
2452100,Seção,Fundição de metais não-ferrosos e suas ligas,Divisão,METALURGIA,24.5,Fundição,24.52-1,Fundição de metais não-ferrosos e suas ligas,2452-1/00,Fundição de metais não-ferrosos e suas ligas
2511000,Seção,Fabricação de estruturas metálicas,25,"FABRICAÇÃO DE PRODUTOS DE METAL, EXCETO MÁQUINAS E EQUIPAMENTOS",25.1,Fabricação de estruturas metálicas e obras de caldeiraria pesada,25.11-0,Fabricação de estruturas metálicas,2511-0/00,Fabricação de estruturas metálicas
2512800,Seção,Fabricação de esquadrias de metal,25,"FABRICAÇÃO DE PRODUTOS DE METAL, EXCETO MÁQUINAS E EQUIPAMENTOS",25.1,Fabricação de estruturas metálicas e obras de caldeiraria pesada,25.12-8,Fabricação de esquadrias de metal,2512-8/00,Fabricação de esquadrias de metal
2513600,Seção,Fabricação de obras de caldeiraria pesada,25,"FABRICAÇÃO DE PRODUTOS DE METAL, EXCETO MÁQUINAS E EQUIPAMENTOS",25.1,Fabricação de estruturas metálicas e obras de caldeiraria pesada,25.13-6,Fabricação de obras de caldeiraria pesada,2513-6/00,Fabricação de obras de caldeiraria pesada
2521700,Seção,"Fabricação de tanques, reservatórios metálicos e caldeiras para aquecimento central",25,"FABRICAÇÃO DE PRODUTOS DE METAL, EXCETO MÁQUINAS E EQUIPAMENTOS",25.2,"Fabricação de tanques, reservatórios metálicos e caldeiras",25.21-7,"Fabricação de tanques, reservatórios metálicos e caldeiras para aquecimento central",2521-7/00,"Fabricação de tanques, reservatórios metálicos e caldeiras para aquecimento central"
2522500,Seção,"Fabricação de caldeiras geradoras de vapor, exceto para aquecimento central e para veículos",25,"FABRICAÇÃO DE PRODUTOS DE METAL, EXCETO MÁQUINAS E EQUIPAMENTOS",25.2,"Fabricação de tanques, reservatórios metálicos e caldeiras",25.22-5,"Fabricação de caldeiras geradoras de vapor, exceto para aquecimento central e para veículos",2522-5/00,"Fabricação de caldeiras geradoras de vapor, exceto para aquecimento central e para veículos"
,Seção,Denominação,Divisão,"FABRICAÇÃO DE PRODUTOS DE METAL, EXCETO MÁQUINAS E EQUIPAMENTOS",Grupo,"Forjaria, estamparia, metalurgia do pó e serviços de tratamento de metais",Classe,Produção de forjados de aço e de metais não-ferrosos e suas ligas,Subclasse,
2531401,Seção,Produção de forjados de aço,Divisão,"FABRICAÇÃO DE PRODUTOS DE METAL, EXCETO MÁQUINAS E EQUIPAMENTOS",Grupo,"Forjaria, estamparia, metalurgia do pó e serviços de tratamento de metais",Classe,Produção de forjados de aço e de metais não-ferrosos e suas ligas,2531-4/01,Produção de forjados de aço
2531402,Seção,Produção de forjados de metais não-ferrosos e suas ligas,Divisão,"FABRICAÇÃO DE PRODUTOS DE METAL, EXCETO MÁQUINAS E EQUIPAMENTOS",Grupo,"Forjaria, estamparia, metalurgia do pó e serviços de tratamento de metais",Classe,Produção de forjados de aço e de metais não-ferrosos e suas ligas,2531-4/02,Produção de forjados de metais não-ferrosos e suas ligas
2532201,Seção,Produção de artefatos estampados de metal,Divisão,"FABRICAÇÃO DE PRODUTOS DE METAL, EXCETO MÁQUINAS E EQUIPAMENTOS",Grupo,"Forjaria, estamparia, metalurgia do pó e serviços de tratamento de metais",25.32-2,Produção de artefatos estampados de metal; metalurgia do pó,2532-2/01,Produção de artefatos estampados de metal
2532202,Seção,Metalurgia do pó,Divisão,"FABRICAÇÃO DE PRODUTOS DE METAL, EXCETO MÁQUINAS E EQUIPAMENTOS",Grupo,"Forjaria, estamparia, metalurgia do pó e serviços de tratamento de metais",25.32-2,Produção de artefatos estampados de metal; metalurgia do pó,2532-2/02,Metalurgia do pó
2539000,Seção,"Serviços de usinagem, solda, tratamento e revestimento em metais",Divisão,"FABRICAÇÃO DE PRODUTOS DE METAL, EXCETO MÁQUINAS E EQUIPAMENTOS",Grupo,"Forjaria, estamparia, metalurgia do pó e serviços de tratamento de metais",25.39-0,"Serviços de usinagem, solda, tratamento e revestimento em metais",2539-0/00,"Serviços de usinagem, solda, tratamento e revestimento em metais"
2541100,Seção,Fabricação de artigos de cutelaria,Divisão,"FABRICAÇÃO DE PRODUTOS DE METAL, EXCETO MÁQUINAS E EQUIPAMENTOS",25.4,"Fabricação de artigos de cutelaria, de serralheria e ferramentas",25.41-1,Fabricação de artigos de cutelaria,2541-1/00,Fabricação de artigos de cutelaria
2542000,Seção,"Fabricação de artigos de serralheria, exceto esquadrias",Divisão,"FABRICAÇÃO DE PRODUTOS DE METAL, EXCETO MÁQUINAS E EQUIPAMENTOS",25.4,"Fabricação de artigos de cutelaria, de serralheria e ferramentas",25.42-0,"Fabricação de artigos de serralheria, exceto esquadrias",2542-0/00,"Fabricação de artigos de serralheria, exceto esquadrias"
2543800,Seção,Fabricação de ferramentas,Divisão,"FABRICAÇÃO DE PRODUTOS DE METAL, EXCETO MÁQUINAS E EQUIPAMENTOS",25.4,"Fabricação de artigos de cutelaria, de serralheria e ferramentas",25.43-8,Fabricação de ferramentas,2543-8/00,Fabricação de ferramentas
2550101,Seção,"Fabricação de equipamento bélico pesado, exceto veículos militares de combate",Divisão,"FABRICAÇÃO DE PRODUTOS DE METAL, EXCETO MÁQUINAS E EQUIPAMENTOS",25.5,"Fabricação de equipamento bélico pesado, armas de fogo e munições",25.50-1,"Fabricação de equipamento bélico pesado, armas de fogo e munições",2550-1/01,"Fabricação de equipamento bélico pesado, exceto veículos militares de combate"
2550102,Seção,Fabricação de armas de fogo e munições,Divisão,"FABRICAÇÃO DE PRODUTOS DE METAL, EXCETO MÁQUINAS E EQUIPAMENTOS",25.5,"Fabricação de equipamento bélico pesado, armas de fogo e munições",25.50-1,"Fabricação de equipamento bélico pesado, armas de fogo e munições",2550-1/02,Fabricação de armas de fogo e munições
2591800,Seção,Fabricação de embalagens metálicas,Divisão,"FABRICAÇÃO DE PRODUTOS DE METAL, EXCETO MÁQUINAS E EQUIPAMENTOS",25.9,Fabricação de produtos de metal não especificados anteriormente,25.91-8,Fabricação de embalagens metálicas,2591-8/00,Fabricação de embalagens metálicas
2592601,Seção,Fabricação de produtos de trefilados de metal padronizados,Divisão,"FABRICAÇÃO DE PRODUTOS DE METAL, EXCETO MÁQUINAS E EQUIPAMENTOS",25.9,Fabricação de produtos de metal não especificados anteriormente,25.92-6,Fabricação de produtos de trefilados de metal,2592-6/01,Fabricação de produtos de trefilados de metal padronizados
2592602,Seção,"Fabricação de produtos de trefilados de metal, exceto padronizados",Divisão,"FABRICAÇÃO DE PRODUTOS DE METAL, EXCETO MÁQUINAS E EQUIPAMENTOS",25.9,Fabricação de produtos de metal não especificados anteriormente,25.92-6,Fabricação de produtos de trefilados de metal,2592-6/02,"Fabricação de produtos de trefilados de metal, exceto padronizados"
2593400,Seção,Fabricação de artigos de metal para uso doméstico e pessoal,Divisão,"FABRICAÇÃO DE PRODUTOS DE METAL, EXCETO MÁQUINAS E EQUIPAMENTOS",25.9,Fabricação de produtos de metal não especificados anteriormente,25.93-4,Fabricação de artigos de metal para uso doméstico e pessoal,2593-4/00,Fabricação de artigos de metal para uso doméstico e pessoal
2599301,Seção,Serviços de confecção de armações metálicas para a construção,Divisão,"FABRICAÇÃO DE PRODUTOS DE METAL, EXCETO MÁQUINAS E EQUIPAMENTOS",25.9,Fabricação de produtos de metal não especificados anteriormente,25.99-3,Fabricação de produtos de metal não especificados anteriormente,2599-3/01,Serviços de confecção de armações metálicas para a construção
2599399,Seção,Fabricação de outros produtos de metal não especificados anteriormente,Divisão,"FABRICAÇÃO DE PRODUTOS DE METAL, EXCETO MÁQUINAS E EQUIPAMENTOS",25.9,Fabricação de produtos de metal não especificados anteriormente,25.99-3,Fabricação de produtos de metal não especificados anteriormente,2599-3/99,Fabricação de outros produtos de metal não especificados anteriormente
2610800,Seção,Fabricação de componentes eletrônicos,26,"FABRICAÇÃO DE EQUIPAMENTOS DE INFORMÁTICA, PRODUTOS ELETRÔNICOS E ÓPTICOS",26.1,Fabricação de componentes eletrônicos,26.10-8,Fabricação de componentes eletrônicos,2610-8/00,Fabricação de componentes eletrônicos
2621300,Seção,Fabricação de equipamentos de informática,26,"FABRICAÇÃO DE EQUIPAMENTOS DE INFORMÁTICA, PRODUTOS ELETRÔNICOS E ÓPTICOS",26.2,Fabricação de equipamentos de informática e periféricos,26.21-3,Fabricação de equipamentos de informática,2621-3/00,Fabricação de equipamentos de informática
2622100,Seção,Fabricação de periféricos para equipamentos de informática,26,"FABRICAÇÃO DE EQUIPAMENTOS DE INFORMÁTICA, PRODUTOS ELETRÔNICOS E ÓPTICOS",26.2,Fabricação de equipamentos de informática e periféricos,26.22-1,Fabricação de periféricos para equipamentos de informática,2622-1/00,Fabricação de periféricos para equipamentos de informática
2631100,Seção,"Fabricação de equipamentos transmissores de comunicação, peças e acessórios",26,"FABRICAÇÃO DE EQUIPAMENTOS DE INFORMÁTICA, PRODUTOS ELETRÔNICOS E ÓPTICOS",26.3,Fabricação de equipamentos de comunicação,26.31-1,Fabricação de equipamentos transmissores de comunicação,2631-1/00,"Fabricação de equipamentos transmissores de comunicação, peças e acessórios"
,Seção,Denominação,Divisão,"FABRICAÇÃO DE EQUIPAMENTOS DE INFORMÁTICA, PRODUTOS ELETRÔNICOS E ÓPTICOS",Grupo,Fabricação de equipamentos de comunicação,Classe,Fabricação de equipamentos transmissores de comunicação,Subclasse,
2632900,Seção,"Fabricação de aparelhos telefônicos e de outros equipamentos de comunicação, peças e acessórios",Divisão,"FABRICAÇÃO DE EQUIPAMENTOS DE INFORMÁTICA, PRODUTOS ELETRÔNICOS E ÓPTICOS",Grupo,Fabricação de equipamentos de comunicação,26.32-9,Fabricação de aparelhos telefônicos e de outros equipamentos de comunicação,2632-9/00,"Fabricação de aparelhos telefônicos e de outros equipamentos de comunicação, peças e acessórios"
2640000,Seção,"Fabricação de aparelhos de recepção, reprodução, gravação e amplificação de áudio e vídeo",Divisão,"FABRICAÇÃO DE EQUIPAMENTOS DE INFORMÁTICA, PRODUTOS ELETRÔNICOS E ÓPTICOS",26.4,"Fabricação de aparelhos de recepção, reprodução, gravação e amplificação de áudio e vídeo",26.40-0,"Fabricação de aparelhos de recepção, reprodução, gravação e amplificação de áudio e vídeo",2640-0/00,"Fabricação de aparelhos de recepção, reprodução, gravação e amplificação de áudio e vídeo"
2651500,Seção,"Fabricação de aparelhos e equipamentos de medida, teste e controle",Divisão,"FABRICAÇÃO DE EQUIPAMENTOS DE INFORMÁTICA, PRODUTOS ELETRÔNICOS E ÓPTICOS",26.5,"Fabricação de aparelhos e instrumentos de medida, teste e controle; cronômetros e relógios",26.51-5,"Fabricação de aparelhos e equipamentos de medida, teste e controle",2651-5/00,"Fabricação de aparelhos e equipamentos de medida, teste e controle"
2652300,Seção,Fabricação de cronômetros e relógios,Divisão,"FABRICAÇÃO DE EQUIPAMENTOS DE INFORMÁTICA, PRODUTOS ELETRÔNICOS E ÓPTICOS",26.5,"Fabricação de aparelhos e instrumentos de medida, teste e controle; cronômetros e relógios",26.52-3,Fabricação de cronômetros e relógios,2652-3/00,Fabricação de cronômetros e relógios
2660400,Seção,Fabricação de aparelhos eletromédicos e eletroterapêuticos e equipamentos de irradiação,Divisão,"FABRICAÇÃO DE EQUIPAMENTOS DE INFORMÁTICA, PRODUTOS ELETRÔNICOS E ÓPTICOS",26.6,Fabricação de aparelhos eletromédicos e eletroterapêuticos e equipamentos de irradiação,26.60-4,Fabricação de aparelhos eletromédicos e eletroterapêuticos e equipamentos de irradiação,2660-4/00,Fabricação de aparelhos eletromédicos e eletroterapêuticos e equipamentos de irradiação
2670101,Seção,"Fabricação de equipamentos e instrumentos ópticos, peças e acessórios",Divisão,"FABRICAÇÃO DE EQUIPAMENTOS DE INFORMÁTICA, PRODUTOS ELETRÔNICOS E ÓPTICOS",26.7,"Fabricação de equipamentos e instrumentos ópticos, fotográficos e cinematográficos",26.70-1,"Fabricação de equipamentos e instrumentos ópticos, fotográficos e cinematográficos",2670-1/01,"Fabricação de equipamentos e instrumentos ópticos, peças e acessórios"
2670102,Seção,"Fabricação de aparelhos fotográficos e cinematográficos, peças e acessórios",Divisão,"FABRICAÇÃO DE EQUIPAMENTOS DE INFORMÁTICA, PRODUTOS ELETRÔNICOS E ÓPTICOS",26.7,"Fabricação de equipamentos e instrumentos ópticos, fotográficos e cinematográficos",26.70-1,"Fabricação de equipamentos e instrumentos ópticos, fotográficos e cinematográficos",2670-1/02,"Fabricação de aparelhos fotográficos e cinematográficos, peças e acessórios"
2680900,Seção,"Fabricação de mídias virgens, magnéticas e ópticas",Divisão,"FABRICAÇÃO DE EQUIPAMENTOS DE INFORMÁTICA, PRODUTOS ELETRÔNICOS E ÓPTICOS",26.8,"Fabricação de mídias virgens, magnéticas e ópticas",26.80-9,"Fabricação de mídias virgens, magnéticas e ópticas",2680-9/00,"Fabricação de mídias virgens, magnéticas e ópticas"
2710401,Seção,"Fabricação de geradores de corrente contínua e alternada, peças e acessórios",27,"FABRICAÇÃO DE MÁQUINAS, APARELHOS E MATERIAIS ELÉTRICOS",27.1,"Fabricação de geradores, transformadores e motores elétricos",27.10-4,"Fabricação de geradores, transformadores e motores elétricos",2710-4/01,"Fabricação de geradores de corrente contínua e alternada, peças e acessórios"
2710402,Seção,"Fabricação de transformadores, indutores, conversores, sincronizadores e semelhantes, peças e acessórios",27,"FABRICAÇÃO DE MÁQUINAS, APARELHOS E MATERIAIS ELÉTRICOS",27.1,"Fabricação de geradores, transformadores e motores elétricos",27.10-4,"Fabricação de geradores, transformadores e motores elétricos",2710-4/02,"Fabricação de transformadores, indutores, conversores, sincronizadores e semelhantes, peças e acessórios"
2710403,Seção,"Fabricação de motores elétricos, peças e acessórios",27,"FABRICAÇÃO DE MÁQUINAS, APARELHOS E MATERIAIS ELÉTRICOS",27.1,"Fabricação de geradores, transformadores e motores elétricos",27.10-4,"Fabricação de geradores, transformadores e motores elétricos",2710-4/03,"Fabricação de motores elétricos, peças e acessórios"
2721000,Seção,"Fabricação de pilhas, baterias e acumuladores elétricos, exceto para veículos automotores",27,"FABRICAÇÃO DE MÁQUINAS, APARELHOS E MATERIAIS ELÉTRICOS",27.2,"Fabricação de pilhas, baterias e acumuladores elétricos",27.21-0,"Fabricação de pilhas, baterias e acumuladores elétricos, exceto para veículos automotores",2721-0/00,"Fabricação de pilhas, baterias e acumuladores elétricos, exceto para veículos automotores"
2722801,Seção,Fabricação de baterias e acumuladores para veículos automotores,27,"FABRICAÇÃO DE MÁQUINAS, APARELHOS E MATERIAIS ELÉTRICOS",27.2,"Fabricação de pilhas, baterias e acumuladores elétricos",27.22-8,Fabricação de baterias e acumuladores para veículos automotores,2722-8/01,Fabricação de baterias e acumuladores para veículos automotores
,Seção,Denominação,Divisão,"FABRICAÇÃO DE MÁQUINAS, APARELHOS E MATERIAIS ELÉTRICOS",Grupo,"Fabricação de pilhas, baterias e acumuladores elétricos",Classe,Fabricação de baterias e acumuladores para veículos automotores,Subclasse,
2722802,Seção,Recondicionamento de baterias e acumuladores para veículos automotores,Divisão,"FABRICAÇÃO DE MÁQUINAS, APARELHOS E MATERIAIS ELÉTRICOS",Grupo,"Fabricação de pilhas, baterias e acumuladores elétricos",Classe,Fabricação de baterias e acumuladores para veículos automotores,2722-8/02,Recondicionamento de baterias e acumuladores para veículos automotores
2731700,Seção,Fabricação de aparelhos e equipamentos para distribuição e controle de energia elétrica,Divisão,"FABRICAÇÃO DE MÁQUINAS, APARELHOS E MATERIAIS ELÉTRICOS",27.3,Fabricação de equipamentos para distribuição e controle de energia elétrica,27.31-7,Fabricação de aparelhos e equipamentos para distribuição e controle de energia elétrica,2731-7/00,Fabricação de aparelhos e equipamentos para distribuição e controle de energia elétrica
2732500,Seção,Fabricação de material elétrico para instalações em circuito de consumo,Divisão,"FABRICAÇÃO DE MÁQUINAS, APARELHOS E MATERIAIS ELÉTRICOS",27.3,Fabricação de equipamentos para distribuição e controle de energia elétrica,27.32-5,Fabricação de material elétrico para instalações em circuito de consumo,2732-5/00,Fabricação de material elétrico para instalações em circuito de consumo
2733300,Seção,"Fabricação de fios, cabos e condutores elétricos isolados",Divisão,"FABRICAÇÃO DE MÁQUINAS, APARELHOS E MATERIAIS ELÉTRICOS",27.3,Fabricação de equipamentos para distribuição e controle de energia elétrica,27.33-3,"Fabricação de fios, cabos e condutores elétricos isolados",2733-3/00,"Fabricação de fios, cabos e condutores elétricos isolados"
2740601,Seção,Fabricação de lâmpadas,Divisão,"FABRICAÇÃO DE MÁQUINAS, APARELHOS E MATERIAIS ELÉTRICOS",27.4,Fabricação de lâmpadas e outros equipamentos de iluminação,27.40-6,Fabricação de lâmpadas e outros equipamentos de iluminação,2740-6/01,Fabricação de lâmpadas
2740602,Seção,Fabricação de luminárias e outros equipamentos de iluminação,Divisão,"FABRICAÇÃO DE MÁQUINAS, APARELHOS E MATERIAIS ELÉTRICOS",27.4,Fabricação de lâmpadas e outros equipamentos de iluminação,27.40-6,Fabricação de lâmpadas e outros equipamentos de iluminação,2740-6/02,Fabricação de luminárias e outros equipamentos de iluminação
2751100,Seção,"Fabricação de fogões, refrigeradores e máquinas de lavar e secar para uso doméstico, peças e acessórios",Divisão,"FABRICAÇÃO DE MÁQUINAS, APARELHOS E MATERIAIS ELÉTRICOS",27.5,Fabricação de eletrodomésticos,27.51-1,"Fabricação de fogões, refrigeradores e máquinas de lavar e secar para uso doméstico",2751-1/00,"Fabricação de fogões, refrigeradores e máquinas de lavar e secar para uso doméstico, peças e acessórios"
2759701,Seção,"Fabricação de aparelhos elétricos de uso pessoal, peças e acessórios",Divisão,"FABRICAÇÃO DE MÁQUINAS, APARELHOS E MATERIAIS ELÉTRICOS",27.5,Fabricação de eletrodomésticos,27.59-7,Fabricação de aparelhos eletrodomésticos não especificados anteriormente,2759-7/01,"Fabricação de aparelhos elétricos de uso pessoal, peças e acessórios"
2759799,Seção,"Fabricação de outros aparelhos eletrodomésticos não especificados anteriormente, peças e acessórios",Divisão,"FABRICAÇÃO DE MÁQUINAS, APARELHOS E MATERIAIS ELÉTRICOS",27.5,Fabricação de eletrodomésticos,27.59-7,Fabricação de aparelhos eletrodomésticos não especificados anteriormente,2759-7/99,"Fabricação de outros aparelhos eletrodomésticos não especificados anteriormente, peças e acessórios"
2790201,Seção,"Fabricação de eletrodos, contatos e outros artigos de carvão e grafita para uso elétrico, eletroímãs e isoladores",Divisão,"FABRICAÇÃO DE MÁQUINAS, APARELHOS E MATERIAIS ELÉTRICOS",27.9,Fabricação de equipamentos e aparelhos elétricos não especificados anteriormente,27.90-2,Fabricação de equipamentos e aparelhos elétricos não especificados anteriormente,2790-2/01,"Fabricação de eletrodos, contatos e outros artigos de carvão e grafita para uso elétrico, eletroímãs e isoladores"
2790202,Seção,Fabricação de equipamentos para sinalização e alarme,Divisão,"FABRICAÇÃO DE MÁQUINAS, APARELHOS E MATERIAIS ELÉTRICOS",27.9,Fabricação de equipamentos e aparelhos elétricos não especificados anteriormente,27.90-2,Fabricação de equipamentos e aparelhos elétricos não especificados anteriormente,2790-2/02,Fabricação de equipamentos para sinalização e alarme
2790299,Seção,Fabricação de outros equipamentos e aparelhos elétricos não especificados anteriormente,Divisão,"FABRICAÇÃO DE MÁQUINAS, APARELHOS E MATERIAIS ELÉTRICOS",27.9,Fabricação de equipamentos e aparelhos elétricos não especificados anteriormente,27.90-2,Fabricação de equipamentos e aparelhos elétricos não especificados anteriormente,2790-2/99,Fabricação de outros equipamentos e aparelhos elétricos não especificados anteriormente
2811900,Seção,"Fabricação de motores e turbinas, peças e acessórios, exceto para aviões e veículos rodoviários",28,FABRICAÇÃO DE MÁQUINAS E EQUIPAMENTOS,28.1,"Fabricação de motores, bombas, compressores e equipamentos de transmissão",28.11-9,"Fabricação de motores e turbinas, exceto para aviões e veículos rodoviários",2811-9/00,"Fabricação de motores e turbinas, peças e acessórios, exceto para aviões e veículos rodoviários"
2812700,Seção,"Fabricação de equipamentos hidráulicos e pneumáticos, peças e acessórios, exceto válvulas",28,FABRICAÇÃO DE MÁQUINAS E EQUIPAMENTOS,28.1,"Fabricação de motores, bombas, compressores e equipamentos de transmissão",28.12-7,"Fabricação de equipamentos hidráulicos e pneumáticos, exceto válvulas",2812-7/00,"Fabricação de equipamentos hidráulicos e pneumáticos, peças e acessórios, exceto válvulas"
2813500,Seção,"Fabricação de válvulas, registros e dispositivos semelhantes, peças e acessórios",28,FABRICAÇÃO DE MÁQUINAS E EQUIPAMENTOS,28.1,"Fabricação de motores, bombas, compressores e equipamentos de transmissão",28.13-5,"Fabricação de válvulas, registros e dispositivos semelhantes",2813-5/00,"Fabricação de válvulas, registros e dispositivos semelhantes, peças e acessórios"
,Seção,Denominação,Divisão,FABRICAÇÃO DE MÁQUINAS E EQUIPAMENTOS,Grupo,"Fabricação de motores, bombas, compressores e equipamentos de transmissão",Classe,Fabricação de compressores,Subclasse,
2814301,Seção,"Fabricação de compressores para uso industrial, peças e acessórios",Divisão,FABRICAÇÃO DE MÁQUINAS E EQUIPAMENTOS,Grupo,"Fabricação de motores, bombas, compressores e equipamentos de transmissão",Classe,Fabricação de compressores,2814-3/01,"Fabricação de compressores para uso industrial, peças e acessórios"
2814302,Seção,"Fabricação de compressores para uso não-industrial, peças e acessórios",Divisão,FABRICAÇÃO DE MÁQUINAS E EQUIPAMENTOS,Grupo,"Fabricação de motores, bombas, compressores e equipamentos de transmissão",Classe,Fabricação de compressores,2814-3/02,"Fabricação de compressores para uso não-industrial, peças e acessórios"
2815101,Seção,Fabricação de rolamentos para fins industriais,Divisão,FABRICAÇÃO DE MÁQUINAS E EQUIPAMENTOS,Grupo,"Fabricação de motores, bombas, compressores e equipamentos de transmissão",28.15-1,Fabricação de equipamentos de transmissão para fins industriais,2815-1/01,Fabricação de rolamentos para fins industriais
2815102,Seção,"Fabricação de equipamentos de transmissão para fins industriais, exceto rolamentos",Divisão,FABRICAÇÃO DE MÁQUINAS E EQUIPAMENTOS,Grupo,"Fabricação de motores, bombas, compressores e equipamentos de transmissão",28.15-1,Fabricação de equipamentos de transmissão para fins industriais,2815-1/02,"Fabricação de equipamentos de transmissão para fins industriais, exceto rolamentos"
2821601,Seção,"Fabricação de fornos industriais, aparelhos e equipamentos não-elétricos para instalações térmicas, peças e acessórios",Divisão,FABRICAÇÃO DE MÁQUINAS E EQUIPAMENTOS,28.2,Fabricação de máquinas e equipamentos de uso geral,28.21-6,Fabricação de aparelhos e equipamentos para instalações térmicas,2821-6/01,"Fabricação de fornos industriais, aparelhos e equipamentos não-elétricos para instalações térmicas, peças e acessórios"
2821602,Seção,"Fabricação de estufas e fornos elétricos para fins industriais, peças e acessórios",Divisão,FABRICAÇÃO DE MÁQUINAS E EQUIPAMENTOS,28.2,Fabricação de máquinas e equipamentos de uso geral,28.21-6,Fabricação de aparelhos e equipamentos para instalações térmicas,2821-6/02,"Fabricação de estufas e fornos elétricos para fins industriais, peças e acessórios"
2822401,Seção,"Fabricação de máquinas, equipamentos e aparelhos para transporte e elevação de pessoas, peças e acessórios",Divisão,FABRICAÇÃO DE MÁQUINAS E EQUIPAMENTOS,28.2,Fabricação de máquinas e equipamentos de uso geral,28.22-4,"Fabricação de máquinas, equipamentos e aparelhos para transporte e elevação de cargas e pessoas",2822-4/01,"Fabricação de máquinas, equipamentos e aparelhos para transporte e elevação de pessoas, peças e acessórios"
2822402,Seção,"Fabricação de máquinas, equipamentos e aparelhos para transporte e elevação de cargas, peças e acessórios",Divisão,FABRICAÇÃO DE MÁQUINAS E EQUIPAMENTOS,28.2,Fabricação de máquinas e equipamentos de uso geral,28.22-4,"Fabricação de máquinas, equipamentos e aparelhos para transporte e elevação de cargas e pessoas",2822-4/02,"Fabricação de máquinas, equipamentos e aparelhos para transporte e elevação de cargas, peças e acessórios"
2823200,Seção,"Fabricação de máquinas e aparelhos de refrigeração e ventilação para uso industrial e comercial, peças e acessórios",Divisão,FABRICAÇÃO DE MÁQUINAS E EQUIPAMENTOS,28.2,Fabricação de máquinas e equipamentos de uso geral,28.23-2,Fabricação de máquinas e aparelhos de refrigeração e ventilação para uso industrial e comercial,2823-2/00,"Fabricação de máquinas e aparelhos de refrigeração e ventilação para uso industrial e comercial, peças e acessórios"
2824101,Seção,Fabricação de aparelhos e equipamentos de ar condicionado para uso industrial,Divisão,FABRICAÇÃO DE MÁQUINAS E EQUIPAMENTOS,28.2,Fabricação de máquinas e equipamentos de uso geral,28.24-1,Fabricação de aparelhos e equipamentos de ar condicionado,2824-1/01,Fabricação de aparelhos e equipamentos de ar condicionado para uso industrial
2824102,Seção,Fabricação de aparelhos e equipamentos de ar condicionado para uso não-industrial,Divisão,FABRICAÇÃO DE MÁQUINAS E EQUIPAMENTOS,28.2,Fabricação de máquinas e equipamentos de uso geral,28.24-1,Fabricação de aparelhos e equipamentos de ar condicionado,2824-1/02,Fabricação de aparelhos e equipamentos de ar condicionado para uso não-industrial
2825900,Seção,"Fabricação de máquinas e equipamentos para saneamento básico e ambiental, peças e acessórios",Divisão,FABRICAÇÃO DE MÁQUINAS E EQUIPAMENTOS,28.2,Fabricação de máquinas e equipamentos de uso geral,28.25-9,Fabricação de máquinas e equipamentos para saneamento básico e ambiental,2825-9/00,"Fabricação de máquinas e equipamentos para saneamento básico e ambiental, peças e acessórios"
2829101,Seção,"Fabricação de máquinas de escrever, calcular e outros equipamentos não-eletrônicos para escritório, peças e acessórios",Divisão,FABRICAÇÃO DE MÁQUINAS E EQUIPAMENTOS,28.2,Fabricação de máquinas e equipamentos de uso geral,28.29-1,Fabricação de máquinas e equipamentos de uso geral não especificados anteriormente,2829-1/01,"Fabricação de máquinas de escrever, calcular e outros equipamentos não-eletrônicos para escritório, peças e acessórios"
2829199,Seção,"Fabricação de outras máquinas e equipamentos de uso geral não especificados anteriormente, peças e acessórios",Divisão,FABRICAÇÃO DE MÁQUINAS E EQUIPAMENTOS,28.2,Fabricação de máquinas e equipamentos de uso geral,28.29-1,Fabricação de máquinas e equipamentos de uso geral não especificados anteriormente,2829-1/99,"Fabricação de outras máquinas e equipamentos de uso geral não especificados anteriormente, peças e acessórios"
2831300,Seção,"Fabricação de tratores agrícolas, peças e acessórios",Divisão,FABRICAÇÃO DE MÁQUINAS E EQUIPAMENTOS,28.3,Fabricação de tratores e de máquinas e equipamentos para a agricultura e pecuária,28.31-3,Fabricação de tratores agrícolas,2831-3/00,"Fabricação de tratores agrícolas, peças e acessórios"
2832100,Seção,"Fabricação de equipamentos para irrigação agrícola, peças e acessórios",Divisão,FABRICAÇÃO DE MÁQUINAS E EQUIPAMENTOS,28.3,Fabricação de tratores e de máquinas e equipamentos para a agricultura e pecuária,28.32-1,Fabricação de equipamentos para irrigação agrícola,2832-1/00,"Fabricação de equipamentos para irrigação agrícola, peças e acessórios"
2833000,Seção,"Fabricação de máquinas e equipamentos para a agricultura e pecuária, peças e acessórios, exceto para irrigação",Divisão,FABRICAÇÃO DE MÁQUINAS E EQUIPAMENTOS,28.3,Fabricação de tratores e de máquinas e equipamentos para a agricultura e pecuária,28.33-0,"Fabricação de máquinas e equipamentos para a agricultura e pecuária, exceto para irrigação",2833-0/00,"Fabricação de máquinas e equipamentos para a agricultura e pecuária, peças e acessórios, exceto para irrigação"
,Seção,Denominação,Divisão,FABRICAÇÃO DE MÁQUINAS E EQUIPAMENTOS,Grupo,Fabricação de máquinas-ferramenta,Classe,Fabricação de máquinas-ferramenta,Subclasse,
2840200,Seção,"Fabricação de máquinas-ferramenta, peças e acessórios",Divisão,FABRICAÇÃO DE MÁQUINAS E EQUIPAMENTOS,Grupo,Fabricação de máquinas-ferramenta,Classe,Fabricação de máquinas-ferramenta,2840-2/00,"Fabricação de máquinas-ferramenta, peças e acessórios"
2851800,Seção,"Fabricação de máquinas e equipamentos para a prospecção e extração de petróleo, peças e acessórios",Divisão,FABRICAÇÃO DE MÁQUINAS E EQUIPAMENTOS,28.5,Fabricação de máquinas e equipamentos de uso na extração mineral e na construção,28.51-8,Fabricação de máquinas e equipamentos para a prospecção e extração de petróleo,2851-8/00,"Fabricação de máquinas e equipamentos para a prospecção e extração de petróleo, peças e acessórios"
2852600,Seção,"Fabricação de outras máquinas e equipamentos para uso na extração mineral, peças e acessórios, exceto na extração de petróleo",Divisão,FABRICAÇÃO DE MÁQUINAS E EQUIPAMENTOS,28.5,Fabricação de máquinas e equipamentos de uso na extração mineral e na construção,28.52-6,"Fabricação de outras máquinas e equipamentos para uso na extração mineral, exceto na extração de petróleo",2852-6/00,"Fabricação de outras máquinas e equipamentos para uso na extração mineral, peças e acessórios, exceto na extração de petróleo"
2853400,Seção,"Fabricação de tratores, peças e acessórios, exceto agrícolas",Divisão,FABRICAÇÃO DE MÁQUINAS E EQUIPAMENTOS,28.5,Fabricação de máquinas e equipamentos de uso na extração mineral e na construção,28.53-4,"Fabricação de tratores, exceto agrícolas",2853-4/00,"Fabricação de tratores, peças e acessórios, exceto agrícolas"
2854200,Seção,"Fabricação de máquinas e equipamentos para terraplenagem, pavimentação e construção, peças e acessórios, exceto tratores",Divisão,FABRICAÇÃO DE MÁQUINAS E EQUIPAMENTOS,28.5,Fabricação de máquinas e equipamentos de uso na extração mineral e na construção,28.54-2,"Fabricação de máquinas e equipamentos para terraplenagem, pavimentação e construção, exceto tratores",2854-2/00,"Fabricação de máquinas e equipamentos para terraplenagem, pavimentação e construção, peças e acessórios, exceto tratores"
2861500,Seção,"Fabricação de máquinas para a indústria metalúrgica, peças e acessórios, exceto máquinas-ferramenta",Divisão,FABRICAÇÃO DE MÁQUINAS E EQUIPAMENTOS,28.6,Fabricação de máquinas e equipamentos de uso industrial específico,28.61-5,"Fabricação de máquinas para a indústria metalúrgica, exceto máquinas-ferramenta",2861-5/00,"Fabricação de máquinas para a indústria metalúrgica, peças e acessórios, exceto máquinas-ferramenta"
2862300,Seção,"Fabricação de máquinas e equipamentos para as indústrias de alimentos, bebidas e fumo, peças e acessórios",Divisão,FABRICAÇÃO DE MÁQUINAS E EQUIPAMENTOS,28.6,Fabricação de máquinas e equipamentos de uso industrial específico,28.62-3,"Fabricação de máquinas e equipamentos para as indústrias de alimentos, bebidas e fumo",2862-3/00,"Fabricação de máquinas e equipamentos para as indústrias de alimentos, bebidas e fumo, peças e acessórios"
2863100,Seção,"Fabricação de máquinas e equipamentos para a indústria têxtil, peças e acessórios",Divisão,FABRICAÇÃO DE MÁQUINAS E EQUIPAMENTOS,28.6,Fabricação de máquinas e equipamentos de uso industrial específico,28.63-1,Fabricação de máquinas e equipamentos para a indústria têxtil,2863-1/00,"Fabricação de máquinas e equipamentos para a indústria têxtil, peças e acessórios"
2864000,Seção,"Fabricação de máquinas e equipamentos para as indústrias do vestuário, do couro e de calçados, peças e acessórios",Divisão,FABRICAÇÃO DE MÁQUINAS E EQUIPAMENTOS,28.6,Fabricação de máquinas e equipamentos de uso industrial específico,28.64-0,"Fabricação de máquinas e equipamentos para as indústrias do vestuário, do couro e de calçados",2864-0/00,"Fabricação de máquinas e equipamentos para as indústrias do vestuário, do couro e de calçados, peças e acessórios"
2865800,Seção,"Fabricação de máquinas e equipamentos para as indústrias de celulose, papel e papelão e artefatos, peças e acessórios",Divisão,FABRICAÇÃO DE MÁQUINAS E EQUIPAMENTOS,28.6,Fabricação de máquinas e equipamentos de uso industrial específico,28.65-8,"Fabricação de máquinas e equipamentos para as indústrias de celulose, papel e papelão e artefatos",2865-8/00,"Fabricação de máquinas e equipamentos para as indústrias de celulose, papel e papelão e artefatos, peças e acessórios"
2866600,Seção,"Fabricação de máquinas e equipamentos para a indústria do plástico, peças e acessórios",Divisão,FABRICAÇÃO DE MÁQUINAS E EQUIPAMENTOS,28.6,Fabricação de máquinas e equipamentos de uso industrial específico,28.66-6,Fabricação de máquinas e equipamentos para a indústria do plástico,2866-6/00,"Fabricação de máquinas e equipamentos para a indústria do plástico, peças e acessórios"
2869100,Seção,"Fabricação de máquinas e equipamentos para uso industrial específico não especificados anteriormente, peças e acessórios",Divisão,FABRICAÇÃO DE MÁQUINAS E EQUIPAMENTOS,28.6,Fabricação de máquinas e equipamentos de uso industrial específico,28.69-1,Fabricação de máquinas e equipamentos para uso industrial específico não especificados anteriormente,2869-1/00,"Fabricação de máquinas e equipamentos para uso industrial específico não especificados anteriormente, peças e acessórios"
2910701,Seção,"Fabricação de automóveis, camionetas e utilitários",29,"FABRICAÇÃO DE VEÍCULOS AUTOMOTORES, REBOQUES E CARROCERIAS",29.1,"Fabricação de automóveis, camionetas e utilitários",29.10-7,"Fabricação de automóveis, camionetas e utilitários",2910-7/01,"Fabricação de automóveis, camionetas e utilitários"
,Seção,Denominação,Divisão,"FABRICAÇÃO DE VEÍCULOS AUTOMOTORES, REBOQUES E CARROCERIAS",Grupo,"Fabricação de automóveis, camionetas e utilitários",Classe,"Fabricação de automóveis, camionetas e utilitários",Subclasse,
2910702,Seção,"Fabricação de chassis com motor para automóveis, camionetas e utilitários",Divisão,"FABRICAÇÃO DE VEÍCULOS AUTOMOTORES, REBOQUES E CARROCERIAS",Grupo,"Fabricação de automóveis, camionetas e utilitários",Classe,"Fabricação de automóveis, camionetas e utilitários",2910-7/02,"Fabricação de chassis com motor para automóveis, camionetas e utilitários"
2910703,Seção,"Fabricação de motores para automóveis, camionetas e utilitários",Divisão,"FABRICAÇÃO DE VEÍCULOS AUTOMOTORES, REBOQUES E CARROCERIAS",Grupo,"Fabricação de automóveis, camionetas e utilitários",Classe,"Fabricação de automóveis, camionetas e utilitários",2910-7/03,"Fabricação de motores para automóveis, camionetas e utilitários"
2920401,Seção,Fabricação de caminhões e ônibus,Divisão,"FABRICAÇÃO DE VEÍCULOS AUTOMOTORES, REBOQUES E CARROCERIAS",29.2,Fabricação de caminhões e ônibus,29.20-4,Fabricação de caminhões e ônibus,2920-4/01,Fabricação de caminhões e ônibus
2920402,Seção,Fabricação de motores para caminhões e ônibus,Divisão,"FABRICAÇÃO DE VEÍCULOS AUTOMOTORES, REBOQUES E CARROCERIAS",29.2,Fabricação de caminhões e ônibus,29.20-4,Fabricação de caminhões e ônibus,2920-4/02,Fabricação de motores para caminhões e ônibus
2930101,Seção,"Fabricação de cabines, carrocerias e reboques para caminhões",Divisão,"FABRICAÇÃO DE VEÍCULOS AUTOMOTORES, REBOQUES E CARROCERIAS",29.3,"Fabricação de cabines, carrocerias e reboques para veículos automotores",29.30-1,"Fabricação de cabines, carrocerias e reboques para veículos automotores",2930-1/01,"Fabricação de cabines, carrocerias e reboques para caminhões"
2930102,Seção,Fabricação de carrocerias para ônibus,Divisão,"FABRICAÇÃO DE VEÍCULOS AUTOMOTORES, REBOQUES E CARROCERIAS",29.3,"Fabricação de cabines, carrocerias e reboques para veículos automotores",29.30-1,"Fabricação de cabines, carrocerias e reboques para veículos automotores",2930-1/02,Fabricação de carrocerias para ônibus
2930103,Seção,"Fabricação de cabines, carrocerias e reboques para outros veículos automotores, exceto caminhões e ônibus",Divisão,"FABRICAÇÃO DE VEÍCULOS AUTOMOTORES, REBOQUES E CARROCERIAS",29.3,"Fabricação de cabines, carrocerias e reboques para veículos automotores",29.30-1,"Fabricação de cabines, carrocerias e reboques para veículos automotores",2930-1/03,"Fabricação de cabines, carrocerias e reboques para outros veículos automotores, exceto caminhões e ônibus"
2941700,Seção,Fabricação de peças e acessórios para o sistema motor de veículos automotores,Divisão,"FABRICAÇÃO DE VEÍCULOS AUTOMOTORES, REBOQUES E CARROCERIAS",29.4,Fabricação de peças e acessórios para veículos automotores,29.41-7,Fabricação de peças e acessórios para o sistema motor de veículos automotores,2941-7/00,Fabricação de peças e acessórios para o sistema motor de veículos automotores
2942500,Seção,Fabricação de peças e acessórios para os sistemas de marcha e transmissão de veículos automotores,Divisão,"FABRICAÇÃO DE VEÍCULOS AUTOMOTORES, REBOQUES E CARROCERIAS",29.4,Fabricação de peças e acessórios para veículos automotores,29.42-5,Fabricação de peças e acessórios para os sistemas de marcha e transmissão de veículos automotores,2942-5/00,Fabricação de peças e acessórios para os sistemas de marcha e transmissão de veículos automotores
2943300,Seção,Fabricação de peças e acessórios para o sistema de freios de veículos automotores,Divisão,"FABRICAÇÃO DE VEÍCULOS AUTOMOTORES, REBOQUES E CARROCERIAS",29.4,Fabricação de peças e acessórios para veículos automotores,29.43-3,Fabricação de peças e acessórios para o sistema de freios de veículos automotores,2943-3/00,Fabricação de peças e acessórios para o sistema de freios de veículos automotores
2944100,Seção,Fabricação de peças e acessórios para o sistema de direção e suspensão de veículos automotores,Divisão,"FABRICAÇÃO DE VEÍCULOS AUTOMOTORES, REBOQUES E CARROCERIAS",29.4,Fabricação de peças e acessórios para veículos automotores,29.44-1,Fabricação de peças e acessórios para o sistema de direção e suspensão de veículos automotores,2944-1/00,Fabricação de peças e acessórios para o sistema de direção e suspensão de veículos automotores
2945000,Seção,"Fabricação de material elétrico e eletrônico para veículos automotores, exceto baterias",Divisão,"FABRICAÇÃO DE VEÍCULOS AUTOMOTORES, REBOQUES E CARROCERIAS",29.4,Fabricação de peças e acessórios para veículos automotores,29.45-0,"Fabricação de material elétrico e eletrônico para veículos automotores, exceto baterias",2945-0/00,"Fabricação de material elétrico e eletrônico para veículos automotores, exceto baterias"
2949201,Seção,Fabricação de bancos e estofados para veículos automotores,Divisão,"FABRICAÇÃO DE VEÍCULOS AUTOMOTORES, REBOQUES E CARROCERIAS",29.4,Fabricação de peças e acessórios para veículos automotores,29.49-2,Fabricação de peças e acessórios para veículos automotores não especificados anteriormente,2949-2/01,Fabricação de bancos e estofados para veículos automotores
2949299,Seção,Fabricação de outras peças e acessórios para veículos automotores não especificadas anteriormente,Divisão,"FABRICAÇÃO DE VEÍCULOS AUTOMOTORES, REBOQUES E CARROCERIAS",29.4,Fabricação de peças e acessórios para veículos automotores,29.49-2,Fabricação de peças e acessórios para veículos automotores não especificados anteriormente,2949-2/99,Fabricação de outras peças e acessórios para veículos automotores não especificadas anteriormente
2950600,Seção,Recondicionamento e recuperação de motores para veículos automotores,Divisão,"FABRICAÇÃO DE VEÍCULOS AUTOMOTORES, REBOQUES E CARROCERIAS",29.5,Recondicionamento e recuperação de motores para veículos automotores,29.50-6,Recondicionamento e recuperação de motores para veículos automotores,2950-6/00,Recondicionamento e recuperação de motores para veículos automotores
3011301,Seção,Construção de embarcações de grande porte,30,"FABRICAÇÃO DE OUTROS EQUIPAMENTOS DE TRANSPORTE, EXCETO VEÍCULOS AUTOMOTORES",30.1,Construção de embarcações,30.11-3,Construção de embarcações e estruturas flutuantes,3011-3/01,Construção de embarcações de grande porte
3011302,Seção,"Construção de embarcações para uso comercial e para usos especiais, exceto de grande porte",30,"FABRICAÇÃO DE OUTROS EQUIPAMENTOS DE TRANSPORTE, EXCETO VEÍCULOS AUTOMOTORES",30.1,Construção de embarcações,30.11-3,Construção de embarcações e estruturas flutuantes,3011-3/02,"Construção de embarcações para uso comercial e para usos especiais, exceto de grande porte"
,Seção,Denominação,Divisão,"FABRICAÇÃO DE OUTROS EQUIPAMENTOS DE TRANSPORTE, EXCETO VEÍCULOS AUTOMOTORES",Grupo,Construção de embarcações,Classe,Construção de embarcações e estruturas flutuantes,Subclasse,
3012100,Seção,Construção de embarcações para esporte e lazer,Divisão,"FABRICAÇÃO DE OUTROS EQUIPAMENTOS DE TRANSPORTE, EXCETO VEÍCULOS AUTOMOTORES",Grupo,Construção de embarcações,30.12-1,Construção de embarcações para esporte e lazer,3012-1/00,Construção de embarcações para esporte e lazer
3031800,Seção,"Fabricação de locomotivas, vagões e outros materiais rodantes",Divisão,"FABRICAÇÃO DE OUTROS EQUIPAMENTOS DE TRANSPORTE, EXCETO VEÍCULOS AUTOMOTORES",30.3,Fabricação de veículos ferroviários,30.31-8,"Fabricação de locomotivas, vagões e outros materiais rodantes",3031-8/00,"Fabricação de locomotivas, vagões e outros materiais rodantes"
3032600,Seção,Fabricação de peças e acessórios para veículos ferroviários,Divisão,"FABRICAÇÃO DE OUTROS EQUIPAMENTOS DE TRANSPORTE, EXCETO VEÍCULOS AUTOMOTORES",30.3,Fabricação de veículos ferroviários,30.32-6,Fabricação de peças e acessórios para veículos ferroviários,3032-6/00,Fabricação de peças e acessórios para veículos ferroviários
3041500,Seção,Fabricação de aeronaves,Divisão,"FABRICAÇÃO DE OUTROS EQUIPAMENTOS DE TRANSPORTE, EXCETO VEÍCULOS AUTOMOTORES",30.4,Fabricação de aeronaves,30.41-5,Fabricação de aeronaves,3041-5/00,Fabricação de aeronaves
3042300,Seção,"Fabricação de turbinas, motores e outros componentes e peças para aeronaves",Divisão,"FABRICAÇÃO DE OUTROS EQUIPAMENTOS DE TRANSPORTE, EXCETO VEÍCULOS AUTOMOTORES",30.4,Fabricação de aeronaves,30.42-3,"Fabricação de turbinas, motores e outros componentes e peças para aeronaves",3042-3/00,"Fabricação de turbinas, motores e outros componentes e peças para aeronaves"
3050400,Seção,Fabricação de veículos militares de combate,Divisão,"FABRICAÇÃO DE OUTROS EQUIPAMENTOS DE TRANSPORTE, EXCETO VEÍCULOS AUTOMOTORES",30.5,Fabricação de veículos militares de combate,30.50-4,Fabricação de veículos militares de combate,3050-4/00,Fabricação de veículos militares de combate
3091100,Seção,"Fabricação de motocicletas, peças e acessórios",Divisão,"FABRICAÇÃO DE OUTROS EQUIPAMENTOS DE TRANSPORTE, EXCETO VEÍCULOS AUTOMOTORES",30.9,Fabricação de equipamentos de transporte não especificados anteriormente,30.91-1,Fabricação de motocicletas,3091-1/00,"Fabricação de motocicletas, peças e acessórios"
3092000,Seção,"Fabricação de bicicletas e triciclos não-motorizados, peças e acessórios",Divisão,"FABRICAÇÃO DE OUTROS EQUIPAMENTOS DE TRANSPORTE, EXCETO VEÍCULOS AUTOMOTORES",30.9,Fabricação de equipamentos de transporte não especificados anteriormente,30.92-0,Fabricação de bicicletas e triciclos não-motorizados,3092-0/00,"Fabricação de bicicletas e triciclos não-motorizados, peças e acessórios"
3099700,Seção,Fabricação de equipamentos de transporte não especificados anteriormente,Divisão,"FABRICAÇÃO DE OUTROS EQUIPAMENTOS DE TRANSPORTE, EXCETO VEÍCULOS AUTOMOTORES",30.9,Fabricação de equipamentos de transporte não especificados anteriormente,30.99-7,Fabricação de equipamentos de transporte não especificados anteriormente,3099-7/00,Fabricação de equipamentos de transporte não especificados anteriormente
3101200,Seção,Fabricação de móveis com predominância de madeira,31,FABRICAÇÃO DE MÓVEIS,31.0,Fabricação de móveis,31.01-2,Fabricação de móveis com predominância de madeira,3101-2/00,Fabricação de móveis com predominância de madeira
3102100,Seção,Fabricação de móveis com predominância de metal,31,FABRICAÇÃO DE MÓVEIS,31.0,Fabricação de móveis,31.02-1,Fabricação de móveis com predominância de metal,3102-1/00,Fabricação de móveis com predominância de metal
3103900,Seção,"Fabricação de móveis de outros materiais, exceto madeira e metal",31,FABRICAÇÃO DE MÓVEIS,31.0,Fabricação de móveis,31.03-9,"Fabricação de móveis de outros materiais, exceto madeira e metal",3103-9/00,"Fabricação de móveis de outros materiais, exceto madeira e metal"
3104700,Seção,Fabricação de colchões,31,FABRICAÇÃO DE MÓVEIS,31.0,Fabricação de móveis,31.04-7,Fabricação de colchões,3104-7/00,Fabricação de colchões
3211601,Seção,Lapidação de gemas,32,FABRICAÇÃO DE PRODUTOS DIVERSOS,32.1,"Fabricação de artigos de joalheria, bijuteria e semelhantes",32.11-6,Lapidação de gemas e fabricação de artefatos de ourivesaria e joalheria,3211-6/01,Lapidação de gemas
3211602,Seção,Fabricação de artefatos de joalheria e ourivesaria,32,FABRICAÇÃO DE PRODUTOS DIVERSOS,32.1,"Fabricação de artigos de joalheria, bijuteria e semelhantes",32.11-6,Lapidação de gemas e fabricação de artefatos de ourivesaria e joalheria,3211-6/02,Fabricação de artefatos de joalheria e ourivesaria
3211603,Seção,Cunhagem de moedas e medalhas,32,FABRICAÇÃO DE PRODUTOS DIVERSOS,32.1,"Fabricação de artigos de joalheria, bijuteria e semelhantes",32.11-6,Lapidação de gemas e fabricação de artefatos de ourivesaria e joalheria,3211-6/03,Cunhagem de moedas e medalhas
3212400,Seção,Fabricação de bijuterias e artefatos semelhantes,32,FABRICAÇÃO DE PRODUTOS DIVERSOS,32.1,"Fabricação de artigos de joalheria, bijuteria e semelhantes",32.12-4,Fabricação de bijuterias e artefatos semelhantes,3212-4/00,Fabricação de bijuterias e artefatos semelhantes
3220500,Seção,"Fabricação de instrumentos musicais, peças e acessórios",32,FABRICAÇÃO DE PRODUTOS DIVERSOS,32.2,Fabricação de instrumentos musicais,32.20-5,Fabricação de instrumentos musicais,3220-5/00,"Fabricação de instrumentos musicais, peças e acessórios"
,Seção,Denominação,Divisão,FABRICAÇÃO DE PRODUTOS DIVERSOS,Grupo,Fabricação de artefatos para pesca e esporte,Classe,Fabricação de artefatos para pesca e esporte,Subclasse,
3230200,Seção,Fabricação de artefatos para pesca e esporte,Divisão,FABRICAÇÃO DE PRODUTOS DIVERSOS,Grupo,Fabricação de artefatos para pesca e esporte,Classe,Fabricação de artefatos para pesca e esporte,3230-2/00,Fabricação de artefatos para pesca e esporte
3240001,Seção,Fabricação de jogos eletrônicos,Divisão,FABRICAÇÃO DE PRODUTOS DIVERSOS,32.4,Fabricação de brinquedos e jogos recreativos,32.40-0,Fabricação de brinquedos e jogos recreativos,3240-0/01,Fabricação de jogos eletrônicos
3240002,Seção,"Fabricação de mesas de bilhar, de sinuca e acessórios não associada à locação",Divisão,FABRICAÇÃO DE PRODUTOS DIVERSOS,32.4,Fabricação de brinquedos e jogos recreativos,32.40-0,Fabricação de brinquedos e jogos recreativos,3240-0/02,"Fabricação de mesas de bilhar, de sinuca e acessórios não associada à locação"
3240003,Seção,"Fabricação de mesas de bilhar, de sinuca e acessórios associada à locação",Divisão,FABRICAÇÃO DE PRODUTOS DIVERSOS,32.4,Fabricação de brinquedos e jogos recreativos,32.40-0,Fabricação de brinquedos e jogos recreativos,3240-0/03,"Fabricação de mesas de bilhar, de sinuca e acessórios associada à locação"
3240099,Seção,Fabricação de outros brinquedos e jogos recreativos não especificados anteriormente,Divisão,FABRICAÇÃO DE PRODUTOS DIVERSOS,32.4,Fabricação de brinquedos e jogos recreativos,32.40-0,Fabricação de brinquedos e jogos recreativos,3240-0/99,Fabricação de outros brinquedos e jogos recreativos não especificados anteriormente
3250701,Seção,"Fabricação de instrumentos não-eletrônicos e utensílios para uso médico, cirúrgico, odontológico e de laboratório",Divisão,FABRICAÇÃO DE PRODUTOS DIVERSOS,32.5,Fabricação de instrumentos e materiais para uso médico e odontológico e de artigos ópticos,32.50-7,Fabricação de instrumentos e materiais para uso médico e odontológico e de artigos ópticos,3250-7/01,"Fabricação de instrumentos não-eletrônicos e utensílios para uso médico, cirúrgico, odontológico e de laboratório"
3250702,Seção,"Fabricação de mobiliário para uso médico, cirúrgico, odontológico e de laboratório",Divisão,FABRICAÇÃO DE PRODUTOS DIVERSOS,32.5,Fabricação de instrumentos e materiais para uso médico e odontológico e de artigos ópticos,32.50-7,Fabricação de instrumentos e materiais para uso médico e odontológico e de artigos ópticos,3250-7/02,"Fabricação de mobiliário para uso médico, cirúrgico, odontológico e de laboratório"
3250703,Seção,Fabricação de aparelhos e utensílios para correção de defeitos físicos e aparelhos ortopédicos em geral sob encomenda,Divisão,FABRICAÇÃO DE PRODUTOS DIVERSOS,32.5,Fabricação de instrumentos e materiais para uso médico e odontológico e de artigos ópticos,32.50-7,Fabricação de instrumentos e materiais para uso médico e odontológico e de artigos ópticos,3250-7/03,Fabricação de aparelhos e utensílios para correção de defeitos físicos e aparelhos ortopédicos em geral sob encomenda
3250704,Seção,"Fabricação de aparelhos e utensílios para correção de defeitos físicos e aparelhos ortopédicos em geral, exceto sob encomenda",Divisão,FABRICAÇÃO DE PRODUTOS DIVERSOS,32.5,Fabricação de instrumentos e materiais para uso médico e odontológico e de artigos ópticos,32.50-7,Fabricação de instrumentos e materiais para uso médico e odontológico e de artigos ópticos,3250-7/04,"Fabricação de aparelhos e utensílios para correção de defeitos físicos e aparelhos ortopédicos em geral, exceto sob encomenda"
3250705,Seção,Fabricação de materiais para medicina e odontologia,Divisão,FABRICAÇÃO DE PRODUTOS DIVERSOS,32.5,Fabricação de instrumentos e materiais para uso médico e odontológico e de artigos ópticos,32.50-7,Fabricação de instrumentos e materiais para uso médico e odontológico e de artigos ópticos,3250-7/05,Fabricação de materiais para medicina e odontologia
3250706,Seção,Serviços de prótese dentária,Divisão,FABRICAÇÃO DE PRODUTOS DIVERSOS,32.5,Fabricação de instrumentos e materiais para uso médico e odontológico e de artigos ópticos,32.50-7,Fabricação de instrumentos e materiais para uso médico e odontológico e de artigos ópticos,3250-7/06,Serviços de prótese dentária
3250707,Seção,Fabricação de artigos ópticos,Divisão,FABRICAÇÃO DE PRODUTOS DIVERSOS,32.5,Fabricação de instrumentos e materiais para uso médico e odontológico e de artigos ópticos,32.50-7,Fabricação de instrumentos e materiais para uso médico e odontológico e de artigos ópticos,3250-7/07,Fabricação de artigos ópticos
3250708,Seção,Fabricação de artefatos de tecido não tecido para uso odonto-médico-hospitalar,Divisão,FABRICAÇÃO DE PRODUTOS DIVERSOS,32.5,Fabricação de instrumentos e materiais para uso médico e odontológico e de artigos ópticos,32.50-7,Fabricação de instrumentos e materiais para uso médico e odontológico e de artigos ópticos,3250-7/08,Fabricação de artefatos de tecido não tecido para uso odonto-médico-hospitalar
3291400,Seção,"Fabricação de escovas, pincéis e vassouras",Divisão,FABRICAÇÃO DE PRODUTOS DIVERSOS,32.9,Fabricação de produtos diversos,32.91-4,"Fabricação de escovas, pincéis e vassouras",3291-4/00,"Fabricação de escovas, pincéis e vassouras"
3292201,Seção,Fabricação de roupas de proteção e segurança e resistentes a fogo,Divisão,FABRICAÇÃO DE PRODUTOS DIVERSOS,32.9,Fabricação de produtos diversos,32.92-2,Fabricação de equipamentos e acessórios para segurança e proteção pessoal e profissional,3292-2/01,Fabricação de roupas de proteção e segurança e resistentes a fogo
3292202,Seção,Fabricação de equipamentos e acessórios para segurança pessoal e profissional,Divisão,FABRICAÇÃO DE PRODUTOS DIVERSOS,32.9,Fabricação de produtos diversos,32.92-2,Fabricação de equipamentos e acessórios para segurança e proteção pessoal e profissional,3292-2/02,Fabricação de equipamentos e acessórios para segurança pessoal e profissional
3299001,Seção,Fabricação de guarda-chuvas e similares,Divisão,FABRICAÇÃO DE PRODUTOS DIVERSOS,32.9,Fabricação de produtos diversos,32.99-0,Fabricação de produtos diversos não especificados anteriormente,3299-0/01,Fabricação de guarda-chuvas e similares
3299002,Seção,"Fabricação de canetas, lápis e outros artigos para escritório",Divisão,FABRICAÇÃO DE PRODUTOS DIVERSOS,32.9,Fabricação de produtos diversos,32.99-0,Fabricação de produtos diversos não especificados anteriormente,3299-0/02,"Fabricação de canetas, lápis e outros artigos para escritório"
3299003,Seção,"Fabricação de letras, letreiros e placas de qualquer material, exceto luminosos",Divisão,FABRICAÇÃO DE PRODUTOS DIVERSOS,32.9,Fabricação de produtos diversos,32.99-0,Fabricação de produtos diversos não especificados anteriormente,3299-0/03,"Fabricação de letras, letreiros e placas de qualquer material, exceto luminosos"
3299004,Seção,Fabricação de painéis e letreiros luminosos,Divisão,FABRICAÇÃO DE PRODUTOS DIVERSOS,32.9,Fabricação de produtos diversos,32.99-0,Fabricação de produtos diversos não especificados anteriormente,3299-0/04,Fabricação de painéis e letreiros luminosos
3299005,Seção,Fabricação de aviamentos para costura,Divisão,FABRICAÇÃO DE PRODUTOS DIVERSOS,32.9,Fabricação de produtos diversos,32.99-0,Fabricação de produtos diversos não especificados anteriormente,3299-0/05,Fabricação de aviamentos para costura
3299099,Seção,Fabricação de produtos diversos não especificados anteriormente,Divisão,FABRICAÇÃO DE PRODUTOS DIVERSOS,32.9,Fabricação de produtos diversos,32.99-0,Fabricação de produtos diversos não especificados anteriormente,3299-0/99,Fabricação de produtos diversos não especificados anteriormente
3311200,Seção,"Manutenção e reparação de tanques, reservatórios metálicos e caldeiras, exceto para veículos",33,"MANUTENÇÃO, REPARAÇÃO E INSTALAÇÃO DE MÁQUINAS E EQUIPAMENTOS",33.1,Manutenção e reparação de máquinas e equipamentos,33.11-2,"Manutenção e reparação de tanques, reservatórios metálicos e caldeiras, exceto para veículos",3311-2/00,"Manutenção e reparação de tanques, reservatórios metálicos e caldeiras, exceto para veículos"
,Seção,Denominação,Divisão,"MANUTENÇÃO, REPARAÇÃO E INSTALAÇÃO DE MÁQUINAS E EQUIPAMENTOS",Grupo,Manutenção e reparação de máquinas e equipamentos,Classe,"Manutenção e reparação de tanques, reservatórios metálicos e caldeiras, exceto para veículos",Subclasse,
3312102,Seção,"Manutenção e reparação de aparelhos e instrumentos de medida, teste e controle",Divisão,"MANUTENÇÃO, REPARAÇÃO E INSTALAÇÃO DE MÁQUINAS E EQUIPAMENTOS",Grupo,Manutenção e reparação de máquinas e equipamentos,33.12-1,Manutenção e reparação de equipamentos eletrônicos e ópticos,3312-1/02,"Manutenção e reparação de aparelhos e instrumentos de medida, teste e controle"
3312103,Seção,Manutenção e reparação de aparelhos eletromédicos e eletroterapêuticos e equipamentos de irradiação,Divisão,"MANUTENÇÃO, REPARAÇÃO E INSTALAÇÃO DE MÁQUINAS E EQUIPAMENTOS",Grupo,Manutenção e reparação de máquinas e equipamentos,33.12-1,Manutenção e reparação de equipamentos eletrônicos e ópticos,3312-1/03,Manutenção e reparação de aparelhos eletromédicos e eletroterapêuticos e equipamentos de irradiação
3312104,Seção,Manutenção e reparação de equipamentos e instrumentos ópticos,Divisão,"MANUTENÇÃO, REPARAÇÃO E INSTALAÇÃO DE MÁQUINAS E EQUIPAMENTOS",Grupo,Manutenção e reparação de máquinas e equipamentos,33.12-1,Manutenção e reparação de equipamentos eletrônicos e ópticos,3312-1/04,Manutenção e reparação de equipamentos e instrumentos ópticos
3313901,Seção,"Manutenção e reparação de geradores, transformadores e motores elétricos",Divisão,"MANUTENÇÃO, REPARAÇÃO E INSTALAÇÃO DE MÁQUINAS E EQUIPAMENTOS",Grupo,Manutenção e reparação de máquinas e equipamentos,33.13-9,Manutenção e reparação de máquinas e equipamentos elétricos,3313-9/01,"Manutenção e reparação de geradores, transformadores e motores elétricos"
3313902,Seção,"Manutenção e reparação de baterias e acumuladores elétricos, exceto para veículos",Divisão,"MANUTENÇÃO, REPARAÇÃO E INSTALAÇÃO DE MÁQUINAS E EQUIPAMENTOS",Grupo,Manutenção e reparação de máquinas e equipamentos,33.13-9,Manutenção e reparação de máquinas e equipamentos elétricos,3313-9/02,"Manutenção e reparação de baterias e acumuladores elétricos, exceto para veículos"
3313999,Seção,"Manutenção e reparação de máquinas, aparelhos e materiais elétricos não especificados anteriormente",Divisão,"MANUTENÇÃO, REPARAÇÃO E INSTALAÇÃO DE MÁQUINAS E EQUIPAMENTOS",Grupo,Manutenção e reparação de máquinas e equipamentos,33.13-9,Manutenção e reparação de máquinas e equipamentos elétricos,3313-9/99,"Manutenção e reparação de máquinas, aparelhos e materiais elétricos não especificados anteriormente"
3314701,Seção,Manutenção e reparação de máquinas motrizes não-elétricas,Divisão,"MANUTENÇÃO, REPARAÇÃO E INSTALAÇÃO DE MÁQUINAS E EQUIPAMENTOS",Grupo,Manutenção e reparação de máquinas e equipamentos,33.14-7,Manutenção e reparação de máquinas e equipamentos da indústria mecânica,3314-7/01,Manutenção e reparação de máquinas motrizes não-elétricas
3314702,Seção,"Manutenção e reparação de equipamentos hidráulicos e pneumáticos, exceto válvulas",Divisão,"MANUTENÇÃO, REPARAÇÃO E INSTALAÇÃO DE MÁQUINAS E EQUIPAMENTOS",Grupo,Manutenção e reparação de máquinas e equipamentos,33.14-7,Manutenção e reparação de máquinas e equipamentos da indústria mecânica,3314-7/02,"Manutenção e reparação de equipamentos hidráulicos e pneumáticos, exceto válvulas"
3314703,Seção,Manutenção e reparação de válvulas industriais,Divisão,"MANUTENÇÃO, REPARAÇÃO E INSTALAÇÃO DE MÁQUINAS E EQUIPAMENTOS",Grupo,Manutenção e reparação de máquinas e equipamentos,33.14-7,Manutenção e reparação de máquinas e equipamentos da indústria mecânica,3314-7/03,Manutenção e reparação de válvulas industriais
3314704,Seção,Manutenção e reparação de compressores,Divisão,"MANUTENÇÃO, REPARAÇÃO E INSTALAÇÃO DE MÁQUINAS E EQUIPAMENTOS",Grupo,Manutenção e reparação de máquinas e equipamentos,33.14-7,Manutenção e reparação de máquinas e equipamentos da indústria mecânica,3314-7/04,Manutenção e reparação de compressores
3314705,Seção,Manutenção e reparação de equipamentos de transmissão para fins industriais,Divisão,"MANUTENÇÃO, REPARAÇÃO E INSTALAÇÃO DE MÁQUINAS E EQUIPAMENTOS",Grupo,Manutenção e reparação de máquinas e equipamentos,33.14-7,Manutenção e reparação de máquinas e equipamentos da indústria mecânica,3314-7/05,Manutenção e reparação de equipamentos de transmissão para fins industriais
3314706,Seção,"Manutenção e reparação de máquinas, aparelhos e equipamentos para instalações térmicas",Divisão,"MANUTENÇÃO, REPARAÇÃO E INSTALAÇÃO DE MÁQUINAS E EQUIPAMENTOS",Grupo,Manutenção e reparação de máquinas e equipamentos,33.14-7,Manutenção e reparação de máquinas e equipamentos da indústria mecânica,3314-7/06,"Manutenção e reparação de máquinas, aparelhos e equipamentos para instalações térmicas"
3314707,Seção,Manutenção e reparação de máquinas e aparelhos de refrigeração e ventilação para uso industrial e comercial,Divisão,"MANUTENÇÃO, REPARAÇÃO E INSTALAÇÃO DE MÁQUINAS E EQUIPAMENTOS",Grupo,Manutenção e reparação de máquinas e equipamentos,33.14-7,Manutenção e reparação de máquinas e equipamentos da indústria mecânica,3314-7/07,Manutenção e reparação de máquinas e aparelhos de refrigeração e ventilação para uso industrial e comercial
3314708,Seção,"Manutenção e reparação de máquinas, equipamentos e aparelhos para transporte e elevação de cargas",Divisão,"MANUTENÇÃO, REPARAÇÃO E INSTALAÇÃO DE MÁQUINAS E EQUIPAMENTOS",Grupo,Manutenção e reparação de máquinas e equipamentos,33.14-7,Manutenção e reparação de máquinas e equipamentos da indústria mecânica,3314-7/08,"Manutenção e reparação de máquinas, equipamentos e aparelhos para transporte e elevação de cargas"
3314709,Seção,"Manutenção e reparação de máquinas de escrever, calcular e de outros equipamentos não-eletrônicos para escritório",Divisão,"MANUTENÇÃO, REPARAÇÃO E INSTALAÇÃO DE MÁQUINAS E EQUIPAMENTOS",Grupo,Manutenção e reparação de máquinas e equipamentos,33.14-7,Manutenção e reparação de máquinas e equipamentos da indústria mecânica,3314-7/09,"Manutenção e reparação de máquinas de escrever, calcular e de outros equipamentos não-eletrônicos para escritório"
3314710,Seção,Manutenção e reparação de máquinas e equipamentos para uso geral não especificados anteriormente,Divisão,"MANUTENÇÃO, REPARAÇÃO E INSTALAÇÃO DE MÁQUINAS E EQUIPAMENTOS",Grupo,Manutenção e reparação de máquinas e equipamentos,33.14-7,Manutenção e reparação de máquinas e equipamentos da indústria mecânica,3314-7/10,Manutenção e reparação de máquinas e equipamentos para uso geral não especificados anteriormente
3314711,Seção,Manutenção e reparação de máquinas e equipamentos para agricultura e pecuária,Divisão,"MANUTENÇÃO, REPARAÇÃO E INSTALAÇÃO DE MÁQUINAS E EQUIPAMENTOS",Grupo,Manutenção e reparação de máquinas e equipamentos,33.14-7,Manutenção e reparação de máquinas e equipamentos da indústria mecânica,3314-7/11,Manutenção e reparação de máquinas e equipamentos para agricultura e pecuária
3314712,Seção,Manutenção e reparação de tratores agrícolas,Divisão,"MANUTENÇÃO, REPARAÇÃO E INSTALAÇÃO DE MÁQUINAS E EQUIPAMENTOS",Grupo,Manutenção e reparação de máquinas e equipamentos,33.14-7,Manutenção e reparação de máquinas e equipamentos da indústria mecânica,3314-7/12,Manutenção e reparação de tratores agrícolas
3314713,Seção,Manutenção e reparação de máquinas-ferramenta,Divisão,"MANUTENÇÃO, REPARAÇÃO E INSTALAÇÃO DE MÁQUINAS E EQUIPAMENTOS",Grupo,Manutenção e reparação de máquinas e equipamentos,33.14-7,Manutenção e reparação de máquinas e equipamentos da indústria mecânica,3314-7/13,Manutenção e reparação de máquinas-ferramenta
3314714,Seção,Manutenção e reparação de máquinas e equipamentos para a prospecção e extração de petróleo,Divisão,"MANUTENÇÃO, REPARAÇÃO E INSTALAÇÃO DE MÁQUINAS E EQUIPAMENTOS",Grupo,Manutenção e reparação de máquinas e equipamentos,33.14-7,Manutenção e reparação de máquinas e equipamentos da indústria mecânica,3314-7/14,Manutenção e reparação de máquinas e equipamentos para a prospecção e extração de petróleo
3314715,Seção,"Manutenção e reparação de máquinas e equipamentos para uso na extração mineral, exceto na extração de petróleo",Divisão,"MANUTENÇÃO, REPARAÇÃO E INSTALAÇÃO DE MÁQUINAS E EQUIPAMENTOS",Grupo,Manutenção e reparação de máquinas e equipamentos,33.14-7,Manutenção e reparação de máquinas e equipamentos da indústria mecânica,3314-7/15,"Manutenção e reparação de máquinas e equipamentos para uso na extração mineral, exceto na extração de petróleo"
3314716,Seção,"Manutenção e reparação de tratores, exceto agrícolas",Divisão,"MANUTENÇÃO, REPARAÇÃO E INSTALAÇÃO DE MÁQUINAS E EQUIPAMENTOS",Grupo,Manutenção e reparação de máquinas e equipamentos,33.14-7,Manutenção e reparação de máquinas e equipamentos da indústria mecânica,3314-7/16,"Manutenção e reparação de tratores, exceto agrícolas"
3314717,Seção,"Manutenção e reparação de máquinas e equipamentos de terraplenagem, pavimentação e construção, exceto tratores",Divisão,"MANUTENÇÃO, REPARAÇÃO E INSTALAÇÃO DE MÁQUINAS E EQUIPAMENTOS",Grupo,Manutenção e reparação de máquinas e equipamentos,33.14-7,Manutenção e reparação de máquinas e equipamentos da indústria mecânica,3314-7/17,"Manutenção e reparação de máquinas e equipamentos de terraplenagem, pavimentação e construção, exceto tratores"
3314718,Seção,"Manutenção e reparação de máquinas para a indústria metalúrgica, exceto máquinas-ferramenta",Divisão,"MANUTENÇÃO, REPARAÇÃO E INSTALAÇÃO DE MÁQUINAS E EQUIPAMENTOS",Grupo,Manutenção e reparação de máquinas e equipamentos,33.14-7,Manutenção e reparação de máquinas e equipamentos da indústria mecânica,3314-7/18,"Manutenção e reparação de máquinas para a indústria metalúrgica, exceto máquinas-ferramenta"
3314719,Seção,"Manutenção e reparação de máquinas e equipamentos para as indústrias de alimentos, bebidas e fumo",Divisão,"MANUTENÇÃO, REPARAÇÃO E INSTALAÇÃO DE MÁQUINAS E EQUIPAMENTOS",Grupo,Manutenção e reparação de máquinas e equipamentos,33.14-7,Manutenção e reparação de máquinas e equipamentos da indústria mecânica,3314-7/19,"Manutenção e reparação de máquinas e equipamentos para as indústrias de alimentos, bebidas e fumo"
3314720,Seção,"Manutenção e reparação de máquinas e equipamentos para a indústria têxtil, do vestuário, do couro e calçados",Divisão,"MANUTENÇÃO, REPARAÇÃO E INSTALAÇÃO DE MÁQUINAS E EQUIPAMENTOS",Grupo,Manutenção e reparação de máquinas e equipamentos,33.14-7,Manutenção e reparação de máquinas e equipamentos da indústria mecânica,3314-7/20,"Manutenção e reparação de máquinas e equipamentos para a indústria têxtil, do vestuário, do couro e calçados"
3314721,Seção,"Manutenção e reparação de máquinas e aparelhos para a indústria de celulose, papel e papelão e artefatos",Divisão,"MANUTENÇÃO, REPARAÇÃO E INSTALAÇÃO DE MÁQUINAS E EQUIPAMENTOS",Grupo,Manutenção e reparação de máquinas e equipamentos,33.14-7,Manutenção e reparação de máquinas e equipamentos da indústria mecânica,3314-7/21,"Manutenção e reparação de máquinas e aparelhos para a indústria de celulose, papel e papelão e artefatos"
,Seção,Denominação,Divisão,"MANUTENÇÃO, REPARAÇÃO E INSTALAÇÃO DE MÁQUINAS E EQUIPAMENTOS",Grupo,Manutenção e reparação de máquinas e equipamentos,Classe,Manutenção e reparação de máquinas e equipamentos da indústria mecânica,Subclasse,
3314722,Seção,Manutenção e reparação de máquinas e aparelhos para a indústria do plástico,Divisão,"MANUTENÇÃO, REPARAÇÃO E INSTALAÇÃO DE MÁQUINAS E EQUIPAMENTOS",Grupo,Manutenção e reparação de máquinas e equipamentos,Classe,Manutenção e reparação de máquinas e equipamentos da indústria mecânica,3314-7/22,Manutenção e reparação de máquinas e aparelhos para a indústria do plástico
3314799,Seção,Manutenção e reparação de outras máquinas e equipamentos para usos industriais não especificados anteriormente,Divisão,"MANUTENÇÃO, REPARAÇÃO E INSTALAÇÃO DE MÁQUINAS E EQUIPAMENTOS",Grupo,Manutenção e reparação de máquinas e equipamentos,Classe,Manutenção e reparação de máquinas e equipamentos da indústria mecânica,3314-7/99,Manutenção e reparação de outras máquinas e equipamentos para usos industriais não especificados anteriormente
3315500,Seção,Manutenção e reparação de veículos ferroviários,Divisão,"MANUTENÇÃO, REPARAÇÃO E INSTALAÇÃO DE MÁQUINAS E EQUIPAMENTOS",Grupo,Manutenção e reparação de máquinas e equipamentos,33.15-5,Manutenção e reparação de veículos ferroviários,3315-5/00,Manutenção e reparação de veículos ferroviários
3316301,Seção,"Manutenção e reparação de aeronaves, exceto a manutenção na pista",Divisão,"MANUTENÇÃO, REPARAÇÃO E INSTALAÇÃO DE MÁQUINAS E EQUIPAMENTOS",Grupo,Manutenção e reparação de máquinas e equipamentos,33.16-3,Manutenção e reparação de aeronaves,3316-3/01,"Manutenção e reparação de aeronaves, exceto a manutenção na pista"
3316302,Seção,Manutenção de aeronaves na pista,Divisão,"MANUTENÇÃO, REPARAÇÃO E INSTALAÇÃO DE MÁQUINAS E EQUIPAMENTOS",Grupo,Manutenção e reparação de máquinas e equipamentos,33.16-3,Manutenção e reparação de aeronaves,3316-3/02,Manutenção de aeronaves na pista
3317101,Seção,Manutenção e reparação de embarcações e estruturas flutuantes,Divisão,"MANUTENÇÃO, REPARAÇÃO E INSTALAÇÃO DE MÁQUINAS E EQUIPAMENTOS",Grupo,Manutenção e reparação de máquinas e equipamentos,33.17-1,Manutenção e reparação de embarcações,3317-1/01,Manutenção e reparação de embarcações e estruturas flutuantes
3317102,Seção,Manutenção e reparação de embarcações para esporte e lazer,Divisão,"MANUTENÇÃO, REPARAÇÃO E INSTALAÇÃO DE MÁQUINAS E EQUIPAMENTOS",Grupo,Manutenção e reparação de máquinas e equipamentos,33.17-1,Manutenção e reparação de embarcações,3317-1/02,Manutenção e reparação de embarcações para esporte e lazer
3319800,Seção,Manutenção e reparação de equipamentos e produtos não especificados anteriormente,Divisão,"MANUTENÇÃO, REPARAÇÃO E INSTALAÇÃO DE MÁQUINAS E EQUIPAMENTOS",Grupo,Manutenção e reparação de máquinas e equipamentos,33.19-8,Manutenção e reparação de equipamentos e produtos não especificados anteriormente,3319-8/00,Manutenção e reparação de equipamentos e produtos não especificados anteriormente
3321000,Seção,Instalação de máquinas e equipamentos industriais,Divisão,"MANUTENÇÃO, REPARAÇÃO E INSTALAÇÃO DE MÁQUINAS E EQUIPAMENTOS",33.2,Instalação de máquinas e equipamentos,33.21-0,Instalação de máquinas e equipamentos industriais,3321-0/00,Instalação de máquinas e equipamentos industriais
3329501,Seção,Serviços de montagem de móveis de qualquer material,Divisão,"MANUTENÇÃO, REPARAÇÃO E INSTALAÇÃO DE MÁQUINAS E EQUIPAMENTOS",33.2,Instalação de máquinas e equipamentos,33.29-5,Instalação de equipamentos não especificados anteriormente,3329-5/01,Serviços de montagem de móveis de qualquer material
3329599,Seção,Instalação de outros equipamentos não especificados anteriormente,Divisão,"MANUTENÇÃO, REPARAÇÃO E INSTALAÇÃO DE MÁQUINAS E EQUIPAMENTOS",33.2,Instalação de máquinas e equipamentos,33.29-5,Instalação de equipamentos não especificados anteriormente,3329-5/99,Instalação de outros equipamentos não especificados anteriormente
3511500,D,Geração de energia elétrica,35,"ELETRICIDADE, GÁS E OUTRAS UTILIDADES",35.1,"Geração, transmissão e distribuição de energia elétrica",35.11-5,Geração de energia elétrica,3511-5/00,Geração de energia elétrica
3512300,D,Transmissão de energia elétrica,35,"ELETRICIDADE, GÁS E OUTRAS UTILIDADES",35.1,"Geração, transmissão e distribuição de energia elétrica",35.12-3,Transmissão de energia elétrica,3512-3/00,Transmissão de energia elétrica
3513100,D,Comércio atacadista de energia elétrica,35,"ELETRICIDADE, GÁS E OUTRAS UTILIDADES",35.1,"Geração, transmissão e distribuição de energia elétrica",35.13-1,Comércio atacadista de energia elétrica,3513-1/00,Comércio atacadista de energia elétrica
3514000,D,Distribuição de energia elétrica,35,"ELETRICIDADE, GÁS E OUTRAS UTILIDADES",35.1,"Geração, transmissão e distribuição de energia elétrica",35.14-0,Distribuição de energia elétrica,3514-0/00,Distribuição de energia elétrica
3520401,D,Produção de gás; processamento de gás natural,35,"ELETRICIDADE, GÁS E OUTRAS UTILIDADES",35.2,Produção e distribuição de combustíveis gasosos por redes urbanas,35.20-4,Produção de gás; processamento de gás natural; distribuição de combustíveis gasosos por redes urbanas,3520-4/01,Produção de gás; processamento de gás natural
3520402,D,Distribuição de combustíveis gasosos por redes urbanas,35,"ELETRICIDADE, GÁS E OUTRAS UTILIDADES",35.2,Produção e distribuição de combustíveis gasosos por redes urbanas,35.20-4,Produção de gás; processamento de gás natural; distribuição de combustíveis gasosos por redes urbanas,3520-4/02,Distribuição de combustíveis gasosos por redes urbanas
3530100,D,"Produção e distribuição de vapor, água quente e ar condicionado",35,"ELETRICIDADE, GÁS E OUTRAS UTILIDADES",35.3,"Produção e distribuição de vapor, água quente e ar condicionado",35.30-1,"Produção e distribuição de vapor, água quente e ar condicionado",3530-1/00,"Produção e distribuição de vapor, água quente e ar condicionado"
,Seção,Denominação,Divisão,"CAPTAÇÃO, TRATAMENTO E DISTRIBUIÇÃO DE ÁGUA",Grupo,"Captação, tratamento e distribuição de água",Classe,"Captação, tratamento e distribuição de água",Subclasse,
3600601,Seção,"Captação, tratamento e distribuição de água",Divisão,"CAPTAÇÃO, TRATAMENTO E DISTRIBUIÇÃO DE ÁGUA",Grupo,"Captação, tratamento e distribuição de água",Classe,"Captação, tratamento e distribuição de água",3600-6/01,"Captação, tratamento e distribuição de água"
3600602,Seção,Distribuição de água por caminhões,Divisão,"CAPTAÇÃO, TRATAMENTO E DISTRIBUIÇÃO DE ÁGUA",Grupo,"Captação, tratamento e distribuição de água",Classe,"Captação, tratamento e distribuição de água",3600-6/02,Distribuição de água por caminhões
3701100,Seção,Gestão de redes de esgoto,37,ESGOTO E ATIVIDADES RELACIONADAS,37.0,Esgoto e atividades relacionadas,37.01-1,Gestão de redes de esgoto,3701-1/00,Gestão de redes de esgoto
3702900,Seção,"Atividades relacionadas a esgoto, exceto a gestão de redes",37,ESGOTO E ATIVIDADES RELACIONADAS,37.0,Esgoto e atividades relacionadas,37.02-9,"Atividades relacionadas a esgoto, exceto a gestão de redes",3702-9/00,"Atividades relacionadas a esgoto, exceto a gestão de redes"
3811400,Seção,Coleta de resíduos não-perigosos,38,"COLETA, TRATAMENTO E DISPOSIÇÃO DE RESÍDUOS; RECUPERAÇÃO DE MATERIAIS",38.1,Coleta de resíduos,38.11-4,Coleta de resíduos não-perigosos,3811-4/00,Coleta de resíduos não-perigosos
3812200,Seção,Coleta de resíduos perigosos,38,"COLETA, TRATAMENTO E DISPOSIÇÃO DE RESÍDUOS; RECUPERAÇÃO DE MATERIAIS",38.1,Coleta de resíduos,38.12-2,Coleta de resíduos perigosos,3812-2/00,Coleta de resíduos perigosos
3821100,Seção,Tratamento e disposição de resíduos não-perigosos,38,"COLETA, TRATAMENTO E DISPOSIÇÃO DE RESÍDUOS; RECUPERAÇÃO DE MATERIAIS",38.2,Tratamento e disposição de resíduos,38.21-1,Tratamento e disposição de resíduos não-perigosos,3821-1/00,Tratamento e disposição de resíduos não-perigosos
3822000,Seção,Tratamento e disposição de resíduos perigosos,38,"COLETA, TRATAMENTO E DISPOSIÇÃO DE RESÍDUOS; RECUPERAÇÃO DE MATERIAIS",38.2,Tratamento e disposição de resíduos,38.22-0,Tratamento e disposição de resíduos perigosos,3822-0/00,Tratamento e disposição de resíduos perigosos
3831901,Seção,Recuperação de sucatas de alumínio,38,"COLETA, TRATAMENTO E DISPOSIÇÃO DE RESÍDUOS; RECUPERAÇÃO DE MATERIAIS",38.3,Recuperação de materiais,38.31-9,Recuperação de materiais metálicos,3831-9/01,Recuperação de sucatas de alumínio
3831999,Seção,"Recuperação de materiais metálicos, exceto alumínio",38,"COLETA, TRATAMENTO E DISPOSIÇÃO DE RESÍDUOS; RECUPERAÇÃO DE MATERIAIS",38.3,Recuperação de materiais,38.31-9,Recuperação de materiais metálicos,3831-9/99,"Recuperação de materiais metálicos, exceto alumínio"
3832700,Seção,Recuperação de materiais plásticos,38,"COLETA, TRATAMENTO E DISPOSIÇÃO DE RESÍDUOS; RECUPERAÇÃO DE MATERIAIS",38.3,Recuperação de materiais,38.32-7,Recuperação de materiais plásticos,3832-7/00,Recuperação de materiais plásticos
3839401,Seção,Usinas de compostagem,38,"COLETA, TRATAMENTO E DISPOSIÇÃO DE RESÍDUOS; RECUPERAÇÃO DE MATERIAIS",38.3,Recuperação de materiais,38.39-4,Recuperação de materiais não especificados anteriormente,3839-4/01,Usinas de compostagem
3839499,Seção,Recuperação de materiais não especificados anteriormente,38,"COLETA, TRATAMENTO E DISPOSIÇÃO DE RESÍDUOS; RECUPERAÇÃO DE MATERIAIS",38.3,Recuperação de materiais,38.39-4,Recuperação de materiais não especificados anteriormente,3839-4/99,Recuperação de materiais não especificados anteriormente
3900500,Seção,Descontaminação e outros serviços de gestão de resíduos,39,DESCONTAMINAÇÃO E OUTROS SERVIÇOS DE GESTÃO DE RESÍDUOS,39.0,Descontaminação e outros serviços de gestão de resíduos,39.00-5,Descontaminação e outros serviços de gestão de resíduos,3900-5/00,Descontaminação e outros serviços de gestão de resíduos
4110700,F,Incorporação de empreendimentos imobiliários,41,CONSTRUÇÃO DE EDIFÍCIOS,41.1,Incorporação de empreendimentos imobiliários,41.10-7,Incorporação de empreendimentos imobiliários,4110-7/00,Incorporação de empreendimentos imobiliários
4120400,F,Construção de edifícios,41,CONSTRUÇÃO DE EDIFÍCIOS,41.2,Construção de edifícios,41.20-4,Construção de edifícios,4120-4/00,Construção de edifícios
4211101,F,Construção de rodovias e ferrovias,42,OBRAS DE INFRA-ESTRUTURA,42.1,"Construção de rodovias, ferrovias, obras urbanas e obras-de-arte especiais",42.11-1,Construção de rodovias e ferrovias,4211-1/01,Construção de rodovias e ferrovias
4211102,F,Pintura para sinalização em pistas rodoviárias e aeroportos,42,OBRAS DE INFRA-ESTRUTURA,42.1,"Construção de rodovias, ferrovias, obras urbanas e obras-de-arte especiais",42.11-1,Construção de rodovias e ferrovias,4211-1/02,Pintura para sinalização em pistas rodoviárias e aeroportos
4212000,F,Construção de obras-de-arte especiais,42,OBRAS DE INFRA-ESTRUTURA,42.1,"Construção de rodovias, ferrovias, obras urbanas e obras-de-arte especiais",42.12-0,Construção de obras-de-arte especiais,4212-0/00,Construção de obras-de-arte especiais
4213800,F,"Obras de urbanização - ruas, praças e calçadas",42,OBRAS DE INFRA-ESTRUTURA,42.1,"Construção de rodovias, ferrovias, obras urbanas e obras-de-arte especiais",42.13-8,"Obras de urbanização - ruas, praças e calçadas",4213-8/00,"Obras de urbanização - ruas, praças e calçadas"
,Seção,Denominação,Divisão,OBRAS DE INFRA-ESTRUTURA,Grupo,"Obras de infra-estrutura para energia elétrica, telecomunicações, água, esgoto e transporte por dutos",Classe,"Obras de urbanização - ruas, praças e calçadas",Subclasse,
4221901,Seção,Construção de barragens e represas para geração de energia elétrica,Divisão,OBRAS DE INFRA-ESTRUTURA,Grupo,"Obras de infra-estrutura para energia elétrica, telecomunicações, água, esgoto e transporte por dutos",42.21-9,Obras para geração e distribuição de energia elétrica e para telecomunicações,4221-9/01,Construção de barragens e represas para geração de energia elétrica
4221902,Seção,Construção de estações e redes de distribuição de energia elétrica,Divisão,OBRAS DE INFRA-ESTRUTURA,Grupo,"Obras de infra-estrutura para energia elétrica, telecomunicações, água, esgoto e transporte por dutos",42.21-9,Obras para geração e distribuição de energia elétrica e para telecomunicações,4221-9/02,Construção de estações e redes de distribuição de energia elétrica
4221903,Seção,Manutenção de redes de distribuição de energia elétrica,Divisão,OBRAS DE INFRA-ESTRUTURA,Grupo,"Obras de infra-estrutura para energia elétrica, telecomunicações, água, esgoto e transporte por dutos",42.21-9,Obras para geração e distribuição de energia elétrica e para telecomunicações,4221-9/03,Manutenção de redes de distribuição de energia elétrica
4221904,Seção,Construção de estações e redes de telecomunicações,Divisão,OBRAS DE INFRA-ESTRUTURA,Grupo,"Obras de infra-estrutura para energia elétrica, telecomunicações, água, esgoto e transporte por dutos",42.21-9,Obras para geração e distribuição de energia elétrica e para telecomunicações,4221-9/04,Construção de estações e redes de telecomunicações
4221905,Seção,Manutenção de estações e redes de telecomunicações,Divisão,OBRAS DE INFRA-ESTRUTURA,Grupo,"Obras de infra-estrutura para energia elétrica, telecomunicações, água, esgoto e transporte por dutos",42.21-9,Obras para geração e distribuição de energia elétrica e para telecomunicações,4221-9/05,Manutenção de estações e redes de telecomunicações
4222701,Seção,"Construção de redes de abastecimento de água, coleta de esgoto e construções correlatas, exceto obras de irrigação",Divisão,OBRAS DE INFRA-ESTRUTURA,Grupo,"Obras de infra-estrutura para energia elétrica, telecomunicações, água, esgoto e transporte por dutos",42.22-7,"Construção de redes de abastecimento de água, coleta de esgoto e construções correlatas",4222-7/01,"Construção de redes de abastecimento de água, coleta de esgoto e construções correlatas, exceto obras de irrigação"
4222702,Seção,Obras de irrigação,Divisão,OBRAS DE INFRA-ESTRUTURA,Grupo,"Obras de infra-estrutura para energia elétrica, telecomunicações, água, esgoto e transporte por dutos",42.22-7,"Construção de redes de abastecimento de água, coleta de esgoto e construções correlatas",4222-7/02,Obras de irrigação
4223500,Seção,"Construção de redes de transportes por dutos, exceto para água e esgoto",Divisão,OBRAS DE INFRA-ESTRUTURA,Grupo,"Obras de infra-estrutura para energia elétrica, telecomunicações, água, esgoto e transporte por dutos",42.23-5,"Construção de redes de transportes por dutos, exceto para água e esgoto",4223-5/00,"Construção de redes de transportes por dutos, exceto para água e esgoto"
4291000,Seção,"Obras portuárias, marítimas e fluviais",Divisão,OBRAS DE INFRA-ESTRUTURA,42.9,Construção de outras obras de infra-estrutura,42.91-0,"Obras portuárias, marítimas e fluviais",4291-0/00,"Obras portuárias, marítimas e fluviais"
4292801,Seção,Montagem de estruturas metálicas,Divisão,OBRAS DE INFRA-ESTRUTURA,42.9,Construção de outras obras de infra-estrutura,42.92-8,Montagem de instalações industriais e de estruturas metálicas,4292-8/01,Montagem de estruturas metálicas
4292802,Seção,Obras de montagem industrial,Divisão,OBRAS DE INFRA-ESTRUTURA,42.9,Construção de outras obras de infra-estrutura,42.92-8,Montagem de instalações industriais e de estruturas metálicas,4292-8/02,Obras de montagem industrial
4299501,Seção,Construção de instalações esportivas e recreativas,Divisão,OBRAS DE INFRA-ESTRUTURA,42.9,Construção de outras obras de infra-estrutura,42.99-5,Obras de engenharia civil não especificadas anteriormente,4299-5/01,Construção de instalações esportivas e recreativas
4299599,Seção,Outras obras de engenharia civil não especificadas anteriormente,Divisão,OBRAS DE INFRA-ESTRUTURA,42.9,Construção de outras obras de infra-estrutura,42.99-5,Obras de engenharia civil não especificadas anteriormente,4299-5/99,Outras obras de engenharia civil não especificadas anteriormente
4311801,Seção,Demolição de edifícios e outras estruturas,43,SERVIÇOS ESPECIALIZADOS PARA CONSTRUÇÃO,43.1,Demolição e preparação do terreno,43.11-8,Demolição e preparação de canteiros de obras,4311-8/01,Demolição de edifícios e outras estruturas
4311802,Seção,Preparação de canteiro e limpeza de terreno,43,SERVIÇOS ESPECIALIZADOS PARA CONSTRUÇÃO,43.1,Demolição e preparação do terreno,43.11-8,Demolição e preparação de canteiros de obras,4311-8/02,Preparação de canteiro e limpeza de terreno
4312600,Seção,Perfurações e sondagens,43,SERVIÇOS ESPECIALIZADOS PARA CONSTRUÇÃO,43.1,Demolição e preparação do terreno,43.12-6,Perfurações e sondagens,4312-6/00,Perfurações e sondagens
4313400,Seção,Obras de terraplenagem,43,SERVIÇOS ESPECIALIZADOS PARA CONSTRUÇÃO,43.1,Demolição e preparação do terreno,43.13-4,Obras de terraplenagem,4313-4/00,Obras de terraplenagem
4319300,Seção,Serviços de preparação do terreno não especificados anteriormente,43,SERVIÇOS ESPECIALIZADOS PARA CONSTRUÇÃO,43.1,Demolição e preparação do terreno,43.19-3,Serviços de preparação do terreno não especificados anteriormente,4319-3/00,Serviços de preparação do terreno não especificados anteriormente
4321500,Seção,Instalação e manutenção elétrica,43,SERVIÇOS ESPECIALIZADOS PARA CONSTRUÇÃO,43.2,"Instalações elétricas, hidráulicas e outras instalações em construções",43.21-5,Instalações elétricas,4321-5/00,Instalação e manutenção elétrica
4322301,Seção,"Instalações hidráulicas, sanitárias e de gás",43,SERVIÇOS ESPECIALIZADOS PARA CONSTRUÇÃO,43.2,"Instalações elétricas, hidráulicas e outras instalações em construções",43.22-3,"Instalações hidráulicas, de sistemas de ventilação e refrigeração",4322-3/01,"Instalações hidráulicas, sanitárias e de gás"
4322302,Seção,"Instalação e manutenção de sistemas centrais de ar condicionado, de ventilação e refrigeração",43,SERVIÇOS ESPECIALIZADOS PARA CONSTRUÇÃO,43.2,"Instalações elétricas, hidráulicas e outras instalações em construções",43.22-3,"Instalações hidráulicas, de sistemas de ventilação e refrigeração",4322-3/02,"Instalação e manutenção de sistemas centrais de ar condicionado, de ventilação e refrigeração"
4322303,Seção,Instalações de sistema de prevenção contra incêndio,43,SERVIÇOS ESPECIALIZADOS PARA CONSTRUÇÃO,43.2,"Instalações elétricas, hidráulicas e outras instalações em construções",43.22-3,"Instalações hidráulicas, de sistemas de ventilação e refrigeração",4322-3/03,Instalações de sistema de prevenção contra incêndio
4329101,Seção,Instalação de painéis publicitários,43,SERVIÇOS ESPECIALIZADOS PARA CONSTRUÇÃO,43.2,"Instalações elétricas, hidráulicas e outras instalações em construções",43.29-1,Obras de instalações em construções não especificadas anteriormente,4329-1/01,Instalação de painéis publicitários
,Seção,Denominação,Divisão,SERVIÇOS ESPECIALIZADOS PARA CONSTRUÇÃO,Grupo,"Instalações elétricas, hidráulicas e outras instalações em construções",Classe,Obras de instalações em construções não especificadas anteriormente,Subclasse,
4329102,Seção,"Instalação de equipamentos para orientação à navegação marítima, fluvial e lacustre",Divisão,SERVIÇOS ESPECIALIZADOS PARA CONSTRUÇÃO,Grupo,"Instalações elétricas, hidráulicas e outras instalações em construções",Classe,Obras de instalações em construções não especificadas anteriormente,4329-1/02,"Instalação de equipamentos para orientação à navegação marítima, fluvial e lacustre"
4329103,Seção,"Instalação, manutenção e reparação de elevadores, escadas e esteiras rolantes, exceto de fabricação própria",Divisão,SERVIÇOS ESPECIALIZADOS PARA CONSTRUÇÃO,Grupo,"Instalações elétricas, hidráulicas e outras instalações em construções",Classe,Obras de instalações em construções não especificadas anteriormente,4329-1/03,"Instalação, manutenção e reparação de elevadores, escadas e esteiras rolantes, exceto de fabricação própria"
4329104,Seção,"Montagem e instalação de sistemas e equipamentos de iluminação e sinalização em vias públicas, portos e aeroportos",Divisão,SERVIÇOS ESPECIALIZADOS PARA CONSTRUÇÃO,Grupo,"Instalações elétricas, hidráulicas e outras instalações em construções",Classe,Obras de instalações em construções não especificadas anteriormente,4329-1/04,"Montagem e instalação de sistemas e equipamentos de iluminação e sinalização em vias públicas, portos e aeroportos"
4329105,Seção,"Tratamentos térmicos, acústicos ou de vibração",Divisão,SERVIÇOS ESPECIALIZADOS PARA CONSTRUÇÃO,Grupo,"Instalações elétricas, hidráulicas e outras instalações em construções",Classe,Obras de instalações em construções não especificadas anteriormente,4329-1/05,"Tratamentos térmicos, acústicos ou de vibração"
4329199,Seção,Outras obras de instalações em construções não especificadas anteriormente,Divisão,SERVIÇOS ESPECIALIZADOS PARA CONSTRUÇÃO,Grupo,"Instalações elétricas, hidráulicas e outras instalações em construções",Classe,Obras de instalações em construções não especificadas anteriormente,4329-1/99,Outras obras de instalações em construções não especificadas anteriormente
4330401,Seção,Impermeabilização em obras de engenharia civil,Divisão,SERVIÇOS ESPECIALIZADOS PARA CONSTRUÇÃO,43.3,Obras de acabamento,43.30-4,Obras de acabamento,4330-4/01,Impermeabilização em obras de engenharia civil
4330402,Seção,"Instalação de portas, janelas, tetos, divisórias e armários embutidos de qualquer material",Divisão,SERVIÇOS ESPECIALIZADOS PARA CONSTRUÇÃO,43.3,Obras de acabamento,43.30-4,Obras de acabamento,4330-4/02,"Instalação de portas, janelas, tetos, divisórias e armários embutidos de qualquer material"
4330403,Seção,Obras de acabamento em gesso e estuque,Divisão,SERVIÇOS ESPECIALIZADOS PARA CONSTRUÇÃO,43.3,Obras de acabamento,43.30-4,Obras de acabamento,4330-4/03,Obras de acabamento em gesso e estuque
4330404,Seção,Serviços de pintura de edifícios em geral,Divisão,SERVIÇOS ESPECIALIZADOS PARA CONSTRUÇÃO,43.3,Obras de acabamento,43.30-4,Obras de acabamento,4330-4/04,Serviços de pintura de edifícios em geral
4330405,Seção,Aplicação de revestimentos e de resinas em interiores e exteriores,Divisão,SERVIÇOS ESPECIALIZADOS PARA CONSTRUÇÃO,43.3,Obras de acabamento,43.30-4,Obras de acabamento,4330-4/05,Aplicação de revestimentos e de resinas em interiores e exteriores
4330499,Seção,Outras obras de acabamento da construção,Divisão,SERVIÇOS ESPECIALIZADOS PARA CONSTRUÇÃO,43.3,Obras de acabamento,43.30-4,Obras de acabamento,4330-4/99,Outras obras de acabamento da construção
4391600,Seção,Obras de fundações,Divisão,SERVIÇOS ESPECIALIZADOS PARA CONSTRUÇÃO,43.9,Outros serviços especializados para construção,43.91-6,Obras de fundações,4391-6/00,Obras de fundações
4399101,Seção,Administração de obras,Divisão,SERVIÇOS ESPECIALIZADOS PARA CONSTRUÇÃO,43.9,Outros serviços especializados para construção,43.99-1,Serviços especializados para construção não especificados anteriormente,4399-1/01,Administração de obras
4399102,Seção,Montagem e desmontagem de andaimes e outras estruturas temporárias,Divisão,SERVIÇOS ESPECIALIZADOS PARA CONSTRUÇÃO,43.9,Outros serviços especializados para construção,43.99-1,Serviços especializados para construção não especificados anteriormente,4399-1/02,Montagem e desmontagem de andaimes e outras estruturas temporárias
4399103,Seção,Obras de alvenaria,Divisão,SERVIÇOS ESPECIALIZADOS PARA CONSTRUÇÃO,43.9,Outros serviços especializados para construção,43.99-1,Serviços especializados para construção não especificados anteriormente,4399-1/03,Obras de alvenaria
4399104,Seção,Serviços de operação e fornecimento de equipamentos para transporte e elevação de cargas e pessoas para uso em obras,Divisão,SERVIÇOS ESPECIALIZADOS PARA CONSTRUÇÃO,43.9,Outros serviços especializados para construção,43.99-1,Serviços especializados para construção não especificados anteriormente,4399-1/04,Serviços de operação e fornecimento de equipamentos para transporte e elevação de cargas e pessoas para uso em obras
4399105,Seção,Perfuração e construção de poços de água,Divisão,SERVIÇOS ESPECIALIZADOS PARA CONSTRUÇÃO,43.9,Outros serviços especializados para construção,43.99-1,Serviços especializados para construção não especificados anteriormente,4399-1/05,Perfuração e construção de poços de água
4399199,Seção,Serviços especializados para construção não especificados anteriormente,Divisão,SERVIÇOS ESPECIALIZADOS PARA CONSTRUÇÃO,43.9,Outros serviços especializados para construção,43.99-1,Serviços especializados para construção não especificados anteriormente,4399-1/99,Serviços especializados para construção não especificados anteriormente
4511101,G,"Comércio a varejo de automóveis, camionetas e utilitários novos",45,COMÉRCIO E REPARAÇÃO DE VEÍCULOS AUTOMOTORES E MOTOCICLETAS,45.1,Comércio de veículos automotores,45.11-1,Comércio a varejo e por atacado de veículos automotores,4511-1/01,"Comércio a varejo de automóveis, camionetas e utilitários novos"
4511102,G,"Comércio a varejo de automóveis, camionetas e utilitários usados",45,COMÉRCIO E REPARAÇÃO DE VEÍCULOS AUTOMOTORES E MOTOCICLETAS,45.1,Comércio de veículos automotores,45.11-1,Comércio a varejo e por atacado de veículos automotores,4511-1/02,"Comércio a varejo de automóveis, camionetas e utilitários usados"
4511103,G,"Comércio por atacado de automóveis, camionetas e utilitários novos e usados",45,COMÉRCIO E REPARAÇÃO DE VEÍCULOS AUTOMOTORES E MOTOCICLETAS,45.1,Comércio de veículos automotores,45.11-1,Comércio a varejo e por atacado de veículos automotores,4511-1/03,"Comércio por atacado de automóveis, camionetas e utilitários novos e usados"
4511104,G,Comércio por atacado de caminhões novos e usados,45,COMÉRCIO E REPARAÇÃO DE VEÍCULOS AUTOMOTORES E MOTOCICLETAS,45.1,Comércio de veículos automotores,45.11-1,Comércio a varejo e por atacado de veículos automotores,4511-1/04,Comércio por atacado de caminhões novos e usados
4511105,G,Comércio por atacado de reboques e semi-reboques novos e usados,45,COMÉRCIO E REPARAÇÃO DE VEÍCULOS AUTOMOTORES E MOTOCICLETAS,45.1,Comércio de veículos automotores,45.11-1,Comércio a varejo e por atacado de veículos automotores,4511-1/05,Comércio por atacado de reboques e semi-reboques novos e usados
4511106,G,Comércio por atacado de ônibus e microônibus novos e usados,45,COMÉRCIO E REPARAÇÃO DE VEÍCULOS AUTOMOTORES E MOTOCICLETAS,45.1,Comércio de veículos automotores,45.11-1,Comércio a varejo e por atacado de veículos automotores,4511-1/06,Comércio por atacado de ônibus e microônibus novos e usados
4512901,G,Representantes comerciais e agentes do comércio de veículos automotores,45,COMÉRCIO E REPARAÇÃO DE VEÍCULOS AUTOMOTORES E MOTOCICLETAS,45.1,Comércio de veículos automotores,45.12-9,Representantes comerciais e agentes do comércio de veículos automotores,4512-9/01,Representantes comerciais e agentes do comércio de veículos automotores
4512902,G,Comércio sob consignação de veículos automotores,45,COMÉRCIO E REPARAÇÃO DE VEÍCULOS AUTOMOTORES E MOTOCICLETAS,45.1,Comércio de veículos automotores,45.12-9,Representantes comerciais e agentes do comércio de veículos automotores,4512-9/02,Comércio sob consignação de veículos automotores
,Seção,Denominação,Divisão,COMÉRCIO E REPARAÇÃO DE VEÍCULOS AUTOMOTORES E MOTOCICLETAS,Grupo,Manutenção e reparação de veículos automotores,Classe,Representantes comerciais e agentes do comércio de veículos automotores,Subclasse,
4520001,Seção,Serviços de manutenção e reparação mecânica de veículos automotores,Divisão,COMÉRCIO E REPARAÇÃO DE VEÍCULOS AUTOMOTORES E MOTOCICLETAS,Grupo,Manutenção e reparação de veículos automotores,45.20-0,Manutenção e reparação de veículos automotores,4520-0/01,Serviços de manutenção e reparação mecânica de veículos automotores
4520002,Seção,Serviços de lanternagem ou funilaria e pintura de veículos automotores,Divisão,COMÉRCIO E REPARAÇÃO DE VEÍCULOS AUTOMOTORES E MOTOCICLETAS,Grupo,Manutenção e reparação de veículos automotores,45.20-0,Manutenção e reparação de veículos automotores,4520-0/02,Serviços de lanternagem ou funilaria e pintura de veículos automotores
4520003,Seção,Serviços de manutenção e reparação elétrica de veículos automotores,Divisão,COMÉRCIO E REPARAÇÃO DE VEÍCULOS AUTOMOTORES E MOTOCICLETAS,Grupo,Manutenção e reparação de veículos automotores,45.20-0,Manutenção e reparação de veículos automotores,4520-0/03,Serviços de manutenção e reparação elétrica de veículos automotores
4520004,Seção,Serviços de alinhamento e balanceamento de veículos automotores,Divisão,COMÉRCIO E REPARAÇÃO DE VEÍCULOS AUTOMOTORES E MOTOCICLETAS,Grupo,Manutenção e reparação de veículos automotores,45.20-0,Manutenção e reparação de veículos automotores,4520-0/04,Serviços de alinhamento e balanceamento de veículos automotores
4520005,Seção,"Serviços de lavagem, lubrificação e polimento de veículos automotores",Divisão,COMÉRCIO E REPARAÇÃO DE VEÍCULOS AUTOMOTORES E MOTOCICLETAS,Grupo,Manutenção e reparação de veículos automotores,45.20-0,Manutenção e reparação de veículos automotores,4520-0/05,"Serviços de lavagem, lubrificação e polimento de veículos automotores"
4520006,Seção,Serviços de borracharia para veículos automotores,Divisão,COMÉRCIO E REPARAÇÃO DE VEÍCULOS AUTOMOTORES E MOTOCICLETAS,Grupo,Manutenção e reparação de veículos automotores,45.20-0,Manutenção e reparação de veículos automotores,4520-0/06,Serviços de borracharia para veículos automotores
4520007,Seção,"Serviços de instalação, manutenção e reparação de acessórios para veículos automotores",Divisão,COMÉRCIO E REPARAÇÃO DE VEÍCULOS AUTOMOTORES E MOTOCICLETAS,Grupo,Manutenção e reparação de veículos automotores,45.20-0,Manutenção e reparação de veículos automotores,4520-0/07,"Serviços de instalação, manutenção e reparação de acessórios para veículos automotores"
4530701,Seção,Comércio por atacado de peças e acessórios novos para veículos automotores,Divisão,COMÉRCIO E REPARAÇÃO DE VEÍCULOS AUTOMOTORES E MOTOCICLETAS,45.3,Comércio de peças e acessórios para veículos automotores,45.30-7,Comércio de peças e acessórios para veículos automotores,4530-7/01,Comércio por atacado de peças e acessórios novos para veículos automotores
4530702,Seção,Comércio por atacado de pneumáticos e câmaras-de-ar,Divisão,COMÉRCIO E REPARAÇÃO DE VEÍCULOS AUTOMOTORES E MOTOCICLETAS,45.3,Comércio de peças e acessórios para veículos automotores,45.30-7,Comércio de peças e acessórios para veículos automotores,4530-7/02,Comércio por atacado de pneumáticos e câmaras-de-ar
4530703,Seção,Comércio a varejo de peças e acessórios novos para veículos automotores,Divisão,COMÉRCIO E REPARAÇÃO DE VEÍCULOS AUTOMOTORES E MOTOCICLETAS,45.3,Comércio de peças e acessórios para veículos automotores,45.30-7,Comércio de peças e acessórios para veículos automotores,4530-7/03,Comércio a varejo de peças e acessórios novos para veículos automotores
4530704,Seção,Comércio a varejo de peças e acessórios usados para veículos automotores,Divisão,COMÉRCIO E REPARAÇÃO DE VEÍCULOS AUTOMOTORES E MOTOCICLETAS,45.3,Comércio de peças e acessórios para veículos automotores,45.30-7,Comércio de peças e acessórios para veículos automotores,4530-7/04,Comércio a varejo de peças e acessórios usados para veículos automotores
4530705,Seção,Comércio a varejo de pneumáticos e câmaras-de-ar,Divisão,COMÉRCIO E REPARAÇÃO DE VEÍCULOS AUTOMOTORES E MOTOCICLETAS,45.3,Comércio de peças e acessórios para veículos automotores,45.30-7,Comércio de peças e acessórios para veículos automotores,4530-7/05,Comércio a varejo de pneumáticos e câmaras-de-ar
4530706,Seção,Representantes comerciais e agentes do comércio de peças e acessórios novos e usados para veículos automotores,Divisão,COMÉRCIO E REPARAÇÃO DE VEÍCULOS AUTOMOTORES E MOTOCICLETAS,45.3,Comércio de peças e acessórios para veículos automotores,45.30-7,Comércio de peças e acessórios para veículos automotores,4530-7/06,Representantes comerciais e agentes do comércio de peças e acessórios novos e usados para veículos automotores
4541201,Seção,Comércio por atacado de motocicletas e motonetas,Divisão,COMÉRCIO E REPARAÇÃO DE VEÍCULOS AUTOMOTORES E MOTOCICLETAS,45.4,"Comércio, manutenção e reparação de motocicletas, peças e acessórios",45.41-2,"Comércio por atacado e a varejo de motocicletas, peças e acessórios",4541-2/01,Comércio por atacado de motocicletas e motonetas
4541202,Seção,Comércio por atacado de peças e acessórios para motocicletas e motonetas,Divisão,COMÉRCIO E REPARAÇÃO DE VEÍCULOS AUTOMOTORES E MOTOCICLETAS,45.4,"Comércio, manutenção e reparação de motocicletas, peças e acessórios",45.41-2,"Comércio por atacado e a varejo de motocicletas, peças e acessórios",4541-2/02,Comércio por atacado de peças e acessórios para motocicletas e motonetas
4541203,Seção,Comércio a varejo de motocicletas e motonetas novas,Divisão,COMÉRCIO E REPARAÇÃO DE VEÍCULOS AUTOMOTORES E MOTOCICLETAS,45.4,"Comércio, manutenção e reparação de motocicletas, peças e acessórios",45.41-2,"Comércio por atacado e a varejo de motocicletas, peças e acessórios",4541-2/03,Comércio a varejo de motocicletas e motonetas novas
4541204,Seção,Comércio a varejo de motocicletas e motonetas usadas,Divisão,COMÉRCIO E REPARAÇÃO DE VEÍCULOS AUTOMOTORES E MOTOCICLETAS,45.4,"Comércio, manutenção e reparação de motocicletas, peças e acessórios",45.41-2,"Comércio por atacado e a varejo de motocicletas, peças e acessórios",4541-2/04,Comércio a varejo de motocicletas e motonetas usadas
4541205,Seção,Comércio a varejo de peças e acessórios para motocicletas e motonetas,Divisão,COMÉRCIO E REPARAÇÃO DE VEÍCULOS AUTOMOTORES E MOTOCICLETAS,45.4,"Comércio, manutenção e reparação de motocicletas, peças e acessórios",45.41-2,"Comércio por atacado e a varejo de motocicletas, peças e acessórios",4541-2/05,Comércio a varejo de peças e acessórios para motocicletas e motonetas
4542101,Seção,"Representantes comerciais e agentes do comércio de motocicletas e motonetas, peças e acessórios",Divisão,COMÉRCIO E REPARAÇÃO DE VEÍCULOS AUTOMOTORES E MOTOCICLETAS,45.4,"Comércio, manutenção e reparação de motocicletas, peças e acessórios",45.42-1,"Representantes comerciais e agentes do comércio de motocicletas, peças e acessórios",4542-1/01,"Representantes comerciais e agentes do comércio de motocicletas e motonetas, peças e acessórios"
4542102,Seção,Comércio sob consignação de motocicletas e motonetas,Divisão,COMÉRCIO E REPARAÇÃO DE VEÍCULOS AUTOMOTORES E MOTOCICLETAS,45.4,"Comércio, manutenção e reparação de motocicletas, peças e acessórios",45.42-1,"Representantes comerciais e agentes do comércio de motocicletas, peças e acessórios",4542-1/02,Comércio sob consignação de motocicletas e motonetas
4543900,Seção,Manutenção e reparação de motocicletas e motonetas,Divisão,COMÉRCIO E REPARAÇÃO DE VEÍCULOS AUTOMOTORES E MOTOCICLETAS,45.4,"Comércio, manutenção e reparação de motocicletas, peças e acessórios",45.43-9,Manutenção e reparação de motocicletas,4543-9/00,Manutenção e reparação de motocicletas e motonetas
4611700,Seção,Representantes comerciais e agentes do comércio de matérias-primas agrícolas e animais vivos,46,"COMÉRCIO POR ATACADO, EXCETO VEÍCULOS AUTOMOTORES E MOTOCICLETAS",46.1,"Representantes comerciais e agentes do comércio, exceto de veículos automotores e motocicletas",46.11-7,Representantes comerciais e agentes do comércio de matérias-primas agrícolas e animais vivos,4611-7/00,Representantes comerciais e agentes do comércio de matérias-primas agrícolas e animais vivos
,Seção,Denominação,Divisão,"COMÉRCIO POR ATACADO, EXCETO VEÍCULOS AUTOMOTORES E MOTOCICLETAS",Grupo,"Representantes comerciais e agentes do comércio, exceto de veículos automotores e motocicletas",Classe,"Representantes comerciais e agentes do comércio de combustíveis, minerais, produtos siderúrgicos e químicos",Subclasse,
4612500,Seção,"Representantes comerciais e agentes do comércio de combustíveis, minerais, produtos siderúrgicos e químicos",Divisão,"COMÉRCIO POR ATACADO, EXCETO VEÍCULOS AUTOMOTORES E MOTOCICLETAS",Grupo,"Representantes comerciais e agentes do comércio, exceto de veículos automotores e motocicletas",Classe,"Representantes comerciais e agentes do comércio de combustíveis, minerais, produtos siderúrgicos e químicos",4612-5/00,"Representantes comerciais e agentes do comércio de combustíveis, minerais, produtos siderúrgicos e químicos"
4613300,Seção,"Representantes comerciais e agentes do comércio de madeira, material de construção e ferragens",Divisão,"COMÉRCIO POR ATACADO, EXCETO VEÍCULOS AUTOMOTORES E MOTOCICLETAS",Grupo,"Representantes comerciais e agentes do comércio, exceto de veículos automotores e motocicletas",46.13-3,"Representantes comerciais e agentes do comércio de madeira, material de construção e ferragens",4613-3/00,"Representantes comerciais e agentes do comércio de madeira, material de construção e ferragens"
4614100,Seção,"Representantes comerciais e agentes do comércio de máquinas, equipamentos, embarcações e aeronaves",Divisão,"COMÉRCIO POR ATACADO, EXCETO VEÍCULOS AUTOMOTORES E MOTOCICLETAS",Grupo,"Representantes comerciais e agentes do comércio, exceto de veículos automotores e motocicletas",46.14-1,"Representantes comerciais e agentes do comércio de máquinas, equipamentos, embarcações e aeronaves",4614-1/00,"Representantes comerciais e agentes do comércio de máquinas, equipamentos, embarcações e aeronaves"
4615000,Seção,"Representantes comerciais e agentes do comércio de eletrodomésticos, móveis e artigos de uso doméstico",Divisão,"COMÉRCIO POR ATACADO, EXCETO VEÍCULOS AUTOMOTORES E MOTOCICLETAS",Grupo,"Representantes comerciais e agentes do comércio, exceto de veículos automotores e motocicletas",46.15-0,"Representantes comerciais e agentes do comércio de eletrodomésticos, móveis e artigos de uso doméstico",4615-0/00,"Representantes comerciais e agentes do comércio de eletrodomésticos, móveis e artigos de uso doméstico"
4616800,Seção,"Representantes comerciais e agentes do comércio de têxteis, vestuário, calçados e artigos de viagem",Divisão,"COMÉRCIO POR ATACADO, EXCETO VEÍCULOS AUTOMOTORES E MOTOCICLETAS",Grupo,"Representantes comerciais e agentes do comércio, exceto de veículos automotores e motocicletas",46.16-8,"Representantes comerciais e agentes do comércio de têxteis, vestuário, calçados e artigos de viagem",4616-8/00,"Representantes comerciais e agentes do comércio de têxteis, vestuário, calçados e artigos de viagem"
4617600,Seção,"Representantes comerciais e agentes do comércio de produtos alimentícios, bebidas e fumo",Divisão,"COMÉRCIO POR ATACADO, EXCETO VEÍCULOS AUTOMOTORES E MOTOCICLETAS",Grupo,"Representantes comerciais e agentes do comércio, exceto de veículos automotores e motocicletas",46.17-6,"Representantes comerciais e agentes do comércio de produtos alimentícios, bebidas e fumo",4617-6/00,"Representantes comerciais e agentes do comércio de produtos alimentícios, bebidas e fumo"
4618401,Seção,"Representantes comerciais e agentes do comércio de medicamentos, cosméticos e produtos de perfumaria",Divisão,"COMÉRCIO POR ATACADO, EXCETO VEÍCULOS AUTOMOTORES E MOTOCICLETAS",Grupo,"Representantes comerciais e agentes do comércio, exceto de veículos automotores e motocicletas",46.18-4,Representantes comerciais e agentes do comércio especializado em produtos não especificados anteriormente,4618-4/01,"Representantes comerciais e agentes do comércio de medicamentos, cosméticos e produtos de perfumaria"
4618402,Seção,Representantes comerciais e agentes do comércio de instrumentos e materiais odonto-médico-hospitalares,Divisão,"COMÉRCIO POR ATACADO, EXCETO VEÍCULOS AUTOMOTORES E MOTOCICLETAS",Grupo,"Representantes comerciais e agentes do comércio, exceto de veículos automotores e motocicletas",46.18-4,Representantes comerciais e agentes do comércio especializado em produtos não especificados anteriormente,4618-4/02,Representantes comerciais e agentes do comércio de instrumentos e materiais odonto-médico-hospitalares
4618403,Seção,"Representantes comerciais e agentes do comércio de jornais, revistas e outras publicações",Divisão,"COMÉRCIO POR ATACADO, EXCETO VEÍCULOS AUTOMOTORES E MOTOCICLETAS",Grupo,"Representantes comerciais e agentes do comércio, exceto de veículos automotores e motocicletas",46.18-4,Representantes comerciais e agentes do comércio especializado em produtos não especificados anteriormente,4618-4/03,"Representantes comerciais e agentes do comércio de jornais, revistas e outras publicações"
4618499,Seção,Outros representantes comerciais e agentes do comércio especializado em produtos não especificados anteriormente,Divisão,"COMÉRCIO POR ATACADO, EXCETO VEÍCULOS AUTOMOTORES E MOTOCICLETAS",Grupo,"Representantes comerciais e agentes do comércio, exceto de veículos automotores e motocicletas",46.18-4,Representantes comerciais e agentes do comércio especializado em produtos não especificados anteriormente,4618-4/99,Outros representantes comerciais e agentes do comércio especializado em produtos não especificados anteriormente
4619200,Seção,Representantes comerciais e agentes do comércio de mercadorias em geral não especializado,Divisão,"COMÉRCIO POR ATACADO, EXCETO VEÍCULOS AUTOMOTORES E MOTOCICLETAS",Grupo,"Representantes comerciais e agentes do comércio, exceto de veículos automotores e motocicletas",46.19-2,Representantes comerciais e agentes do comércio de mercadorias em geral não especializado,4619-2/00,Representantes comerciais e agentes do comércio de mercadorias em geral não especializado
4621400,Seção,Comércio atacadista de café em grão,Divisão,"COMÉRCIO POR ATACADO, EXCETO VEÍCULOS AUTOMOTORES E MOTOCICLETAS",46.2,Comércio atacadista de matérias-primas agrícolas e animais vivos,46.21-4,Comércio atacadista de café em grão,4621-4/00,Comércio atacadista de café em grão
4622200,Seção,Comércio atacadista de soja,Divisão,"COMÉRCIO POR ATACADO, EXCETO VEÍCULOS AUTOMOTORES E MOTOCICLETAS",46.2,Comércio atacadista de matérias-primas agrícolas e animais vivos,46.22-2,Comércio atacadista de soja,4622-2/00,Comércio atacadista de soja
4623101,Seção,Comércio atacadista de animais vivos,Divisão,"COMÉRCIO POR ATACADO, EXCETO VEÍCULOS AUTOMOTORES E MOTOCICLETAS",46.2,Comércio atacadista de matérias-primas agrícolas e animais vivos,46.23-1,"Comércio atacadista de animais vivos, alimentos para animais e matérias-primas agrícolas, exceto café e soja",4623-1/01,Comércio atacadista de animais vivos
4623102,Seção,"Comércio atacadista de couros, lãs, peles e outros subprodutos não-comestíveis de origem animal",Divisão,"COMÉRCIO POR ATACADO, EXCETO VEÍCULOS AUTOMOTORES E MOTOCICLETAS",46.2,Comércio atacadista de matérias-primas agrícolas e animais vivos,46.23-1,"Comércio atacadista de animais vivos, alimentos para animais e matérias-primas agrícolas, exceto café e soja",4623-1/02,"Comércio atacadista de couros, lãs, peles e outros subprodutos não-comestíveis de origem animal"
4623103,Seção,Comércio atacadista de algodão,Divisão,"COMÉRCIO POR ATACADO, EXCETO VEÍCULOS AUTOMOTORES E MOTOCICLETAS",46.2,Comércio atacadista de matérias-primas agrícolas e animais vivos,46.23-1,"Comércio atacadista de animais vivos, alimentos para animais e matérias-primas agrícolas, exceto café e soja",4623-1/03,Comércio atacadista de algodão
4623104,Seção,Comércio atacadista de fumo em folha não beneficiado,Divisão,"COMÉRCIO POR ATACADO, EXCETO VEÍCULOS AUTOMOTORES E MOTOCICLETAS",46.2,Comércio atacadista de matérias-primas agrícolas e animais vivos,46.23-1,"Comércio atacadista de animais vivos, alimentos para animais e matérias-primas agrícolas, exceto café e soja",4623-1/04,Comércio atacadista de fumo em folha não beneficiado
4623105,Seção,Comércio atacadista de cacau,Divisão,"COMÉRCIO POR ATACADO, EXCETO VEÍCULOS AUTOMOTORES E MOTOCICLETAS",46.2,Comércio atacadista de matérias-primas agrícolas e animais vivos,46.23-1,"Comércio atacadista de animais vivos, alimentos para animais e matérias-primas agrícolas, exceto café e soja",4623-1/05,Comércio atacadista de cacau
4623106,Seção,"Comércio atacadista de sementes, flores, plantas e gramas",Divisão,"COMÉRCIO POR ATACADO, EXCETO VEÍCULOS AUTOMOTORES E MOTOCICLETAS",46.2,Comércio atacadista de matérias-primas agrícolas e animais vivos,46.23-1,"Comércio atacadista de animais vivos, alimentos para animais e matérias-primas agrícolas, exceto café e soja",4623-1/06,"Comércio atacadista de sementes, flores, plantas e gramas"
4623107,Seção,Comércio atacadista de sisal,Divisão,"COMÉRCIO POR ATACADO, EXCETO VEÍCULOS AUTOMOTORES E MOTOCICLETAS",46.2,Comércio atacadista de matérias-primas agrícolas e animais vivos,46.23-1,"Comércio atacadista de animais vivos, alimentos para animais e matérias-primas agrícolas, exceto café e soja",4623-1/07,Comércio atacadista de sisal
4623108,Seção,Comércio atacadista de matérias-primas agrícolas com atividade de fracionamento e acondicionamento associada,Divisão,"COMÉRCIO POR ATACADO, EXCETO VEÍCULOS AUTOMOTORES E MOTOCICLETAS",46.2,Comércio atacadista de matérias-primas agrícolas e animais vivos,46.23-1,"Comércio atacadista de animais vivos, alimentos para animais e matérias-primas agrícolas, exceto café e soja",4623-1/08,Comércio atacadista de matérias-primas agrícolas com atividade de fracionamento e acondicionamento associada
4623109,Seção,Comércio atacadista de alimentos para animais,Divisão,"COMÉRCIO POR ATACADO, EXCETO VEÍCULOS AUTOMOTORES E MOTOCICLETAS",46.2,Comércio atacadista de matérias-primas agrícolas e animais vivos,46.23-1,"Comércio atacadista de animais vivos, alimentos para animais e matérias-primas agrícolas, exceto café e soja",4623-1/09,Comércio atacadista de alimentos para animais
,Seção,Denominação,Divisão,"COMÉRCIO POR ATACADO, EXCETO VEÍCULOS AUTOMOTORES E MOTOCICLETAS",Grupo,Comércio atacadista de matérias-primas agrícolas e animais vivos,Classe,"Comércio atacadista de animais vivos, alimentos para animais e matérias-primas agrícolas, exceto café e soja",Subclasse,
4623199,Seção,Comércio atacadista de matérias-primas agrícolas não especificadas anteriormente,Divisão,"COMÉRCIO POR ATACADO, EXCETO VEÍCULOS AUTOMOTORES E MOTOCICLETAS",Grupo,Comércio atacadista de matérias-primas agrícolas e animais vivos,Classe,"Comércio atacadista de animais vivos, alimentos para animais e matérias-primas agrícolas, exceto café e soja",4623-1/99,Comércio atacadista de matérias-primas agrícolas não especificadas anteriormente
4631100,Seção,Comércio atacadista de leite e laticínios,Divisão,"COMÉRCIO POR ATACADO, EXCETO VEÍCULOS AUTOMOTORES E MOTOCICLETAS",46.3,"Comércio atacadista especializado em produtos alimentícios, bebidas e fumo",46.31-1,Comércio atacadista de leite e laticínios,4631-1/00,Comércio atacadista de leite e laticínios
4632001,Seção,Comércio atacadista de cereais e leguminosas beneficiados,Divisão,"COMÉRCIO POR ATACADO, EXCETO VEÍCULOS AUTOMOTORES E MOTOCICLETAS",46.3,"Comércio atacadista especializado em produtos alimentícios, bebidas e fumo",46.32-0,"Comércio atacadista de cereais e leguminosas beneficiados, farinhas, amidos e féculas",4632-0/01,Comércio atacadista de cereais e leguminosas beneficiados
4632002,Seção,"Comércio atacadista de farinhas, amidos e féculas",Divisão,"COMÉRCIO POR ATACADO, EXCETO VEÍCULOS AUTOMOTORES E MOTOCICLETAS",46.3,"Comércio atacadista especializado em produtos alimentícios, bebidas e fumo",46.32-0,"Comércio atacadista de cereais e leguminosas beneficiados, farinhas, amidos e féculas",4632-0/02,"Comércio atacadista de farinhas, amidos e féculas"
4632003,Seção,"Comércio atacadista de cereais e leguminosas beneficiados, farinhas, amidos e féculas, com atividade de fracionamento e acondicionamento associada",Divisão,"COMÉRCIO POR ATACADO, EXCETO VEÍCULOS AUTOMOTORES E MOTOCICLETAS",46.3,"Comércio atacadista especializado em produtos alimentícios, bebidas e fumo",46.32-0,"Comércio atacadista de cereais e leguminosas beneficiados, farinhas, amidos e féculas",4632-0/03,"Comércio atacadista de cereais e leguminosas beneficiados, farinhas, amidos e féculas, com atividade de fracionamento e acondicionamento associada"
4633801,Seção,"Comércio atacadista de frutas, verduras, raízes, tubérculos, hortaliças e legumes frescos",Divisão,"COMÉRCIO POR ATACADO, EXCETO VEÍCULOS AUTOMOTORES E MOTOCICLETAS",46.3,"Comércio atacadista especializado em produtos alimentícios, bebidas e fumo",46.33-8,Comércio atacadista de hortifrutigranjeiros,4633-8/01,"Comércio atacadista de frutas, verduras, raízes, tubérculos, hortaliças e legumes frescos"
4633802,Seção,Comércio atacadista de aves vivas e ovos,Divisão,"COMÉRCIO POR ATACADO, EXCETO VEÍCULOS AUTOMOTORES E MOTOCICLETAS",46.3,"Comércio atacadista especializado em produtos alimentícios, bebidas e fumo",46.33-8,Comércio atacadista de hortifrutigranjeiros,4633-8/02,Comércio atacadista de aves vivas e ovos
4633803,Seção,Comércio atacadista de coelhos e outros pequenos animais vivos para alimentação,Divisão,"COMÉRCIO POR ATACADO, EXCETO VEÍCULOS AUTOMOTORES E MOTOCICLETAS",46.3,"Comércio atacadista especializado em produtos alimentícios, bebidas e fumo",46.33-8,Comércio atacadista de hortifrutigranjeiros,4633-8/03,Comércio atacadista de coelhos e outros pequenos animais vivos para alimentação
4634601,Seção,Comércio atacadista de carnes bovinas e suínas e derivados,Divisão,"COMÉRCIO POR ATACADO, EXCETO VEÍCULOS AUTOMOTORES E MOTOCICLETAS",46.3,"Comércio atacadista especializado em produtos alimentícios, bebidas e fumo",46.34-6,"Comércio atacadista de carnes, produtos da carne e pescado",4634-6/01,Comércio atacadista de carnes bovinas e suínas e derivados
4634602,Seção,Comércio atacadista de aves abatidas e derivados,Divisão,"COMÉRCIO POR ATACADO, EXCETO VEÍCULOS AUTOMOTORES E MOTOCICLETAS",46.3,"Comércio atacadista especializado em produtos alimentícios, bebidas e fumo",46.34-6,"Comércio atacadista de carnes, produtos da carne e pescado",4634-6/02,Comércio atacadista de aves abatidas e derivados
4634603,Seção,Comércio atacadista de pescados e frutos do mar,Divisão,"COMÉRCIO POR ATACADO, EXCETO VEÍCULOS AUTOMOTORES E MOTOCICLETAS",46.3,"Comércio atacadista especializado em produtos alimentícios, bebidas e fumo",46.34-6,"Comércio atacadista de carnes, produtos da carne e pescado",4634-6/03,Comércio atacadista de pescados e frutos do mar
4634699,Seção,Comércio atacadista de carnes e derivados de outros animais,Divisão,"COMÉRCIO POR ATACADO, EXCETO VEÍCULOS AUTOMOTORES E MOTOCICLETAS",46.3,"Comércio atacadista especializado em produtos alimentícios, bebidas e fumo",46.34-6,"Comércio atacadista de carnes, produtos da carne e pescado",4634-6/99,Comércio atacadista de carnes e derivados de outros animais
4635401,Seção,Comércio atacadista de água mineral,Divisão,"COMÉRCIO POR ATACADO, EXCETO VEÍCULOS AUTOMOTORES E MOTOCICLETAS",46.3,"Comércio atacadista especializado em produtos alimentícios, bebidas e fumo",46.35-4,Comércio atacadista de bebidas,4635-4/01,Comércio atacadista de água mineral
4635402,Seção,"Comércio atacadista de cerveja, chope e refrigerante",Divisão,"COMÉRCIO POR ATACADO, EXCETO VEÍCULOS AUTOMOTORES E MOTOCICLETAS",46.3,"Comércio atacadista especializado em produtos alimentícios, bebidas e fumo",46.35-4,Comércio atacadista de bebidas,4635-4/02,"Comércio atacadista de cerveja, chope e refrigerante"
4635403,Seção,Comércio atacadista de bebidas com atividade de fracionamento e acondicionamento associada,Divisão,"COMÉRCIO POR ATACADO, EXCETO VEÍCULOS AUTOMOTORES E MOTOCICLETAS",46.3,"Comércio atacadista especializado em produtos alimentícios, bebidas e fumo",46.35-4,Comércio atacadista de bebidas,4635-4/03,Comércio atacadista de bebidas com atividade de fracionamento e acondicionamento associada
4635499,Seção,Comércio atacadista de bebidas não especificadas anteriormente,Divisão,"COMÉRCIO POR ATACADO, EXCETO VEÍCULOS AUTOMOTORES E MOTOCICLETAS",46.3,"Comércio atacadista especializado em produtos alimentícios, bebidas e fumo",46.35-4,Comércio atacadista de bebidas,4635-4/99,Comércio atacadista de bebidas não especificadas anteriormente
4636201,Seção,Comércio atacadista de fumo beneficiado,Divisão,"COMÉRCIO POR ATACADO, EXCETO VEÍCULOS AUTOMOTORES E MOTOCICLETAS",46.3,"Comércio atacadista especializado em produtos alimentícios, bebidas e fumo",46.36-2,Comércio atacadista de produtos do fumo,4636-2/01,Comércio atacadista de fumo beneficiado
4636202,Seção,"Comércio atacadista de cigarros, cigarrilhas e charutos",Divisão,"COMÉRCIO POR ATACADO, EXCETO VEÍCULOS AUTOMOTORES E MOTOCICLETAS",46.3,"Comércio atacadista especializado em produtos alimentícios, bebidas e fumo",46.36-2,Comércio atacadista de produtos do fumo,4636-2/02,"Comércio atacadista de cigarros, cigarrilhas e charutos"
4637101,Seção,"Comércio atacadista de café torrado, moído e solúvel",Divisão,"COMÉRCIO POR ATACADO, EXCETO VEÍCULOS AUTOMOTORES E MOTOCICLETAS",46.3,"Comércio atacadista especializado em produtos alimentícios, bebidas e fumo",46.37-1,Comércio atacadista especializado em produtos alimentícios não especificados anteriormente,4637-1/01,"Comércio atacadista de café torrado, moído e solúvel"
4637102,Seção,Comércio atacadista de açúcar,Divisão,"COMÉRCIO POR ATACADO, EXCETO VEÍCULOS AUTOMOTORES E MOTOCICLETAS",46.3,"Comércio atacadista especializado em produtos alimentícios, bebidas e fumo",46.37-1,Comércio atacadista especializado em produtos alimentícios não especificados anteriormente,4637-1/02,Comércio atacadista de açúcar
4637103,Seção,Comércio atacadista de óleos e gorduras,Divisão,"COMÉRCIO POR ATACADO, EXCETO VEÍCULOS AUTOMOTORES E MOTOCICLETAS",46.3,"Comércio atacadista especializado em produtos alimentícios, bebidas e fumo",46.37-1,Comércio atacadista especializado em produtos alimentícios não especificados anteriormente,4637-1/03,Comércio atacadista de óleos e gorduras
4637104,Seção,"Comércio atacadista de pães, bolos, biscoitos e similares",Divisão,"COMÉRCIO POR ATACADO, EXCETO VEÍCULOS AUTOMOTORES E MOTOCICLETAS",46.3,"Comércio atacadista especializado em produtos alimentícios, bebidas e fumo",46.37-1,Comércio atacadista especializado em produtos alimentícios não especificados anteriormente,4637-1/04,"Comércio atacadista de pães, bolos, biscoitos e similares"
4637105,Seção,Comércio atacadista de massas alimentícias,Divisão,"COMÉRCIO POR ATACADO, EXCETO VEÍCULOS AUTOMOTORES E MOTOCICLETAS",46.3,"Comércio atacadista especializado em produtos alimentícios, bebidas e fumo",46.37-1,Comércio atacadista especializado em produtos alimentícios não especificados anteriormente,4637-1/05,Comércio atacadista de massas alimentícias
4637106,Seção,Comércio atacadista de sorvetes,Divisão,"COMÉRCIO POR ATACADO, EXCETO VEÍCULOS AUTOMOTORES E MOTOCICLETAS",46.3,"Comércio atacadista especializado em produtos alimentícios, bebidas e fumo",46.37-1,Comércio atacadista especializado em produtos alimentícios não especificados anteriormente,4637-1/06,Comércio atacadista de sorvetes
4637107,Seção,"Comércio atacadista de chocolates, confeitos, balas, bombons e semelhantes",Divisão,"COMÉRCIO POR ATACADO, EXCETO VEÍCULOS AUTOMOTORES E MOTOCICLETAS",46.3,"Comércio atacadista especializado em produtos alimentícios, bebidas e fumo",46.37-1,Comércio atacadista especializado em produtos alimentícios não especificados anteriormente,4637-1/07,"Comércio atacadista de chocolates, confeitos, balas, bombons e semelhantes"
4637199,Seção,Comércio atacadista especializado em outros produtos alimentícios não especificados anteriormente,Divisão,"COMÉRCIO POR ATACADO, EXCETO VEÍCULOS AUTOMOTORES E MOTOCICLETAS",46.3,"Comércio atacadista especializado em produtos alimentícios, bebidas e fumo",46.37-1,Comércio atacadista especializado em produtos alimentícios não especificados anteriormente,4637-1/99,Comércio atacadista especializado em outros produtos alimentícios não especificados anteriormente
4639701,Seção,Comércio atacadista de produtos alimentícios em geral,Divisão,"COMÉRCIO POR ATACADO, EXCETO VEÍCULOS AUTOMOTORES E MOTOCICLETAS",46.3,"Comércio atacadista especializado em produtos alimentícios, bebidas e fumo",46.39-7,Comércio atacadista de produtos alimentícios em geral,4639-7/01,Comércio atacadista de produtos alimentícios em geral
4639702,Seção,"Comércio atacadista de produtos alimentícios em geral, com atividade de fracionamento e acondicionamento associada",Divisão,"COMÉRCIO POR ATACADO, EXCETO VEÍCULOS AUTOMOTORES E MOTOCICLETAS",46.3,"Comércio atacadista especializado em produtos alimentícios, bebidas e fumo",46.39-7,Comércio atacadista de produtos alimentícios em geral,4639-7/02,"Comércio atacadista de produtos alimentícios em geral, com atividade de fracionamento e acondicionamento associada"
4641901,Seção,Comércio atacadista de tecidos,Divisão,"COMÉRCIO POR ATACADO, EXCETO VEÍCULOS AUTOMOTORES E MOTOCICLETAS",46.4,Comércio atacadista de produtos de consumo não-alimentar,46.41-9,"Comércio atacadista de tecidos, artefatos de tecidos e de armarinho",4641-9/01,Comércio atacadista de tecidos
4641902,Seção,"Comércio atacadista de artigos de cama, mesa e banho",Divisão,"COMÉRCIO POR ATACADO, EXCETO VEÍCULOS AUTOMOTORES E MOTOCICLETAS",46.4,Comércio atacadista de produtos de consumo não-alimentar,46.41-9,"Comércio atacadista de tecidos, artefatos de tecidos e de armarinho",4641-9/02,"Comércio atacadista de artigos de cama, mesa e banho"
,Seção,Denominação,Divisão,"COMÉRCIO POR ATACADO, EXCETO VEÍCULOS AUTOMOTORES E MOTOCICLETAS",Grupo,Comércio atacadista de produtos de consumo não-alimentar,Classe,"Comércio atacadista de tecidos, artefatos de tecidos e de armarinho",Subclasse,
4641903,Seção,Comércio atacadista de artigos de armarinho,Divisão,"COMÉRCIO POR ATACADO, EXCETO VEÍCULOS AUTOMOTORES E MOTOCICLETAS",Grupo,Comércio atacadista de produtos de consumo não-alimentar,Classe,"Comércio atacadista de tecidos, artefatos de tecidos e de armarinho",4641-9/03,Comércio atacadista de artigos de armarinho
4642701,Seção,"Comércio atacadista de artigos do vestuário e acessórios, exceto profissionais e de segurança",Divisão,"COMÉRCIO POR ATACADO, EXCETO VEÍCULOS AUTOMOTORES E MOTOCICLETAS",Grupo,Comércio atacadista de produtos de consumo não-alimentar,46.42-7,Comércio atacadista de artigos do vestuário e acessórios,4642-7/01,"Comércio atacadista de artigos do vestuário e acessórios, exceto profissionais e de segurança"
4642702,Seção,Comércio atacadista de roupas e acessórios para uso profissional e de segurança do trabalho,Divisão,"COMÉRCIO POR ATACADO, EXCETO VEÍCULOS AUTOMOTORES E MOTOCICLETAS",Grupo,Comércio atacadista de produtos de consumo não-alimentar,46.42-7,Comércio atacadista de artigos do vestuário e acessórios,4642-7/02,Comércio atacadista de roupas e acessórios para uso profissional e de segurança do trabalho
4643501,Seção,Comércio atacadista de calçados,Divisão,"COMÉRCIO POR ATACADO, EXCETO VEÍCULOS AUTOMOTORES E MOTOCICLETAS",Grupo,Comércio atacadista de produtos de consumo não-alimentar,46.43-5,Comércio atacadista de calçados e artigos de viagem,4643-5/01,Comércio atacadista de calçados
4643502,Seção,"Comércio atacadista de bolsas, malas e artigos de viagem",Divisão,"COMÉRCIO POR ATACADO, EXCETO VEÍCULOS AUTOMOTORES E MOTOCICLETAS",Grupo,Comércio atacadista de produtos de consumo não-alimentar,46.43-5,Comércio atacadista de calçados e artigos de viagem,4643-5/02,"Comércio atacadista de bolsas, malas e artigos de viagem"
4644301,Seção,Comércio atacadista de medicamentos e drogas de uso humano,Divisão,"COMÉRCIO POR ATACADO, EXCETO VEÍCULOS AUTOMOTORES E MOTOCICLETAS",Grupo,Comércio atacadista de produtos de consumo não-alimentar,46.44-3,Comércio atacadista de produtos farmacêuticos para uso humano e veterinário,4644-3/01,Comércio atacadista de medicamentos e drogas de uso humano
4644302,Seção,Comércio atacadista de medicamentos e drogas de uso veterinário,Divisão,"COMÉRCIO POR ATACADO, EXCETO VEÍCULOS AUTOMOTORES E MOTOCICLETAS",Grupo,Comércio atacadista de produtos de consumo não-alimentar,46.44-3,Comércio atacadista de produtos farmacêuticos para uso humano e veterinário,4644-3/02,Comércio atacadista de medicamentos e drogas de uso veterinário
4645101,Seção,"Comércio atacadista de instrumentos e materiais para uso médico, cirúrgico, hospitalar e de laboratórios",Divisão,"COMÉRCIO POR ATACADO, EXCETO VEÍCULOS AUTOMOTORES E MOTOCICLETAS",Grupo,Comércio atacadista de produtos de consumo não-alimentar,46.45-1,"Comércio atacadista de instrumentos e materiais para uso médico, cirúrgico, ortopédico e odontológico",4645-1/01,"Comércio atacadista de instrumentos e materiais para uso médico, cirúrgico, hospitalar e de laboratórios"
4645102,Seção,Comércio atacadista de próteses e artigos de ortopedia,Divisão,"COMÉRCIO POR ATACADO, EXCETO VEÍCULOS AUTOMOTORES E MOTOCICLETAS",Grupo,Comércio atacadista de produtos de consumo não-alimentar,46.45-1,"Comércio atacadista de instrumentos e materiais para uso médico, cirúrgico, ortopédico e odontológico",4645-1/02,Comércio atacadista de próteses e artigos de ortopedia
4645103,Seção,Comércio atacadista de produtos odontológicos,Divisão,"COMÉRCIO POR ATACADO, EXCETO VEÍCULOS AUTOMOTORES E MOTOCICLETAS",Grupo,Comércio atacadista de produtos de consumo não-alimentar,46.45-1,"Comércio atacadista de instrumentos e materiais para uso médico, cirúrgico, ortopédico e odontológico",4645-1/03,Comércio atacadista de produtos odontológicos
4646001,Seção,Comércio atacadista de cosméticos e produtos de perfumaria,Divisão,"COMÉRCIO POR ATACADO, EXCETO VEÍCULOS AUTOMOTORES E MOTOCICLETAS",Grupo,Comércio atacadista de produtos de consumo não-alimentar,46.46-0,"Comércio atacadista de cosméticos, produtos de perfumaria e de higiene pessoal",4646-0/01,Comércio atacadista de cosméticos e produtos de perfumaria
4646002,Seção,Comércio atacadista de produtos de higiene pessoal,Divisão,"COMÉRCIO POR ATACADO, EXCETO VEÍCULOS AUTOMOTORES E MOTOCICLETAS",Grupo,Comércio atacadista de produtos de consumo não-alimentar,46.46-0,"Comércio atacadista de cosméticos, produtos de perfumaria e de higiene pessoal",4646-0/02,Comércio atacadista de produtos de higiene pessoal
4647801,Seção,Comércio atacadista de artigos de escritório e de papelaria,Divisão,"COMÉRCIO POR ATACADO, EXCETO VEÍCULOS AUTOMOTORES E MOTOCICLETAS",Grupo,Comércio atacadista de produtos de consumo não-alimentar,46.47-8,"Comércio atacadista de artigos de escritório e de papelaria; livros, jornais e outras publicações",4647-8/01,Comércio atacadista de artigos de escritório e de papelaria
4647802,Seção,"Comércio atacadista de livros, jornais e outras publicações",Divisão,"COMÉRCIO POR ATACADO, EXCETO VEÍCULOS AUTOMOTORES E MOTOCICLETAS",Grupo,Comércio atacadista de produtos de consumo não-alimentar,46.47-8,"Comércio atacadista de artigos de escritório e de papelaria; livros, jornais e outras publicações",4647-8/02,"Comércio atacadista de livros, jornais e outras publicações"
4649401,Seção,Comércio atacadista de equipamentos elétricos de uso pessoal e doméstico,Divisão,"COMÉRCIO POR ATACADO, EXCETO VEÍCULOS AUTOMOTORES E MOTOCICLETAS",Grupo,Comércio atacadista de produtos de consumo não-alimentar,46.49-4,Comércio atacadista de equipamentos e artigos de uso pessoal e doméstico não especificados anteriormente,4649-4/01,Comércio atacadista de equipamentos elétricos de uso pessoal e doméstico
4649402,Seção,Comércio atacadista de aparelhos eletrônicos de uso pessoal e doméstico,Divisão,"COMÉRCIO POR ATACADO, EXCETO VEÍCULOS AUTOMOTORES E MOTOCICLETAS",Grupo,Comércio atacadista de produtos de consumo não-alimentar,46.49-4,Comércio atacadista de equipamentos e artigos de uso pessoal e doméstico não especificados anteriormente,4649-4/02,Comércio atacadista de aparelhos eletrônicos de uso pessoal e doméstico
4649403,Seção,"Comércio atacadista de bicicletas, triciclos e outros veículos recreativos",Divisão,"COMÉRCIO POR ATACADO, EXCETO VEÍCULOS AUTOMOTORES E MOTOCICLETAS",Grupo,Comércio atacadista de produtos de consumo não-alimentar,46.49-4,Comércio atacadista de equipamentos e artigos de uso pessoal e doméstico não especificados anteriormente,4649-4/03,"Comércio atacadista de bicicletas, triciclos e outros veículos recreativos"
4649404,Seção,Comércio atacadista de móveis e artigos de colchoaria,Divisão,"COMÉRCIO POR ATACADO, EXCETO VEÍCULOS AUTOMOTORES E MOTOCICLETAS",Grupo,Comércio atacadista de produtos de consumo não-alimentar,46.49-4,Comércio atacadista de equipamentos e artigos de uso pessoal e doméstico não especificados anteriormente,4649-4/04,Comércio atacadista de móveis e artigos de colchoaria
4649405,Seção,Comércio atacadista de artigos de tapeçaria; persianas e cortinas,Divisão,"COMÉRCIO POR ATACADO, EXCETO VEÍCULOS AUTOMOTORES E MOTOCICLETAS",Grupo,Comércio atacadista de produtos de consumo não-alimentar,46.49-4,Comércio atacadista de equipamentos e artigos de uso pessoal e doméstico não especificados anteriormente,4649-4/05,Comércio atacadista de artigos de tapeçaria; persianas e cortinas
4649406,Seção,"Comércio atacadista de lustres, luminárias e abajures",Divisão,"COMÉRCIO POR ATACADO, EXCETO VEÍCULOS AUTOMOTORES E MOTOCICLETAS",Grupo,Comércio atacadista de produtos de consumo não-alimentar,46.49-4,Comércio atacadista de equipamentos e artigos de uso pessoal e doméstico não especificados anteriormente,4649-4/06,"Comércio atacadista de lustres, luminárias e abajures"
4649407,Seção,"Comércio atacadista de filmes, CDs, DVDs, fitas e discos",Divisão,"COMÉRCIO POR ATACADO, EXCETO VEÍCULOS AUTOMOTORES E MOTOCICLETAS",Grupo,Comércio atacadista de produtos de consumo não-alimentar,46.49-4,Comércio atacadista de equipamentos e artigos de uso pessoal e doméstico não especificados anteriormente,4649-4/07,"Comércio atacadista de filmes, CDs, DVDs, fitas e discos"
4649408,Seção,"Comércio atacadista de produtos de higiene, limpeza e conservação domiciliar",Divisão,"COMÉRCIO POR ATACADO, EXCETO VEÍCULOS AUTOMOTORES E MOTOCICLETAS",Grupo,Comércio atacadista de produtos de consumo não-alimentar,46.49-4,Comércio atacadista de equipamentos e artigos de uso pessoal e doméstico não especificados anteriormente,4649-4/08,"Comércio atacadista de produtos de higiene, limpeza e conservação domiciliar"
4649409,Seção,"Comércio atacadista de produtos de higiene, limpeza e conservação domiciliar, com atividade de fracionamento e acondicionamento associada",Divisão,"COMÉRCIO POR ATACADO, EXCETO VEÍCULOS AUTOMOTORES E MOTOCICLETAS",Grupo,Comércio atacadista de produtos de consumo não-alimentar,46.49-4,Comércio atacadista de equipamentos e artigos de uso pessoal e doméstico não especificados anteriormente,4649-4/09,"Comércio atacadista de produtos de higiene, limpeza e conservação domiciliar, com atividade de fracionamento e acondicionamento associada"
4649410,Seção,"Comércio atacadista de jóias, relógios e bijuterias, inclusive pedras preciosas e semipreciosas lapidadas",Divisão,"COMÉRCIO POR ATACADO, EXCETO VEÍCULOS AUTOMOTORES E MOTOCICLETAS",Grupo,Comércio atacadista de produtos de consumo não-alimentar,46.49-4,Comércio atacadista de equipamentos e artigos de uso pessoal e doméstico não especificados anteriormente,4649-4/10,"Comércio atacadista de jóias, relógios e bijuterias, inclusive pedras preciosas e semipreciosas lapidadas"
4649499,Seção,Comércio atacadista de outros equipamentos e artigos de uso pessoal e doméstico não especificados anteriormente,Divisão,"COMÉRCIO POR ATACADO, EXCETO VEÍCULOS AUTOMOTORES E MOTOCICLETAS",Grupo,Comércio atacadista de produtos de consumo não-alimentar,46.49-4,Comércio atacadista de equipamentos e artigos de uso pessoal e doméstico não especificados anteriormente,4649-4/99,Comércio atacadista de outros equipamentos e artigos de uso pessoal e doméstico não especificados anteriormente
,Seção,Denominação,Divisão,"COMÉRCIO POR ATACADO, EXCETO VEÍCULOS AUTOMOTORES E MOTOCICLETAS",Grupo,Comércio atacadista de equipamentos e produtos de tecnologias de informação e comunicação,Classe,"Comércio atacadista de computadores, periféricos e suprimentos de informática",Subclasse,
4651601,Seção,Comércio atacadista de equipamentos de informática,Divisão,"COMÉRCIO POR ATACADO, EXCETO VEÍCULOS AUTOMOTORES E MOTOCICLETAS",Grupo,Comércio atacadista de equipamentos e produtos de tecnologias de informação e comunicação,Classe,"Comércio atacadista de computadores, periféricos e suprimentos de informática",4651-6/01,Comércio atacadista de equipamentos de informática
4651602,Seção,Comércio atacadista de suprimentos para informática,Divisão,"COMÉRCIO POR ATACADO, EXCETO VEÍCULOS AUTOMOTORES E MOTOCICLETAS",Grupo,Comércio atacadista de equipamentos e produtos de tecnologias de informação e comunicação,Classe,"Comércio atacadista de computadores, periféricos e suprimentos de informática",4651-6/02,Comércio atacadista de suprimentos para informática
4652400,Seção,Comércio atacadista de componentes eletrônicos e equipamentos de telefonia e comunicação,Divisão,"COMÉRCIO POR ATACADO, EXCETO VEÍCULOS AUTOMOTORES E MOTOCICLETAS",Grupo,Comércio atacadista de equipamentos e produtos de tecnologias de informação e comunicação,46.52-4,Comércio atacadista de componentes eletrônicos e equipamentos de telefonia e comunicação,4652-4/00,Comércio atacadista de componentes eletrônicos e equipamentos de telefonia e comunicação
4661300,Seção,"Comércio atacadista de máquinas, aparelhos e equipamentos para uso agropecuário; partes e peças",Divisão,"COMÉRCIO POR ATACADO, EXCETO VEÍCULOS AUTOMOTORES E MOTOCICLETAS",46.6,"Comércio atacadista de máquinas, aparelhos e equipamentos, exceto de tecnologias de informação e comunicação",46.61-3,"Comércio atacadista de máquinas, aparelhos e equipamentos para uso agropecuário; partes e peças",4661-3/00,"Comércio atacadista de máquinas, aparelhos e equipamentos para uso agropecuário; partes e peças"
4662100,Seção,"Comércio atacadista de máquinas, equipamentos para terraplenagem, mineração e construção; partes e peças",Divisão,"COMÉRCIO POR ATACADO, EXCETO VEÍCULOS AUTOMOTORES E MOTOCICLETAS",46.6,"Comércio atacadista de máquinas, aparelhos e equipamentos, exceto de tecnologias de informação e comunicação",46.62-1,"Comércio atacadista de máquinas, equipamentos para terraplenagem, mineração e construção; partes e peças",4662-1/00,"Comércio atacadista de máquinas, equipamentos para terraplenagem, mineração e construção; partes e peças"
4663000,Seção,Comércio atacadista de máquinas e equipamentos para uso industrial; partes e peças,Divisão,"COMÉRCIO POR ATACADO, EXCETO VEÍCULOS AUTOMOTORES E MOTOCICLETAS",46.6,"Comércio atacadista de máquinas, aparelhos e equipamentos, exceto de tecnologias de informação e comunicação",46.63-0,Comércio atacadista de máquinas e equipamentos para uso industrial; partes e peças,4663-0/00,Comércio atacadista de máquinas e equipamentos para uso industrial; partes e peças
4664800,Seção,"Comércio atacadista de máquinas, aparelhos e equipamentos para uso odonto-médico-hospitalar; partes e peças",Divisão,"COMÉRCIO POR ATACADO, EXCETO VEÍCULOS AUTOMOTORES E MOTOCICLETAS",46.6,"Comércio atacadista de máquinas, aparelhos e equipamentos, exceto de tecnologias de informação e comunicação",46.64-8,"Comércio atacadista de máquinas, aparelhos e equipamentos para uso odonto-médico-hospitalar; partes e peças",4664-8/00,"Comércio atacadista de máquinas, aparelhos e equipamentos para uso odonto-médico-hospitalar; partes e peças"
4665600,Seção,Comércio atacadista de máquinas e equipamentos para uso comercial; partes e peças,Divisão,"COMÉRCIO POR ATACADO, EXCETO VEÍCULOS AUTOMOTORES E MOTOCICLETAS",46.6,"Comércio atacadista de máquinas, aparelhos e equipamentos, exceto de tecnologias de informação e comunicação",46.65-6,Comércio atacadista de máquinas e equipamentos para uso comercial; partes e peças,4665-6/00,Comércio atacadista de máquinas e equipamentos para uso comercial; partes e peças
4669901,Seção,Comércio atacadista de bombas e compressores; partes e peças,Divisão,"COMÉRCIO POR ATACADO, EXCETO VEÍCULOS AUTOMOTORES E MOTOCICLETAS",46.6,"Comércio atacadista de máquinas, aparelhos e equipamentos, exceto de tecnologias de informação e comunicação",46.69-9,"Comércio atacadista de máquinas, aparelhos e equipamentos não especificados anteriormente; partes e peças",4669-9/01,Comércio atacadista de bombas e compressores; partes e peças
4669999,Seção,Comércio atacadista de outras máquinas e equipamentos não especificados anteriormente; partes e peças,Divisão,"COMÉRCIO POR ATACADO, EXCETO VEÍCULOS AUTOMOTORES E MOTOCICLETAS",46.6,"Comércio atacadista de máquinas, aparelhos e equipamentos, exceto de tecnologias de informação e comunicação",46.69-9,"Comércio atacadista de máquinas, aparelhos e equipamentos não especificados anteriormente; partes e peças",4669-9/99,Comércio atacadista de outras máquinas e equipamentos não especificados anteriormente; partes e peças
4671100,Seção,Comércio atacadista de madeira e produtos derivados,Divisão,"COMÉRCIO POR ATACADO, EXCETO VEÍCULOS AUTOMOTORES E MOTOCICLETAS",46.7,"Comércio atacadista de madeira, ferragens, ferramentas, material elétrico e material de construção",46.71-1,Comércio atacadista de madeira e produtos derivados,4671-1/00,Comércio atacadista de madeira e produtos derivados
4672900,Seção,Comércio atacadista de ferragens e ferramentas,Divisão,"COMÉRCIO POR ATACADO, EXCETO VEÍCULOS AUTOMOTORES E MOTOCICLETAS",46.7,"Comércio atacadista de madeira, ferragens, ferramentas, material elétrico e material de construção",46.72-9,Comércio atacadista de ferragens e ferramentas,4672-9/00,Comércio atacadista de ferragens e ferramentas
4673700,Seção,Comércio atacadista de material elétrico,Divisão,"COMÉRCIO POR ATACADO, EXCETO VEÍCULOS AUTOMOTORES E MOTOCICLETAS",46.7,"Comércio atacadista de madeira, ferragens, ferramentas, material elétrico e material de construção",46.73-7,Comércio atacadista de material elétrico,4673-7/00,Comércio atacadista de material elétrico
4674500,Seção,Comércio atacadista de cimento,Divisão,"COMÉRCIO POR ATACADO, EXCETO VEÍCULOS AUTOMOTORES E MOTOCICLETAS",46.7,"Comércio atacadista de madeira, ferragens, ferramentas, material elétrico e material de construção",46.74-5,Comércio atacadista de cimento,4674-5/00,Comércio atacadista de cimento
4679601,Seção,"Comércio atacadista de tintas, vernizes e similares",Divisão,"COMÉRCIO POR ATACADO, EXCETO VEÍCULOS AUTOMOTORES E MOTOCICLETAS",46.7,"Comércio atacadista de madeira, ferragens, ferramentas, material elétrico e material de construção",46.79-6,Comércio atacadista especializado de materiais de construção não especificados anteriormente e de materiais de construção em geral,4679-6/01,"Comércio atacadista de tintas, vernizes e similares"
4679602,Seção,Comércio atacadista de mármores e granitos,Divisão,"COMÉRCIO POR ATACADO, EXCETO VEÍCULOS AUTOMOTORES E MOTOCICLETAS",46.7,"Comércio atacadista de madeira, ferragens, ferramentas, material elétrico e material de construção",46.79-6,Comércio atacadista especializado de materiais de construção não especificados anteriormente e de materiais de construção em geral,4679-6/02,Comércio atacadista de mármores e granitos
4679603,Seção,"Comércio atacadista de vidros, espelhos e vitrais",Divisão,"COMÉRCIO POR ATACADO, EXCETO VEÍCULOS AUTOMOTORES E MOTOCICLETAS",46.7,"Comércio atacadista de madeira, ferragens, ferramentas, material elétrico e material de construção",46.79-6,Comércio atacadista especializado de materiais de construção não especificados anteriormente e de materiais de construção em geral,4679-6/03,"Comércio atacadista de vidros, espelhos e vitrais"
4679604,Seção,Comércio atacadista especializado de materiais de construção não especificados anteriormente,Divisão,"COMÉRCIO POR ATACADO, EXCETO VEÍCULOS AUTOMOTORES E MOTOCICLETAS",46.7,"Comércio atacadista de madeira, ferragens, ferramentas, material elétrico e material de construção",46.79-6,Comércio atacadista especializado de materiais de construção não especificados anteriormente e de materiais de construção em geral,4679-6/04,Comércio atacadista especializado de materiais de construção não especificados anteriormente
4679699,Seção,Comércio atacadista de materiais de construção em geral,Divisão,"COMÉRCIO POR ATACADO, EXCETO VEÍCULOS AUTOMOTORES E MOTOCICLETAS",46.7,"Comércio atacadista de madeira, ferragens, ferramentas, material elétrico e material de construção",46.79-6,Comércio atacadista especializado de materiais de construção não especificados anteriormente e de materiais de construção em geral,4679-6/99,Comércio atacadista de materiais de construção em geral
,Seção,Denominação,Divisão,"COMÉRCIO POR ATACADO, EXCETO VEÍCULOS AUTOMOTORES E MOTOCICLETAS",Grupo,Comércio atacadista especializado em outros produtos,Classe,Comércio atacadista especializado de materiais de construção não especificados anteriormente e de materiais de construção em geral,Subclasse,
4681801,Seção,"Comércio atacadista de álcool carburante, biodiesel, gasolina e demais derivados de petróleo, exceto lubrificantes, não realizado por transportador retalhista (TRR)",Divisão,"COMÉRCIO POR ATACADO, EXCETO VEÍCULOS AUTOMOTORES E MOTOCICLETAS",Grupo,Comércio atacadista especializado em outros produtos,46.81-8,"Comércio atacadista de combustíveis sólidos, líquidos e gasosos, exceto gás natural e GLP",4681-8/01,"Comércio atacadista de álcool carburante, biodiesel, gasolina e demais derivados de petróleo, exceto lubrificantes, não realizado por transportador retalhista (TRR)"
4681802,Seção,Comércio atacadista de combustíveis realizado por transportador retalhista (TRR),Divisão,"COMÉRCIO POR ATACADO, EXCETO VEÍCULOS AUTOMOTORES E MOTOCICLETAS",Grupo,Comércio atacadista especializado em outros produtos,46.81-8,"Comércio atacadista de combustíveis sólidos, líquidos e gasosos, exceto gás natural e GLP",4681-8/02,Comércio atacadista de combustíveis realizado por transportador retalhista (TRR)
4681803,Seção,"Comércio atacadista de combustíveis de origem vegetal, exceto álcool carburante",Divisão,"COMÉRCIO POR ATACADO, EXCETO VEÍCULOS AUTOMOTORES E MOTOCICLETAS",Grupo,Comércio atacadista especializado em outros produtos,46.81-8,"Comércio atacadista de combustíveis sólidos, líquidos e gasosos, exceto gás natural e GLP",4681-8/03,"Comércio atacadista de combustíveis de origem vegetal, exceto álcool carburante"
4681804,Seção,Comércio atacadista de combustíveis de origem mineral em bruto,Divisão,"COMÉRCIO POR ATACADO, EXCETO VEÍCULOS AUTOMOTORES E MOTOCICLETAS",Grupo,Comércio atacadista especializado em outros produtos,46.81-8,"Comércio atacadista de combustíveis sólidos, líquidos e gasosos, exceto gás natural e GLP",4681-8/04,Comércio atacadista de combustíveis de origem mineral em bruto
4681805,Seção,Comércio atacadista de lubrificantes,Divisão,"COMÉRCIO POR ATACADO, EXCETO VEÍCULOS AUTOMOTORES E MOTOCICLETAS",Grupo,Comércio atacadista especializado em outros produtos,46.81-8,"Comércio atacadista de combustíveis sólidos, líquidos e gasosos, exceto gás natural e GLP",4681-8/05,Comércio atacadista de lubrificantes
4682600,Seção,Comércio atacadista de gás liqüefeito de petróleo (GLP),Divisão,"COMÉRCIO POR ATACADO, EXCETO VEÍCULOS AUTOMOTORES E MOTOCICLETAS",Grupo,Comércio atacadista especializado em outros produtos,46.82-6,Comércio atacadista de gás liqüefeito de petróleo (GLP),4682-6/00,Comércio atacadista de gás liqüefeito de petróleo (GLP)
4683400,Seção,"Comércio atacadista de defensivos agrícolas, adubos, fertilizantes e corretivos do solo",Divisão,"COMÉRCIO POR ATACADO, EXCETO VEÍCULOS AUTOMOTORES E MOTOCICLETAS",Grupo,Comércio atacadista especializado em outros produtos,46.83-4,"Comércio atacadista de defensivos agrícolas, adubos, fertilizantes e corretivos do solo",4683-4/00,"Comércio atacadista de defensivos agrícolas, adubos, fertilizantes e corretivos do solo"
4684201,Seção,Comércio atacadista de resinas e elastômeros,Divisão,"COMÉRCIO POR ATACADO, EXCETO VEÍCULOS AUTOMOTORES E MOTOCICLETAS",Grupo,Comércio atacadista especializado em outros produtos,46.84-2,"Comércio atacadista de produtos químicos e petroquímicos, exceto agroquímicos",4684-2/01,Comércio atacadista de resinas e elastômeros
4684202,Seção,Comércio atacadista de solventes,Divisão,"COMÉRCIO POR ATACADO, EXCETO VEÍCULOS AUTOMOTORES E MOTOCICLETAS",Grupo,Comércio atacadista especializado em outros produtos,46.84-2,"Comércio atacadista de produtos químicos e petroquímicos, exceto agroquímicos",4684-2/02,Comércio atacadista de solventes
4684299,Seção,Comércio atacadista de outros produtos químicos e petroquímicos não especificados anteriormente,Divisão,"COMÉRCIO POR ATACADO, EXCETO VEÍCULOS AUTOMOTORES E MOTOCICLETAS",Grupo,Comércio atacadista especializado em outros produtos,46.84-2,"Comércio atacadista de produtos químicos e petroquímicos, exceto agroquímicos",4684-2/99,Comércio atacadista de outros produtos químicos e petroquímicos não especificados anteriormente
4685100,Seção,"Comércio atacadista de produtos siderúrgicos e metalúrgicos, exceto para construção",Divisão,"COMÉRCIO POR ATACADO, EXCETO VEÍCULOS AUTOMOTORES E MOTOCICLETAS",Grupo,Comércio atacadista especializado em outros produtos,46.85-1,"Comércio atacadista de produtos siderúrgicos e metalúrgicos, exceto para construção",4685-1/00,"Comércio atacadista de produtos siderúrgicos e metalúrgicos, exceto para construção"
4686901,Seção,Comércio atacadista de papel e papelão em bruto,Divisão,"COMÉRCIO POR ATACADO, EXCETO VEÍCULOS AUTOMOTORES E MOTOCICLETAS",Grupo,Comércio atacadista especializado em outros produtos,46.86-9,Comércio atacadista de papel e papelão em bruto e de embalagens,4686-9/01,Comércio atacadista de papel e papelão em bruto
4686902,Seção,Comércio atacadista de embalagens,Divisão,"COMÉRCIO POR ATACADO, EXCETO VEÍCULOS AUTOMOTORES E MOTOCICLETAS",Grupo,Comércio atacadista especializado em outros produtos,46.86-9,Comércio atacadista de papel e papelão em bruto e de embalagens,4686-9/02,Comércio atacadista de embalagens
4687701,Seção,Comércio atacadista de resíduos de papel e papelão,Divisão,"COMÉRCIO POR ATACADO, EXCETO VEÍCULOS AUTOMOTORES E MOTOCICLETAS",Grupo,Comércio atacadista especializado em outros produtos,46.87-7,Comércio atacadista de resíduos e sucatas,4687-7/01,Comércio atacadista de resíduos de papel e papelão
4687702,Seção,"Comércio atacadista de resíduos e sucatas não-metálicos, exceto de papel e papelão",Divisão,"COMÉRCIO POR ATACADO, EXCETO VEÍCULOS AUTOMOTORES E MOTOCICLETAS",Grupo,Comércio atacadista especializado em outros produtos,46.87-7,Comércio atacadista de resíduos e sucatas,4687-7/02,"Comércio atacadista de resíduos e sucatas não-metálicos, exceto de papel e papelão"
4687703,Seção,Comércio atacadista de resíduos e sucatas metálicos,Divisão,"COMÉRCIO POR ATACADO, EXCETO VEÍCULOS AUTOMOTORES E MOTOCICLETAS",Grupo,Comércio atacadista especializado em outros produtos,46.87-7,Comércio atacadista de resíduos e sucatas,4687-7/03,Comércio atacadista de resíduos e sucatas metálicos
4689301,Seção,"Comércio atacadista de produtos da extração mineral, exceto combustíveis",Divisão,"COMÉRCIO POR ATACADO, EXCETO VEÍCULOS AUTOMOTORES E MOTOCICLETAS",Grupo,Comércio atacadista especializado em outros produtos,46.89-3,Comércio atacadista especializado de outros produtos intermediários não especificados anteriormente,4689-3/01,"Comércio atacadista de produtos da extração mineral, exceto combustíveis"
4689302,Seção,Comércio atacadista de fios e fibras beneficiados,Divisão,"COMÉRCIO POR ATACADO, EXCETO VEÍCULOS AUTOMOTORES E MOTOCICLETAS",Grupo,Comércio atacadista especializado em outros produtos,46.89-3,Comércio atacadista especializado de outros produtos intermediários não especificados anteriormente,4689-3/02,Comércio atacadista de fios e fibras beneficiados
4689399,Seção,Comércio atacadista especializado em outros produtos intermediários não especificados anteriormente,Divisão,"COMÉRCIO POR ATACADO, EXCETO VEÍCULOS AUTOMOTORES E MOTOCICLETAS",Grupo,Comércio atacadista especializado em outros produtos,46.89-3,Comércio atacadista especializado de outros produtos intermediários não especificados anteriormente,4689-3/99,Comércio atacadista especializado em outros produtos intermediários não especificados anteriormente
4691500,Seção,"Comércio atacadista de mercadorias em geral, com predominância de produtos alimentícios",Divisão,"COMÉRCIO POR ATACADO, EXCETO VEÍCULOS AUTOMOTORES E MOTOCICLETAS",46.9,Comércio atacadista não-especializado,46.91-5,"Comércio atacadista de mercadorias em geral, com predominância de produtos alimentícios",4691-5/00,"Comércio atacadista de mercadorias em geral, com predominância de produtos alimentícios"
4692300,Seção,"Comércio atacadista de mercadorias em geral, com predominância de insumos agropecuários",Divisão,"COMÉRCIO POR ATACADO, EXCETO VEÍCULOS AUTOMOTORES E MOTOCICLETAS",46.9,Comércio atacadista não-especializado,46.92-3,"Comércio atacadista de mercadorias em geral, com predominância de insumos agropecuários",4692-3/00,"Comércio atacadista de mercadorias em geral, com predominância de insumos agropecuários"
,Seção,Denominação,Divisão,"COMÉRCIO POR ATACADO, EXCETO VEÍCULOS AUTOMOTORES E MOTOCICLETAS",Grupo,Comércio atacadista não-especializado,Classe,"Comércio atacadista de mercadorias em geral, sem predominância de alimentos ou de insumos agropecuários",Subclasse,
4693100,Seção,"Comércio atacadista de mercadorias em geral, sem predominância de alimentos ou de insumos agropecuários",Divisão,"COMÉRCIO POR ATACADO, EXCETO VEÍCULOS AUTOMOTORES E MOTOCICLETAS",Grupo,Comércio atacadista não-especializado,Classe,"Comércio atacadista de mercadorias em geral, sem predominância de alimentos ou de insumos agropecuários",4693-1/00,"Comércio atacadista de mercadorias em geral, sem predominância de alimentos ou de insumos agropecuários"
4711301,Seção,"Comércio varejista de mercadorias em geral, com predominância de produtos alimentícios - hipermercados",47,COMÉRCIO VAREJISTA,47.1,Comércio varejista não-especializado,47.11-3,"Comércio varejista de mercadorias em geral, com predominância de produtos alimentícios - hipermercados e supermercados",4711-3/01,"Comércio varejista de mercadorias em geral, com predominância de produtos alimentícios - hipermercados"
4711302,Seção,"Comércio varejista de mercadorias em geral, com predominância de produtos alimentícios - supermercados",47,COMÉRCIO VAREJISTA,47.1,Comércio varejista não-especializado,47.11-3,"Comércio varejista de mercadorias em geral, com predominância de produtos alimentícios - hipermercados e supermercados",4711-3/02,"Comércio varejista de mercadorias em geral, com predominância de produtos alimentícios - supermercados"
4712100,Seção,"Comércio varejista de mercadorias em geral, com predominância de produtos alimentícios - minimercados, mercearias e armazéns",47,COMÉRCIO VAREJISTA,47.1,Comércio varejista não-especializado,47.12-1,"Comércio varejista de mercadorias em geral, com predominância de produtos alimentícios - minimercados, mercearias e armazéns",4712-1/00,"Comércio varejista de mercadorias em geral, com predominância de produtos alimentícios - minimercados, mercearias e armazéns"
4713001,Seção,Lojas de departamentos ou magazines,47,COMÉRCIO VAREJISTA,47.1,Comércio varejista não-especializado,47.13-0,"Comércio varejista de mercadorias em geral, sem predominância de produtos alimentícios",4713-0/01,Lojas de departamentos ou magazines
4713002,Seção,"Lojas de variedades, exceto lojas de departamentos ou magazines",47,COMÉRCIO VAREJISTA,47.1,Comércio varejista não-especializado,47.13-0,"Comércio varejista de mercadorias em geral, sem predominância de produtos alimentícios",4713-0/02,"Lojas de variedades, exceto lojas de departamentos ou magazines"
4713003,Seção,Lojas duty free de aeroportos internacionais,47,COMÉRCIO VAREJISTA,47.1,Comércio varejista não-especializado,47.13-0,"Comércio varejista de mercadorias em geral, sem predominância de produtos alimentícios",4713-0/03,Lojas duty free de aeroportos internacionais
4721101,Seção,Padaria e confeitaria com predominância de produção própria,47,COMÉRCIO VAREJISTA,47.2,"Comércio varejista de produtos alimentícios, bebidas e fumo",47.21-1,"Comércio varejista de produtos de padaria, laticínio, doces, balas e semelhantes",4721-1/01,Padaria e confeitaria com predominância de produção própria
4721102,Seção,Padaria e confeitaria com predominância de revenda,47,COMÉRCIO VAREJISTA,47.2,"Comércio varejista de produtos alimentícios, bebidas e fumo",47.21-1,"Comércio varejista de produtos de padaria, laticínio, doces, balas e semelhantes",4721-1/02,Padaria e confeitaria com predominância de revenda
4721103,Seção,Comércio varejista de laticínios e frios,47,COMÉRCIO VAREJISTA,47.2,"Comércio varejista de produtos alimentícios, bebidas e fumo",47.21-1,"Comércio varejista de produtos de padaria, laticínio, doces, balas e semelhantes",4721-1/03,Comércio varejista de laticínios e frios
4721104,Seção,"Comércio varejista de doces, balas, bombons e semelhantes",47,COMÉRCIO VAREJISTA,47.2,"Comércio varejista de produtos alimentícios, bebidas e fumo",47.21-1,"Comércio varejista de produtos de padaria, laticínio, doces, balas e semelhantes",4721-1/04,"Comércio varejista de doces, balas, bombons e semelhantes"
4722901,Seção,Comércio varejista de carnes - açougues,47,COMÉRCIO VAREJISTA,47.2,"Comércio varejista de produtos alimentícios, bebidas e fumo",47.22-9,Comércio varejista de carnes e pescados - açougues e peixarias,4722-9/01,Comércio varejista de carnes - açougues
4722902,Seção,Peixaria,47,COMÉRCIO VAREJISTA,47.2,"Comércio varejista de produtos alimentícios, bebidas e fumo",47.22-9,Comércio varejista de carnes e pescados - açougues e peixarias,4722-9/02,Peixaria
4723700,Seção,Comércio varejista de bebidas,47,COMÉRCIO VAREJISTA,47.2,"Comércio varejista de produtos alimentícios, bebidas e fumo",47.23-7,Comércio varejista de bebidas,4723-7/00,Comércio varejista de bebidas
4724500,Seção,Comércio varejista de hortifrutigranjeiros,47,COMÉRCIO VAREJISTA,47.2,"Comércio varejista de produtos alimentícios, bebidas e fumo",47.24-5,Comércio varejista de hortifrutigranjeiros,4724-5/00,Comércio varejista de hortifrutigranjeiros
4729601,Seção,Tabacaria,47,COMÉRCIO VAREJISTA,47.2,"Comércio varejista de produtos alimentícios, bebidas e fumo",47.29-6,Comércio varejista de produtos alimentícios em geral ou especializado em produtos alimentícios não especificados anteriormente; produtos do fumo,4729-6/01,Tabacaria
4729699,Seção,Comércio varejista de produtos alimentícios em geral ou especializado em produtos alimentícios não especificados anteriormente,47,COMÉRCIO VAREJISTA,47.2,"Comércio varejista de produtos alimentícios, bebidas e fumo",47.29-6,Comércio varejista de produtos alimentícios em geral ou especializado em produtos alimentícios não especificados anteriormente; produtos do fumo,4729-6/99,Comércio varejista de produtos alimentícios em geral ou especializado em produtos alimentícios não especificados anteriormente
4731800,Seção,Comércio varejista de combustíveis para veículos automotores,47,COMÉRCIO VAREJISTA,47.3,Comércio varejista de combustíveis para veículos automotores,47.31-8,Comércio varejista de combustíveis para veículos automotores,4731-8/00,Comércio varejista de combustíveis para veículos automotores
4732600,Seção,Comércio varejista de lubrificantes,47,COMÉRCIO VAREJISTA,47.3,Comércio varejista de combustíveis para veículos automotores,47.32-6,Comércio varejista de lubrificantes,4732-6/00,Comércio varejista de lubrificantes
4741500,Seção,Comércio varejista de tintas e materiais para pintura,47,COMÉRCIO VAREJISTA,47.4,Comércio varejista de material de construção,47.41-5,Comércio varejista de tintas e materiais para pintura,4741-5/00,Comércio varejista de tintas e materiais para pintura
,Seção,Denominação,Divisão,COMÉRCIO VAREJISTA,Grupo,Comércio varejista de material de construção,Classe,Comércio varejista de tintas e materiais para pintura,Subclasse,
4742300,Seção,Comércio varejista de material elétrico,Divisão,COMÉRCIO VAREJISTA,Grupo,Comércio varejista de material de construção,47.42-3,Comércio varejista de material elétrico,4742-3/00,Comércio varejista de material elétrico
4743100,Seção,Comércio varejista de vidros,Divisão,COMÉRCIO VAREJISTA,Grupo,Comércio varejista de material de construção,47.43-1,Comércio varejista de vidros,4743-1/00,Comércio varejista de vidros
4744001,Seção,Comércio varejista de ferragens e ferramentas,Divisão,COMÉRCIO VAREJISTA,Grupo,Comércio varejista de material de construção,47.44-0,"Comércio varejista de ferragens, madeira e materiais de construção",4744-0/01,Comércio varejista de ferragens e ferramentas
4744002,Seção,Comércio varejista de madeira e artefatos,Divisão,COMÉRCIO VAREJISTA,Grupo,Comércio varejista de material de construção,47.44-0,"Comércio varejista de ferragens, madeira e materiais de construção",4744-0/02,Comércio varejista de madeira e artefatos
4744003,Seção,Comércio varejista de materiais hidráulicos,Divisão,COMÉRCIO VAREJISTA,Grupo,Comércio varejista de material de construção,47.44-0,"Comércio varejista de ferragens, madeira e materiais de construção",4744-0/03,Comércio varejista de materiais hidráulicos
4744004,Seção,"Comércio varejista de cal, areia, pedra britada, tijolos e telhas",Divisão,COMÉRCIO VAREJISTA,Grupo,Comércio varejista de material de construção,47.44-0,"Comércio varejista de ferragens, madeira e materiais de construção",4744-0/04,"Comércio varejista de cal, areia, pedra britada, tijolos e telhas"
4744005,Seção,Comércio varejista de materiais de construção não especificados anteriormente,Divisão,COMÉRCIO VAREJISTA,Grupo,Comércio varejista de material de construção,47.44-0,"Comércio varejista de ferragens, madeira e materiais de construção",4744-0/05,Comércio varejista de materiais de construção não especificados anteriormente
4744099,Seção,Comércio varejista de materiais de construção em geral,Divisão,COMÉRCIO VAREJISTA,Grupo,Comércio varejista de material de construção,47.44-0,"Comércio varejista de ferragens, madeira e materiais de construção",4744-0/99,Comércio varejista de materiais de construção em geral
4751200,Seção,Comércio varejista especializado de equipamentos e suprimentos de informática,Divisão,COMÉRCIO VAREJISTA,47.5,Comércio varejista de equipamentos de informática e comunicação; equipamentos e artigos de uso doméstico,47.51-2,Comércio varejista especializado de equipamentos e suprimentos de informática,4751-2/00,Comércio varejista especializado de equipamentos e suprimentos de informática
4752100,Seção,Comércio varejista especializado de equipamentos de telefonia e comunicação,Divisão,COMÉRCIO VAREJISTA,47.5,Comércio varejista de equipamentos de informática e comunicação; equipamentos e artigos de uso doméstico,47.52-1,Comércio varejista especializado de equipamentos de telefonia e comunicação,4752-1/00,Comércio varejista especializado de equipamentos de telefonia e comunicação
4753900,Seção,Comércio varejista especializado de eletrodomésticos e equipamentos de áudio e vídeo,Divisão,COMÉRCIO VAREJISTA,47.5,Comércio varejista de equipamentos de informática e comunicação; equipamentos e artigos de uso doméstico,47.53-9,Comércio varejista especializado de eletrodomésticos e equipamentos de áudio e vídeo,4753-9/00,Comércio varejista especializado de eletrodomésticos e equipamentos de áudio e vídeo
4754701,Seção,Comércio varejista de móveis,Divisão,COMÉRCIO VAREJISTA,47.5,Comércio varejista de equipamentos de informática e comunicação; equipamentos e artigos de uso doméstico,47.54-7,"Comércio varejista especializado de móveis, colchoaria e artigos de iluminação",4754-7/01,Comércio varejista de móveis
4754702,Seção,Comércio varejista de artigos de colchoaria,Divisão,COMÉRCIO VAREJISTA,47.5,Comércio varejista de equipamentos de informática e comunicação; equipamentos e artigos de uso doméstico,47.54-7,"Comércio varejista especializado de móveis, colchoaria e artigos de iluminação",4754-7/02,Comércio varejista de artigos de colchoaria
4754703,Seção,Comércio varejista de artigos de iluminação,Divisão,COMÉRCIO VAREJISTA,47.5,Comércio varejista de equipamentos de informática e comunicação; equipamentos e artigos de uso doméstico,47.54-7,"Comércio varejista especializado de móveis, colchoaria e artigos de iluminação",4754-7/03,Comércio varejista de artigos de iluminação
4755501,Seção,Comércio varejista de tecidos,Divisão,COMÉRCIO VAREJISTA,47.5,Comércio varejista de equipamentos de informática e comunicação; equipamentos e artigos de uso doméstico,47.55-5,"Comércio varejista especializado de tecidos e artigos de cama, mesa e banho",4755-5/01,Comércio varejista de tecidos
4755502,Seção,Comercio varejista de artigos de armarinho,Divisão,COMÉRCIO VAREJISTA,47.5,Comércio varejista de equipamentos de informática e comunicação; equipamentos e artigos de uso doméstico,47.55-5,"Comércio varejista especializado de tecidos e artigos de cama, mesa e banho",4755-5/02,Comercio varejista de artigos de armarinho
4755503,Seção,"Comercio varejista de artigos de cama, mesa e banho",Divisão,COMÉRCIO VAREJISTA,47.5,Comércio varejista de equipamentos de informática e comunicação; equipamentos e artigos de uso doméstico,47.55-5,"Comércio varejista especializado de tecidos e artigos de cama, mesa e banho",4755-5/03,"Comercio varejista de artigos de cama, mesa e banho"
4756300,Seção,Comércio varejista especializado de instrumentos musicais e acessórios,Divisão,COMÉRCIO VAREJISTA,47.5,Comércio varejista de equipamentos de informática e comunicação; equipamentos e artigos de uso doméstico,47.56-3,Comércio varejista especializado de instrumentos musicais e acessórios,4756-3/00,Comércio varejista especializado de instrumentos musicais e acessórios
4757100,Seção,"Comércio varejista especializado de peças e acessórios para aparelhos eletroeletrônicos para uso doméstico, exceto informática e comunicação",Divisão,COMÉRCIO VAREJISTA,47.5,Comércio varejista de equipamentos de informática e comunicação; equipamentos e artigos de uso doméstico,47.57-1,"Comércio varejista especializado de peças e acessórios para aparelhos eletroeletrônicos para uso doméstico, exceto informática e comunicação",4757-1/00,"Comércio varejista especializado de peças e acessórios para aparelhos eletroeletrônicos para uso doméstico, exceto informática e comunicação"
4759801,Seção,"Comércio varejista de artigos de tapeçaria, cortinas e persianas",Divisão,COMÉRCIO VAREJISTA,47.5,Comércio varejista de equipamentos de informática e comunicação; equipamentos e artigos de uso doméstico,47.59-8,Comércio varejista de artigos de uso doméstico não especificados anteriormente,4759-8/01,"Comércio varejista de artigos de tapeçaria, cortinas e persianas"
4759899,Seção,Comércio varejista de outros artigos de uso doméstico não especificados anteriormente,Divisão,COMÉRCIO VAREJISTA,47.5,Comércio varejista de equipamentos de informática e comunicação; equipamentos e artigos de uso doméstico,47.59-8,Comércio varejista de artigos de uso doméstico não especificados anteriormente,4759-8/99,Comércio varejista de outros artigos de uso doméstico não especificados anteriormente
,Seção,Denominação,Divisão,COMÉRCIO VAREJISTA,Grupo,"Comércio varejista de artigos culturais, recreativos e esportivos",Classe,"Comércio varejista de livros, jornais, revistas e papelaria",Subclasse,
4761001,Seção,Comércio varejista de livros,Divisão,COMÉRCIO VAREJISTA,Grupo,"Comércio varejista de artigos culturais, recreativos e esportivos",Classe,"Comércio varejista de livros, jornais, revistas e papelaria",4761-0/01,Comércio varejista de livros
4761002,Seção,Comércio varejista de jornais e revistas,Divisão,COMÉRCIO VAREJISTA,Grupo,"Comércio varejista de artigos culturais, recreativos e esportivos",Classe,"Comércio varejista de livros, jornais, revistas e papelaria",4761-0/02,Comércio varejista de jornais e revistas
4761003,Seção,Comércio varejista de artigos de papelaria,Divisão,COMÉRCIO VAREJISTA,Grupo,"Comércio varejista de artigos culturais, recreativos e esportivos",Classe,"Comércio varejista de livros, jornais, revistas e papelaria",4761-0/03,Comércio varejista de artigos de papelaria
4762800,Seção,"Comércio varejista de discos, CDs, DVDs e fitas",Divisão,COMÉRCIO VAREJISTA,Grupo,"Comércio varejista de artigos culturais, recreativos e esportivos",47.62-8,"Comércio varejista de discos, CDs, DVDs e fitas",4762-8/00,"Comércio varejista de discos, CDs, DVDs e fitas"
4763601,Seção,Comércio varejista de brinquedos e artigos recreativos,Divisão,COMÉRCIO VAREJISTA,Grupo,"Comércio varejista de artigos culturais, recreativos e esportivos",47.63-6,Comércio varejista de artigos recreativos e esportivos,4763-6/01,Comércio varejista de brinquedos e artigos recreativos
4763602,Seção,Comércio varejista de artigos esportivos,Divisão,COMÉRCIO VAREJISTA,Grupo,"Comércio varejista de artigos culturais, recreativos e esportivos",47.63-6,Comércio varejista de artigos recreativos e esportivos,4763-6/02,Comércio varejista de artigos esportivos
4763603,Seção,Comércio varejista de bicicletas e triciclos; peças e acessórios,Divisão,COMÉRCIO VAREJISTA,Grupo,"Comércio varejista de artigos culturais, recreativos e esportivos",47.63-6,Comércio varejista de artigos recreativos e esportivos,4763-6/03,Comércio varejista de bicicletas e triciclos; peças e acessórios
4763604,Seção,"Comércio varejista de artigos de caça, pesca e camping",Divisão,COMÉRCIO VAREJISTA,Grupo,"Comércio varejista de artigos culturais, recreativos e esportivos",47.63-6,Comércio varejista de artigos recreativos e esportivos,4763-6/04,"Comércio varejista de artigos de caça, pesca e camping"
4763605,Seção,Comércio varejista de embarcações e outros veículos recreativos; peças e acessórios,Divisão,COMÉRCIO VAREJISTA,Grupo,"Comércio varejista de artigos culturais, recreativos e esportivos",47.63-6,Comércio varejista de artigos recreativos e esportivos,4763-6/05,Comércio varejista de embarcações e outros veículos recreativos; peças e acessórios
4771701,Seção,"Comércio varejista de produtos farmacêuticos, sem manipulação de fórmulas",Divisão,COMÉRCIO VAREJISTA,47.7,"Comércio varejista de produtos farmacêuticos, perfumaria e cosméticos e artigos médicos, ópticos e ortopédicos",47.71-7,Comércio varejista de produtos farmacêuticos para uso humano e veterinário,4771-7/01,"Comércio varejista de produtos farmacêuticos, sem manipulação de fórmulas"
4771702,Seção,"Comércio varejista de produtos farmacêuticos, com manipulação de fórmulas",Divisão,COMÉRCIO VAREJISTA,47.7,"Comércio varejista de produtos farmacêuticos, perfumaria e cosméticos e artigos médicos, ópticos e ortopédicos",47.71-7,Comércio varejista de produtos farmacêuticos para uso humano e veterinário,4771-7/02,"Comércio varejista de produtos farmacêuticos, com manipulação de fórmulas"
4771703,Seção,Comércio varejista de produtos farmacêuticos homeopáticos,Divisão,COMÉRCIO VAREJISTA,47.7,"Comércio varejista de produtos farmacêuticos, perfumaria e cosméticos e artigos médicos, ópticos e ortopédicos",47.71-7,Comércio varejista de produtos farmacêuticos para uso humano e veterinário,4771-7/03,Comércio varejista de produtos farmacêuticos homeopáticos
4771704,Seção,Comércio varejista de medicamentos veterinários,Divisão,COMÉRCIO VAREJISTA,47.7,"Comércio varejista de produtos farmacêuticos, perfumaria e cosméticos e artigos médicos, ópticos e ortopédicos",47.71-7,Comércio varejista de produtos farmacêuticos para uso humano e veterinário,4771-7/04,Comércio varejista de medicamentos veterinários
4772500,Seção,"Comércio varejista de cosméticos, produtos de perfumaria e de higiene pessoal",Divisão,COMÉRCIO VAREJISTA,47.7,"Comércio varejista de produtos farmacêuticos, perfumaria e cosméticos e artigos médicos, ópticos e ortopédicos",47.72-5,"Comércio varejista de cosméticos, produtos de perfumaria e de higiene pessoal",4772-5/00,"Comércio varejista de cosméticos, produtos de perfumaria e de higiene pessoal"
4773300,Seção,Comércio varejista de artigos médicos e ortopédicos,Divisão,COMÉRCIO VAREJISTA,47.7,"Comércio varejista de produtos farmacêuticos, perfumaria e cosméticos e artigos médicos, ópticos e ortopédicos",47.73-3,Comércio varejista de artigos médicos e ortopédicos,4773-3/00,Comércio varejista de artigos médicos e ortopédicos
4774100,Seção,Comércio varejista de artigos de óptica,Divisão,COMÉRCIO VAREJISTA,47.7,"Comércio varejista de produtos farmacêuticos, perfumaria e cosméticos e artigos médicos, ópticos e ortopédicos",47.74-1,Comércio varejista de artigos de óptica,4774-1/00,Comércio varejista de artigos de óptica
4781400,Seção,Comércio varejista de artigos do vestuário e acessórios,Divisão,COMÉRCIO VAREJISTA,47.8,Comércio varejista de produtos novos não especificados anteriormente e de produtos usados,47.81-4,Comércio varejista de artigos do vestuário e acessórios,4781-4/00,Comércio varejista de artigos do vestuário e acessórios
4782201,Seção,Comércio varejista de calçados,Divisão,COMÉRCIO VAREJISTA,47.8,Comércio varejista de produtos novos não especificados anteriormente e de produtos usados,47.82-2,Comércio varejista de calçados e artigos de viagem,4782-2/01,Comércio varejista de calçados
4782202,Seção,Comércio varejista de artigos de viagem,Divisão,COMÉRCIO VAREJISTA,47.8,Comércio varejista de produtos novos não especificados anteriormente e de produtos usados,47.82-2,Comércio varejista de calçados e artigos de viagem,4782-2/02,Comércio varejista de artigos de viagem
4783101,Seção,Comércio varejista de artigos de joalheria,Divisão,COMÉRCIO VAREJISTA,47.8,Comércio varejista de produtos novos não especificados anteriormente e de produtos usados,47.83-1,Comércio varejista de jóias e relógios,4783-1/01,Comércio varejista de artigos de joalheria
4783102,Seção,Comércio varejista de artigos de relojoaria,Divisão,COMÉRCIO VAREJISTA,47.8,Comércio varejista de produtos novos não especificados anteriormente e de produtos usados,47.83-1,Comércio varejista de jóias e relógios,4783-1/02,Comércio varejista de artigos de relojoaria
4784900,Seção,Comércio varejista de gás liqüefeito de petróleo (GLP),Divisão,COMÉRCIO VAREJISTA,47.8,Comércio varejista de produtos novos não especificados anteriormente e de produtos usados,47.84-9,Comércio varejista de gás liqüefeito de petróleo (GLP),4784-9/00,Comércio varejista de gás liqüefeito de petróleo (GLP)
4785701,Seção,Comércio varejista de antigüidades,Divisão,COMÉRCIO VAREJISTA,47.8,Comércio varejista de produtos novos não especificados anteriormente e de produtos usados,47.85-7,Comércio varejista de artigos usados,4785-7/01,Comércio varejista de antigüidades
4785799,Seção,Comércio varejista de outros artigos usados,Divisão,COMÉRCIO VAREJISTA,47.8,Comércio varejista de produtos novos não especificados anteriormente e de produtos usados,47.85-7,Comércio varejista de artigos usados,4785-7/99,Comércio varejista de outros artigos usados
4789001,Seção,"Comércio varejista de suvenires, bijuterias e artesanatos",Divisão,COMÉRCIO VAREJISTA,47.8,Comércio varejista de produtos novos não especificados anteriormente e de produtos usados,47.89-0,Comércio varejista de outros produtos novos não especificados anteriormente,4789-0/01,"Comércio varejista de suvenires, bijuterias e artesanatos"
4789002,Seção,Comércio varejista de plantas e flores naturais,Divisão,COMÉRCIO VAREJISTA,47.8,Comércio varejista de produtos novos não especificados anteriormente e de produtos usados,47.89-0,Comércio varejista de outros produtos novos não especificados anteriormente,4789-0/02,Comércio varejista de plantas e flores naturais
4789003,Seção,Comércio varejista de objetos de arte,Divisão,COMÉRCIO VAREJISTA,47.8,Comércio varejista de produtos novos não especificados anteriormente e de produtos usados,47.89-0,Comércio varejista de outros produtos novos não especificados anteriormente,4789-0/03,Comércio varejista de objetos de arte
4789004,Seção,Comércio varejista de animais vivos e de artigos e alimentos para animais de estimação,Divisão,COMÉRCIO VAREJISTA,47.8,Comércio varejista de produtos novos não especificados anteriormente e de produtos usados,47.89-0,Comércio varejista de outros produtos novos não especificados anteriormente,4789-0/04,Comércio varejista de animais vivos e de artigos e alimentos para animais de estimação
4789005,Seção,Comércio varejista de produtos saneantes domissanitários,Divisão,COMÉRCIO VAREJISTA,47.8,Comércio varejista de produtos novos não especificados anteriormente e de produtos usados,47.89-0,Comércio varejista de outros produtos novos não especificados anteriormente,4789-0/05,Comércio varejista de produtos saneantes domissanitários
4789006,Seção,Comércio varejista de fogos de artifício e artigos pirotécnicos,Divisão,COMÉRCIO VAREJISTA,47.8,Comércio varejista de produtos novos não especificados anteriormente e de produtos usados,47.89-0,Comércio varejista de outros produtos novos não especificados anteriormente,4789-0/06,Comércio varejista de fogos de artifício e artigos pirotécnicos
4789007,Seção,Comércio varejista de equipamentos para escritório,Divisão,COMÉRCIO VAREJISTA,47.8,Comércio varejista de produtos novos não especificados anteriormente e de produtos usados,47.89-0,Comércio varejista de outros produtos novos não especificados anteriormente,4789-0/07,Comércio varejista de equipamentos para escritório
,Seção,Denominação,Divisão,COMÉRCIO VAREJISTA,Grupo,Comércio varejista de produtos novos não especificados anteriormente e de produtos usados,Classe,Comércio varejista de outros produtos novos não especificados anteriormente,Subclasse,
4789008,Seção,Comércio varejista de artigos fotográficos e para filmagem,Divisão,COMÉRCIO VAREJISTA,Grupo,Comércio varejista de produtos novos não especificados anteriormente e de produtos usados,Classe,Comércio varejista de outros produtos novos não especificados anteriormente,4789-0/08,Comércio varejista de artigos fotográficos e para filmagem
4789009,Seção,Comércio varejista de armas e munições,Divisão,COMÉRCIO VAREJISTA,Grupo,Comércio varejista de produtos novos não especificados anteriormente e de produtos usados,Classe,Comércio varejista de outros produtos novos não especificados anteriormente,4789-0/09,Comércio varejista de armas e munições
4789099,Seção,Comércio varejista de outros produtos não especificados anteriormente,Divisão,COMÉRCIO VAREJISTA,Grupo,Comércio varejista de produtos novos não especificados anteriormente e de produtos usados,Classe,Comércio varejista de outros produtos novos não especificados anteriormente,4789-0/99,Comércio varejista de outros produtos não especificados anteriormente
4911600,H,Transporte ferroviário de carga,49,TRANSPORTE TERRESTRE,49.1,Transporte ferroviário e metroferroviário,49.11-6,Transporte ferroviário de carga,4911-6/00,Transporte ferroviário de carga
4912401,H,Transporte ferroviário de passageiros intermunicipal e interestadual,49,TRANSPORTE TERRESTRE,49.1,Transporte ferroviário e metroferroviário,49.12-4,Transporte metroferroviário de passageiros,4912-4/01,Transporte ferroviário de passageiros intermunicipal e interestadual
4912402,H,Transporte ferroviário de passageiros municipal e em região metropolitana,49,TRANSPORTE TERRESTRE,49.1,Transporte ferroviário e metroferroviário,49.12-4,Transporte metroferroviário de passageiros,4912-4/02,Transporte ferroviário de passageiros municipal e em região metropolitana
4912403,H,Transporte metroviário,49,TRANSPORTE TERRESTRE,49.1,Transporte ferroviário e metroferroviário,49.12-4,Transporte metroferroviário de passageiros,4912-4/03,Transporte metroviário
4921301,H,"Transporte rodoviário coletivo de passageiros, com itinerário fixo, municipal",49,TRANSPORTE TERRESTRE,49.2,Transporte rodoviário de passageiros,49.21-3,"Transporte rodoviário coletivo de passageiros, com itinerário fixo, municipal e em região metropolitana",4921-3/01,"Transporte rodoviário coletivo de passageiros, com itinerário fixo, municipal"
4921302,H,"Transporte rodoviário coletivo de passageiros, com itinerário fixo, intermunicipal em região metropolitana",49,TRANSPORTE TERRESTRE,49.2,Transporte rodoviário de passageiros,49.21-3,"Transporte rodoviário coletivo de passageiros, com itinerário fixo, municipal e em região metropolitana",4921-3/02,"Transporte rodoviário coletivo de passageiros, com itinerário fixo, intermunicipal em região metropolitana"
4922101,H,"Transporte rodoviário coletivo de passageiros, com itinerário fixo, intermunicipal, exceto em região metropolitana",49,TRANSPORTE TERRESTRE,49.2,Transporte rodoviário de passageiros,49.22-1,"Transporte rodoviário coletivo de passageiros, com itinerário fixo, intermunicipal, interestadual e internacional",4922-1/01,"Transporte rodoviário coletivo de passageiros, com itinerário fixo, intermunicipal, exceto em região metropolitana"
4922102,H,"Transporte rodoviário coletivo de passageiros, com itinerário fixo, interestadual",49,TRANSPORTE TERRESTRE,49.2,Transporte rodoviário de passageiros,49.22-1,"Transporte rodoviário coletivo de passageiros, com itinerário fixo, intermunicipal, interestadual e internacional",4922-1/02,"Transporte rodoviário coletivo de passageiros, com itinerário fixo, interestadual"
4922103,H,"Transporte rodoviário coletivo de passageiros, com itinerário fixo, internacional",49,TRANSPORTE TERRESTRE,49.2,Transporte rodoviário de passageiros,49.22-1,"Transporte rodoviário coletivo de passageiros, com itinerário fixo, intermunicipal, interestadual e internacional",4922-1/03,"Transporte rodoviário coletivo de passageiros, com itinerário fixo, internacional"
4923001,H,Serviço de táxi,49,TRANSPORTE TERRESTRE,49.2,Transporte rodoviário de passageiros,49.23-0,Transporte rodoviário de táxi,4923-0/01,Serviço de táxi
4923002,H,Serviço de transporte de passageiros - locação de automóveis com motorista,49,TRANSPORTE TERRESTRE,49.2,Transporte rodoviário de passageiros,49.23-0,Transporte rodoviário de táxi,4923-0/02,Serviço de transporte de passageiros - locação de automóveis com motorista
4924800,H,Transporte escolar,49,TRANSPORTE TERRESTRE,49.2,Transporte rodoviário de passageiros,49.24-8,Transporte escolar,4924-8/00,Transporte escolar
4929901,H,"Transporte rodoviário coletivo de passageiros, sob regime de fretamento, municipal",49,TRANSPORTE TERRESTRE,49.2,Transporte rodoviário de passageiros,49.29-9,"Transporte rodoviário coletivo de passageiros, sob regime de fretamento, e outros transportes rodoviários não especificados anteriormente",4929-9/01,"Transporte rodoviário coletivo de passageiros, sob regime de fretamento, municipal"
4929902,H,"Transporte rodoviário coletivo de passageiros, sob regime de fretamento, intermunicipal, interestadual e internacional",49,TRANSPORTE TERRESTRE,49.2,Transporte rodoviário de passageiros,49.29-9,"Transporte rodoviário coletivo de passageiros, sob regime de fretamento, e outros transportes rodoviários não especificados anteriormente",4929-9/02,"Transporte rodoviário coletivo de passageiros, sob regime de fretamento, intermunicipal, interestadual e internacional"
4929903,H,"Organização de excursões em veículos rodoviários próprios, municipal",49,TRANSPORTE TERRESTRE,49.2,Transporte rodoviário de passageiros,49.29-9,"Transporte rodoviário coletivo de passageiros, sob regime de fretamento, e outros transportes rodoviários não especificados anteriormente",4929-9/03,"Organização de excursões em veículos rodoviários próprios, municipal"
4929904,H,"Organização de excursões em veículos rodoviários próprios, intermunicipal, interestadual e internacional",49,TRANSPORTE TERRESTRE,49.2,Transporte rodoviário de passageiros,49.29-9,"Transporte rodoviário coletivo de passageiros, sob regime de fretamento, e outros transportes rodoviários não especificados anteriormente",4929-9/04,"Organização de excursões em veículos rodoviários próprios, intermunicipal, interestadual e internacional"
4929999,H,Outros transportes rodoviários de passageiros não especificados anteriormente,49,TRANSPORTE TERRESTRE,49.2,Transporte rodoviário de passageiros,49.29-9,"Transporte rodoviário coletivo de passageiros, sob regime de fretamento, e outros transportes rodoviários não especificados anteriormente",4929-9/99,Outros transportes rodoviários de passageiros não especificados anteriormente
,Seção,Denominação,Divisão,TRANSPORTE TERRESTRE,Grupo,Transporte rodoviário de carga,Classe,Transporte rodoviário de carga,Subclasse,
4930201,Seção,"Transporte rodoviário de carga, exceto produtos perigosos e mudanças, municipal",Divisão,TRANSPORTE TERRESTRE,Grupo,Transporte rodoviário de carga,Classe,Transporte rodoviário de carga,4930-2/01,"Transporte rodoviário de carga, exceto produtos perigosos e mudanças, municipal"
4930202,Seção,"Transporte rodoviário de carga, exceto produtos perigosos e mudanças, intermunicipal, interestadual e internacional",Divisão,TRANSPORTE TERRESTRE,Grupo,Transporte rodoviário de carga,Classe,Transporte rodoviário de carga,4930-2/02,"Transporte rodoviário de carga, exceto produtos perigosos e mudanças, intermunicipal, interestadual e internacional"
4930203,Seção,Transporte rodoviário de produtos perigosos,Divisão,TRANSPORTE TERRESTRE,Grupo,Transporte rodoviário de carga,Classe,Transporte rodoviário de carga,4930-2/03,Transporte rodoviário de produtos perigosos
4930204,Seção,Transporte rodoviário de mudanças,Divisão,TRANSPORTE TERRESTRE,Grupo,Transporte rodoviário de carga,Classe,Transporte rodoviário de carga,4930-2/04,Transporte rodoviário de mudanças
4940000,Seção,Transporte dutoviário,Divisão,TRANSPORTE TERRESTRE,49.4,Transporte dutoviário,49.40-0,Transporte dutoviário,4940-0/00,Transporte dutoviário
4950700,Seção,"Trens turísticos, teleféricos e similares",Divisão,TRANSPORTE TERRESTRE,49.5,"Trens turísticos, teleféricos e similares",49.50-7,"Trens turísticos, teleféricos e similares",4950-7/00,"Trens turísticos, teleféricos e similares"
5011401,Seção,Transporte marítimo de cabotagem - Carga,50,TRANSPORTE AQUAVIÁRIO,50.1,Transporte marítimo de cabotagem e longo curso,50.11-4,Transporte marítimo de cabotagem,5011-4/01,Transporte marítimo de cabotagem - Carga
5011402,Seção,Transporte marítimo de cabotagem - passageiros,50,TRANSPORTE AQUAVIÁRIO,50.1,Transporte marítimo de cabotagem e longo curso,50.11-4,Transporte marítimo de cabotagem,5011-4/02,Transporte marítimo de cabotagem - passageiros
5012201,Seção,Transporte marítimo de longo curso - Carga,50,TRANSPORTE AQUAVIÁRIO,50.1,Transporte marítimo de cabotagem e longo curso,50.12-2,Transporte marítimo de longo curso,5012-2/01,Transporte marítimo de longo curso - Carga
5012202,Seção,Transporte marítimo de longo curso - Passageiros,50,TRANSPORTE AQUAVIÁRIO,50.1,Transporte marítimo de cabotagem e longo curso,50.12-2,Transporte marítimo de longo curso,5012-2/02,Transporte marítimo de longo curso - Passageiros
5021101,Seção,"Transporte por navegação interior de carga, municipal, exceto travessia",50,TRANSPORTE AQUAVIÁRIO,50.2,Transporte por navegação interior,50.21-1,Transporte por navegação interior de carga,5021-1/01,"Transporte por navegação interior de carga, municipal, exceto travessia"
5021102,Seção,"Transporte por navegação interior de carga, intermunicipal, interestadual e internacional, exceto travessia",50,TRANSPORTE AQUAVIÁRIO,50.2,Transporte por navegação interior,50.21-1,Transporte por navegação interior de carga,5021-1/02,"Transporte por navegação interior de carga, intermunicipal, interestadual e internacional, exceto travessia"
5022001,Seção,"Transporte por navegação interior de passageiros em linhas regulares, municipal, exceto travessia",50,TRANSPORTE AQUAVIÁRIO,50.2,Transporte por navegação interior,50.22-0,Transporte por navegação interior de passageiros em linhas regulares,5022-0/01,"Transporte por navegação interior de passageiros em linhas regulares, municipal, exceto travessia"
5022002,Seção,"Transporte por navegação interior de passageiros em linhas regulares, intermunicipal, interestadual e internacional, exceto travessia",50,TRANSPORTE AQUAVIÁRIO,50.2,Transporte por navegação interior,50.22-0,Transporte por navegação interior de passageiros em linhas regulares,5022-0/02,"Transporte por navegação interior de passageiros em linhas regulares, intermunicipal, interestadual e internacional, exceto travessia"
5030101,Seção,Navegação de apoio marítimo,50,TRANSPORTE AQUAVIÁRIO,50.3,Navegação de apoio,50.30-1,Navegação de apoio,5030-1/01,Navegação de apoio marítimo
5030102,Seção,Navegação de apoio portuário,50,TRANSPORTE AQUAVIÁRIO,50.3,Navegação de apoio,50.30-1,Navegação de apoio,5030-1/02,Navegação de apoio portuário
5091201,Seção,"Transporte por navegação de travessia, municipal",50,TRANSPORTE AQUAVIÁRIO,50.9,Outros transportes aquaviários,50.91-2,Transporte por navegação de travessia,5091-2/01,"Transporte por navegação de travessia, municipal"
5091202,Seção,"Transporte por navegação de travessia, intermunicipal",50,TRANSPORTE AQUAVIÁRIO,50.9,Outros transportes aquaviários,50.91-2,Transporte por navegação de travessia,5091-2/02,"Transporte por navegação de travessia, intermunicipal"
5099801,Seção,Transporte aquaviário para passeios turísticos,50,TRANSPORTE AQUAVIÁRIO,50.9,Outros transportes aquaviários,50.99-8,Transportes aquaviários não especificados anteriormente,5099-8/01,Transporte aquaviário para passeios turísticos
5099899,Seção,Outros transportes aquaviários não especificados anteriormente,50,TRANSPORTE AQUAVIÁRIO,50.9,Outros transportes aquaviários,50.99-8,Transportes aquaviários não especificados anteriormente,5099-8/99,Outros transportes aquaviários não especificados anteriormente
5111100,Seção,Transporte aéreo de passageiros regular,51,TRANSPORTE AÉREO,51.1,Transporte aéreo de passageiros,51.11-1,Transporte aéreo de passageiros regular,5111-1/00,Transporte aéreo de passageiros regular
5112901,Seção,Serviço de táxi aéreo e locação de aeronaves com tripulação,51,TRANSPORTE AÉREO,51.1,Transporte aéreo de passageiros,51.12-9,Transporte aéreo de passageiros não-regular,5112-9/01,Serviço de táxi aéreo e locação de aeronaves com tripulação
5112999,Seção,Outros serviços de transporte aéreo de passageiros não-regular,51,TRANSPORTE AÉREO,51.1,Transporte aéreo de passageiros,51.12-9,Transporte aéreo de passageiros não-regular,5112-9/99,Outros serviços de transporte aéreo de passageiros não-regular
5120000,Seção,Transporte aéreo de carga,51,TRANSPORTE AÉREO,51.2,Transporte aéreo de carga,51.20-0,Transporte aéreo de carga,5120-0/00,Transporte aéreo de carga
,Seção,Denominação,Divisão,TRANSPORTE AÉREO,Grupo,Transporte espacial,Classe,Transporte aéreo de carga,Subclasse,
5130700,Seção,Transporte espacial,Divisão,TRANSPORTE AÉREO,Grupo,Transporte espacial,51.30-7,Transporte espacial,5130-7/00,Transporte espacial
5211701,Seção,Armazéns gerais - emissão de warrant,52,ARMAZENAMENTO E ATIVIDADES AUXILIARES DOS TRANSPORTES,52.1,"Armazenamento, carga e descarga",52.11-7,Armazenamento,5211-7/01,Armazéns gerais - emissão de warrant
5211702,Seção,Guarda-móveis,52,ARMAZENAMENTO E ATIVIDADES AUXILIARES DOS TRANSPORTES,52.1,"Armazenamento, carga e descarga",52.11-7,Armazenamento,5211-7/02,Guarda-móveis
5211799,Seção,"Depósitos de mercadorias para terceiros, exceto armazéns gerais e guarda-móveis",52,ARMAZENAMENTO E ATIVIDADES AUXILIARES DOS TRANSPORTES,52.1,"Armazenamento, carga e descarga",52.11-7,Armazenamento,5211-7/99,"Depósitos de mercadorias para terceiros, exceto armazéns gerais e guarda-móveis"
5212500,Seção,Carga e descarga,52,ARMAZENAMENTO E ATIVIDADES AUXILIARES DOS TRANSPORTES,52.1,"Armazenamento, carga e descarga",52.12-5,Carga e descarga,5212-5/00,Carga e descarga
5221400,Seção,"Concessionárias de rodovias, pontes, túneis e serviços relacionados",52,ARMAZENAMENTO E ATIVIDADES AUXILIARES DOS TRANSPORTES,52.2,Atividades auxiliares dos transportes terrestres,52.21-4,"Concessionárias de rodovias, pontes, túneis e serviços relacionados",5221-4/00,"Concessionárias de rodovias, pontes, túneis e serviços relacionados"
5222200,Seção,Terminais rodoviários e ferroviários,52,ARMAZENAMENTO E ATIVIDADES AUXILIARES DOS TRANSPORTES,52.2,Atividades auxiliares dos transportes terrestres,52.22-2,Terminais rodoviários e ferroviários,5222-2/00,Terminais rodoviários e ferroviários
5223100,Seção,Estacionamento de veículos,52,ARMAZENAMENTO E ATIVIDADES AUXILIARES DOS TRANSPORTES,52.2,Atividades auxiliares dos transportes terrestres,52.23-1,Estacionamento de veículos,5223-1/00,Estacionamento de veículos
5229001,Seção,"Serviços de apoio ao transporte por táxi, inclusive centrais de chamada",52,ARMAZENAMENTO E ATIVIDADES AUXILIARES DOS TRANSPORTES,52.2,Atividades auxiliares dos transportes terrestres,52.29-0,Atividades auxiliares dos transportes terrestres não especificadas anteriormente,5229-0/01,"Serviços de apoio ao transporte por táxi, inclusive centrais de chamada"
5229002,Seção,Serviços de reboque de veículos,52,ARMAZENAMENTO E ATIVIDADES AUXILIARES DOS TRANSPORTES,52.2,Atividades auxiliares dos transportes terrestres,52.29-0,Atividades auxiliares dos transportes terrestres não especificadas anteriormente,5229-0/02,Serviços de reboque de veículos
5229099,Seção,Outras atividades auxiliares dos transportes terrestres não especificadas anteriormente,52,ARMAZENAMENTO E ATIVIDADES AUXILIARES DOS TRANSPORTES,52.2,Atividades auxiliares dos transportes terrestres,52.29-0,Atividades auxiliares dos transportes terrestres não especificadas anteriormente,5229-0/99,Outras atividades auxiliares dos transportes terrestres não especificadas anteriormente
5231101,Seção,Administração da infra-estrutura portuária,52,ARMAZENAMENTO E ATIVIDADES AUXILIARES DOS TRANSPORTES,52.3,Atividades auxiliares dos transportes aquaviários,52.31-1,Gestão de portos e terminais,5231-1/01,Administração da infra-estrutura portuária
5231102,Seção,Operações de terminais,52,ARMAZENAMENTO E ATIVIDADES AUXILIARES DOS TRANSPORTES,52.3,Atividades auxiliares dos transportes aquaviários,52.31-1,Gestão de portos e terminais,5231-1/02,Operações de terminais
5232000,Seção,Atividades de agenciamento marítimo,52,ARMAZENAMENTO E ATIVIDADES AUXILIARES DOS TRANSPORTES,52.3,Atividades auxiliares dos transportes aquaviários,52.32-0,Atividades de agenciamento marítimo,5232-0/00,Atividades de agenciamento marítimo
5239700,Seção,Atividades auxiliares dos transportes aquaviários não especificadas anteriormente,52,ARMAZENAMENTO E ATIVIDADES AUXILIARES DOS TRANSPORTES,52.3,Atividades auxiliares dos transportes aquaviários,52.39-7,Atividades auxiliares dos transportes aquaviários não especificadas anteriormente,5239-7/00,Atividades auxiliares dos transportes aquaviários não especificadas anteriormente
5240101,Seção,Operação dos aeroportos e campos de aterrissagem,52,ARMAZENAMENTO E ATIVIDADES AUXILIARES DOS TRANSPORTES,52.4,Atividades auxiliares dos transportes aéreos,52.40-1,Atividades auxiliares dos transportes aéreos,5240-1/01,Operação dos aeroportos e campos de aterrissagem
5240199,Seção,"Atividades auxiliares dos transportes aéreos, exceto operação dos aeroportos e campos de aterrissagem",52,ARMAZENAMENTO E ATIVIDADES AUXILIARES DOS TRANSPORTES,52.4,Atividades auxiliares dos transportes aéreos,52.40-1,Atividades auxiliares dos transportes aéreos,5240-1/99,"Atividades auxiliares dos transportes aéreos, exceto operação dos aeroportos e campos de aterrissagem"
5250801,Seção,Comissaria de despachos,52,ARMAZENAMENTO E ATIVIDADES AUXILIARES DOS TRANSPORTES,52.5,Atividades relacionadas à organização do transporte de carga,52.50-8,Atividades relacionadas à organização do transporte de carga,5250-8/01,Comissaria de despachos
5250802,Seção,Atividades de despachantes aduaneiros,52,ARMAZENAMENTO E ATIVIDADES AUXILIARES DOS TRANSPORTES,52.5,Atividades relacionadas à organização do transporte de carga,52.50-8,Atividades relacionadas à organização do transporte de carga,5250-8/02,Atividades de despachantes aduaneiros
5250803,Seção,"Agenciamento de cargas, exceto para o transporte marítimo",52,ARMAZENAMENTO E ATIVIDADES AUXILIARES DOS TRANSPORTES,52.5,Atividades relacionadas à organização do transporte de carga,52.50-8,Atividades relacionadas à organização do transporte de carga,5250-8/03,"Agenciamento de cargas, exceto para o transporte marítimo"
5250804,Seção,Organização logística do transporte de carga,52,ARMAZENAMENTO E ATIVIDADES AUXILIARES DOS TRANSPORTES,52.5,Atividades relacionadas à organização do transporte de carga,52.50-8,Atividades relacionadas à organização do transporte de carga,5250-8/04,Organização logística do transporte de carga
5250805,Seção,Operador de transporte multimodal - OTM,52,ARMAZENAMENTO E ATIVIDADES AUXILIARES DOS TRANSPORTES,52.5,Atividades relacionadas à organização do transporte de carga,52.50-8,Atividades relacionadas à organização do transporte de carga,5250-8/05,Operador de transporte multimodal - OTM
5310501,Seção,Atividades do Correio Nacional,53,CORREIO E OUTRAS ATIVIDADES DE ENTREGA,53.1,Atividades de Correio,53.10-5,Atividades de Correio,5310-5/01,Atividades do Correio Nacional
,Seção,Denominação,Divisão,CORREIO E OUTRAS ATIVIDADES DE ENTREGA,Grupo,Atividades de Correio,Classe,Atividades de Correio,Subclasse,
5310502,Seção,Atividades de franqueadas e permissionárias do Correio Nacional,Divisão,CORREIO E OUTRAS ATIVIDADES DE ENTREGA,Grupo,Atividades de Correio,Classe,Atividades de Correio,5310-5/02,Atividades de franqueadas e permissionárias do Correio Nacional
5320201,Seção,Serviços de malote não realizados pelo Correio Nacional,Divisão,CORREIO E OUTRAS ATIVIDADES DE ENTREGA,53.2,Atividades de malote e de entrega,53.20-2,Atividades de malote e de entrega,5320-2/01,Serviços de malote não realizados pelo Correio Nacional
5320202,Seção,Serviços de entrega rápida,Divisão,CORREIO E OUTRAS ATIVIDADES DE ENTREGA,53.2,Atividades de malote e de entrega,53.20-2,Atividades de malote e de entrega,5320-2/02,Serviços de entrega rápida
5510801,I,Hotéis,55,ALOJAMENTO,55.1,Hotéis e similares,55.10-8,Hotéis e similares,5510-8/01,Hotéis
5510802,I,Apart-hotéis,55,ALOJAMENTO,55.1,Hotéis e similares,55.10-8,Hotéis e similares,5510-8/02,Apart-hotéis
5510803,I,Motéis,55,ALOJAMENTO,55.1,Hotéis e similares,55.10-8,Hotéis e similares,5510-8/03,Motéis
5590601,I,"Albergues, exceto assistenciais",55,ALOJAMENTO,55.9,Outros tipos de alojamento não especificados anteriormente,55.90-6,Outros tipos de alojamento não especificados anteriormente,5590-6/01,"Albergues, exceto assistenciais"
5590602,I,Campings,55,ALOJAMENTO,55.9,Outros tipos de alojamento não especificados anteriormente,55.90-6,Outros tipos de alojamento não especificados anteriormente,5590-6/02,Campings
5590603,I,Pensões (alojamento),55,ALOJAMENTO,55.9,Outros tipos de alojamento não especificados anteriormente,55.90-6,Outros tipos de alojamento não especificados anteriormente,5590-6/03,Pensões (alojamento)
5590699,I,Outros alojamentos não especificados anteriormente,55,ALOJAMENTO,55.9,Outros tipos de alojamento não especificados anteriormente,55.90-6,Outros tipos de alojamento não especificados anteriormente,5590-6/99,Outros alojamentos não especificados anteriormente
5611201,I,Restaurantes e similares,56,ALIMENTAÇÃO,56.1,Restaurantes e outros serviços de alimentação e bebidas,56.11-2,Restaurantes e outros estabelecimentos de serviços de alimentação e bebidas,5611-2/01,Restaurantes e similares
5611202,I,Bares e outros estabelecimentos especializados em servir bebidas,56,ALIMENTAÇÃO,56.1,Restaurantes e outros serviços de alimentação e bebidas,56.11-2,Restaurantes e outros estabelecimentos de serviços de alimentação e bebidas,5611-2/02,Bares e outros estabelecimentos especializados em servir bebidas
5611203,I,"Lanchonetes, casas de chá, de sucos e similares",56,ALIMENTAÇÃO,56.1,Restaurantes e outros serviços de alimentação e bebidas,56.11-2,Restaurantes e outros estabelecimentos de serviços de alimentação e bebidas,5611-2/03,"Lanchonetes, casas de chá, de sucos e similares"
5612100,I,Serviços ambulantes de alimentação,56,ALIMENTAÇÃO,56.1,Restaurantes e outros serviços de alimentação e bebidas,56.12-1,Serviços ambulantes de alimentação,5612-1/00,Serviços ambulantes de alimentação
5620101,I,Fornecimento de alimentos preparados preponderantemente para empresas,56,ALIMENTAÇÃO,56.2,"Serviços de catering, bufê e outros serviços de comida preparada",56.20-1,"Serviços de catering, bufê e outros serviços de comida preparada",5620-1/01,Fornecimento de alimentos preparados preponderantemente para empresas
5620102,I,Serviços de alimentação para eventos e recepções - bufê,56,ALIMENTAÇÃO,56.2,"Serviços de catering, bufê e outros serviços de comida preparada",56.20-1,"Serviços de catering, bufê e outros serviços de comida preparada",5620-1/02,Serviços de alimentação para eventos e recepções - bufê
5620103,I,Cantinas - serviços de alimentação privativos,56,ALIMENTAÇÃO,56.2,"Serviços de catering, bufê e outros serviços de comida preparada",56.20-1,"Serviços de catering, bufê e outros serviços de comida preparada",5620-1/03,Cantinas - serviços de alimentação privativos
5620104,I,Fornecimento de alimentos preparados preponderantemente para consumo domiciliar,56,ALIMENTAÇÃO,56.2,"Serviços de catering, bufê e outros serviços de comida preparada",56.20-1,"Serviços de catering, bufê e outros serviços de comida preparada",5620-1/04,Fornecimento de alimentos preparados preponderantemente para consumo domiciliar
5811500,J,Edição de livros,58,EDIÇÃO E EDIÇÃO INTEGRADA À IMPRESSÃO,58.1,"Edição de livros, jornais, revistas e outras atividades de edição",58.11-5,Edição de livros,5811-5/00,Edição de livros
5812300,J,Edição de jornais,58,EDIÇÃO E EDIÇÃO INTEGRADA À IMPRESSÃO,58.1,"Edição de livros, jornais, revistas e outras atividades de edição",58.12-3,Edição de jornais,5812-3/00,Edição de jornais
5813100,J,Edição de revistas,58,EDIÇÃO E EDIÇÃO INTEGRADA À IMPRESSÃO,58.1,"Edição de livros, jornais, revistas e outras atividades de edição",58.13-1,Edição de revistas,5813-1/00,Edição de revistas
5819100,J,"Edição de cadastros, listas e outros produtos gráficos",58,EDIÇÃO E EDIÇÃO INTEGRADA À IMPRESSÃO,58.1,"Edição de livros, jornais, revistas e outras atividades de edição",58.19-1,"Edição de cadastros, listas e outros produtos gráficos",5819-1/00,"Edição de cadastros, listas e outros produtos gráficos"
,Seção,Denominação,Divisão,EDIÇÃO E EDIÇÃO INTEGRADA À IMPRESSÃO,Grupo,"Edição integrada à impressão de livros, jornais, revistas e outras publicações",Classe,"Edição de cadastros, listas e outros produtos gráficos",Subclasse,
5821200,Seção,Edição integrada à impressão de livros,Divisão,EDIÇÃO E EDIÇÃO INTEGRADA À IMPRESSÃO,Grupo,"Edição integrada à impressão de livros, jornais, revistas e outras publicações",58.21-2,Edição integrada à impressão de livros,5821-2/00,Edição integrada à impressão de livros
5822100,Seção,Edição integrada à impressão de jornais,Divisão,EDIÇÃO E EDIÇÃO INTEGRADA À IMPRESSÃO,Grupo,"Edição integrada à impressão de livros, jornais, revistas e outras publicações",58.22-1,Edição integrada à impressão de jornais,5822-1/00,Edição integrada à impressão de jornais
5823900,Seção,Edição integrada à impressão de revistas,Divisão,EDIÇÃO E EDIÇÃO INTEGRADA À IMPRESSÃO,Grupo,"Edição integrada à impressão de livros, jornais, revistas e outras publicações",58.23-9,Edição integrada à impressão de revistas,5823-9/00,Edição integrada à impressão de revistas
5829800,Seção,"Edição integrada à impressão de cadastros, listas e outros produtos gráficos",Divisão,EDIÇÃO E EDIÇÃO INTEGRADA À IMPRESSÃO,Grupo,"Edição integrada à impressão de livros, jornais, revistas e outras publicações",58.29-8,"Edição integrada à impressão de cadastros, listas e outros produtos gráficos",5829-8/00,"Edição integrada à impressão de cadastros, listas e outros produtos gráficos"
5911101,Seção,Estúdios cinematográficos,59,"ATIVIDADES CINEMATOGRÁFICAS, PRODUÇÃO DE VÍDEOS E DE PROGRAMAS DE TELEVISÃO; GRAVAÇÃO DE SOM E EDIÇÃO DE MÚSICA",59.1,"Atividades cinematográficas, produção de vídeos e de programas de televisão",59.11-1,"Atividades de produção cinematográfica, de vídeos e de programas de televisão",5911-1/01,Estúdios cinematográficos
5911102,Seção,Produção de filmes para publicidade,59,"ATIVIDADES CINEMATOGRÁFICAS, PRODUÇÃO DE VÍDEOS E DE PROGRAMAS DE TELEVISÃO; GRAVAÇÃO DE SOM E EDIÇÃO DE MÚSICA",59.1,"Atividades cinematográficas, produção de vídeos e de programas de televisão",59.11-1,"Atividades de produção cinematográfica, de vídeos e de programas de televisão",5911-1/02,Produção de filmes para publicidade
5911199,Seção,"Atividades de produção cinematográfica, de vídeos e de programas de televisão não especificadas anteriormente",59,"ATIVIDADES CINEMATOGRÁFICAS, PRODUÇÃO DE VÍDEOS E DE PROGRAMAS DE TELEVISÃO; GRAVAÇÃO DE SOM E EDIÇÃO DE MÚSICA",59.1,"Atividades cinematográficas, produção de vídeos e de programas de televisão",59.11-1,"Atividades de produção cinematográfica, de vídeos e de programas de televisão",5911-1/99,"Atividades de produção cinematográfica, de vídeos e de programas de televisão não especificadas anteriormente"
5912001,Seção,Serviços de dublagem,59,"ATIVIDADES CINEMATOGRÁFICAS, PRODUÇÃO DE VÍDEOS E DE PROGRAMAS DE TELEVISÃO; GRAVAÇÃO DE SOM E EDIÇÃO DE MÚSICA",59.1,"Atividades cinematográficas, produção de vídeos e de programas de televisão",59.12-0,"Atividades de pós-produção cinematográfica, de vídeos e de programas de televisão",5912-0/01,Serviços de dublagem
5912002,Seção,Serviços de mixagem sonora em produção audiovisual,59,"ATIVIDADES CINEMATOGRÁFICAS, PRODUÇÃO DE VÍDEOS E DE PROGRAMAS DE TELEVISÃO; GRAVAÇÃO DE SOM E EDIÇÃO DE MÚSICA",59.1,"Atividades cinematográficas, produção de vídeos e de programas de televisão",59.12-0,"Atividades de pós-produção cinematográfica, de vídeos e de programas de televisão",5912-0/02,Serviços de mixagem sonora em produção audiovisual
5912099,Seção,"Atividades de pós-produção cinematográfica, de vídeos e de programas de televisão não especificadas anteriormente",59,"ATIVIDADES CINEMATOGRÁFICAS, PRODUÇÃO DE VÍDEOS E DE PROGRAMAS DE TELEVISÃO; GRAVAÇÃO DE SOM E EDIÇÃO DE MÚSICA",59.1,"Atividades cinematográficas, produção de vídeos e de programas de televisão",59.12-0,"Atividades de pós-produção cinematográfica, de vídeos e de programas de televisão",5912-0/99,"Atividades de pós-produção cinematográfica, de vídeos e de programas de televisão não especificadas anteriormente"
5913800,Seção,"Distribuição cinematográfica, de vídeo e de programas de televisão",59,"ATIVIDADES CINEMATOGRÁFICAS, PRODUÇÃO DE VÍDEOS E DE PROGRAMAS DE TELEVISÃO; GRAVAÇÃO DE SOM E EDIÇÃO DE MÚSICA",59.1,"Atividades cinematográficas, produção de vídeos e de programas de televisão",59.13-8,"Distribuição cinematográfica, de vídeo e de programas de televisão",5913-8/00,"Distribuição cinematográfica, de vídeo e de programas de televisão"
5914600,Seção,Atividades de exibição cinematográfica,59,"ATIVIDADES CINEMATOGRÁFICAS, PRODUÇÃO DE VÍDEOS E DE PROGRAMAS DE TELEVISÃO; GRAVAÇÃO DE SOM E EDIÇÃO DE MÚSICA",59.1,"Atividades cinematográficas, produção de vídeos e de programas de televisão",59.14-6,Atividades de exibição cinematográfica,5914-6/00,Atividades de exibição cinematográfica
5920100,Seção,Atividades de gravação de som e de edição de música,59,"ATIVIDADES CINEMATOGRÁFICAS, PRODUÇÃO DE VÍDEOS E DE PROGRAMAS DE TELEVISÃO; GRAVAÇÃO DE SOM E EDIÇÃO DE MÚSICA",59.2,Atividades de gravação de som e de edição de música,59.20-1,Atividades de gravação de som e de edição de música,5920-1/00,Atividades de gravação de som e de edição de música
6010100,Seção,Atividades de rádio,60,ATIVIDADES DE RÁDIO E DE TELEVISÃO,60.1,Atividades de rádio,60.10-1,Atividades de rádio,6010-1/00,Atividades de rádio
6021700,Seção,Atividades de televisão aberta,60,ATIVIDADES DE RÁDIO E DE TELEVISÃO,60.2,Atividades de televisão,60.21-7,Atividades de televisão aberta,6021-7/00,Atividades de televisão aberta
6022501,Seção,Programadoras,60,ATIVIDADES DE RÁDIO E DE TELEVISÃO,60.2,Atividades de televisão,60.22-5,Programadoras e atividades relacionadas à televisão por assinatura,6022-5/01,Programadoras
6022502,Seção,"Atividades relacionadas à televisão por assinatura, exceto programadoras",60,ATIVIDADES DE RÁDIO E DE TELEVISÃO,60.2,Atividades de televisão,60.22-5,Programadoras e atividades relacionadas à televisão por assinatura,6022-5/02,"Atividades relacionadas à televisão por assinatura, exceto programadoras"
6110801,Seção,Serviços de telefonia fixa comutada - STFC,61,TELECOMUNICAÇÕES,61.1,Telecomunicações por fio,61.10-8,Telecomunicações por fio,6110-8/01,Serviços de telefonia fixa comutada - STFC
6110802,Seção,Serviços de redes de transporte de telecomunicações - SRTT,61,TELECOMUNICAÇÕES,61.1,Telecomunicações por fio,61.10-8,Telecomunicações por fio,6110-8/02,Serviços de redes de transporte de telecomunicações - SRTT
6110803,Seção,Serviços de comunicação multimídia - SCM,61,TELECOMUNICAÇÕES,61.1,Telecomunicações por fio,61.10-8,Telecomunicações por fio,6110-8/03,Serviços de comunicação multimídia - SCM
,Seção,Denominação,Divisão,TELECOMUNICAÇÕES,Grupo,Telecomunicações por fio,Classe,Telecomunicações por fio,Subclasse,
6110899,Seção,Serviços de telecomunicações por fio não especificados anteriormente,Divisão,TELECOMUNICAÇÕES,Grupo,Telecomunicações por fio,Classe,Telecomunicações por fio,6110-8/99,Serviços de telecomunicações por fio não especificados anteriormente
6120501,Seção,Telefonia móvel celular,Divisão,TELECOMUNICAÇÕES,61.2,Telecomunicações sem fio,61.20-5,Telecomunicações sem fio,6120-5/01,Telefonia móvel celular
6120502,Seção,Serviço móvel especializado - SME,Divisão,TELECOMUNICAÇÕES,61.2,Telecomunicações sem fio,61.20-5,Telecomunicações sem fio,6120-5/02,Serviço móvel especializado - SME
6120599,Seção,Serviços de telecomunicações sem fio não especificados anteriormente,Divisão,TELECOMUNICAÇÕES,61.2,Telecomunicações sem fio,61.20-5,Telecomunicações sem fio,6120-5/99,Serviços de telecomunicações sem fio não especificados anteriormente
6130200,Seção,Telecomunicações por satélite,Divisão,TELECOMUNICAÇÕES,61.3,Telecomunicações por satélite,61.30-2,Telecomunicações por satélite,6130-2/00,Telecomunicações por satélite
6141800,Seção,Operadoras de televisão por assinatura por cabo,Divisão,TELECOMUNICAÇÕES,61.4,Operadoras de televisão por assinatura,61.41-8,Operadoras de televisão por assinatura por cabo,6141-8/00,Operadoras de televisão por assinatura por cabo
6142600,Seção,Operadoras de televisão por assinatura por microondas,Divisão,TELECOMUNICAÇÕES,61.4,Operadoras de televisão por assinatura,61.42-6,Operadoras de televisão por assinatura por microondas,6142-6/00,Operadoras de televisão por assinatura por microondas
6143400,Seção,Operadoras de televisão por assinatura por satélite,Divisão,TELECOMUNICAÇÕES,61.4,Operadoras de televisão por assinatura,61.43-4,Operadoras de televisão por assinatura por satélite,6143-4/00,Operadoras de televisão por assinatura por satélite
6190601,Seção,Provedores de acesso às redes de comunicações,Divisão,TELECOMUNICAÇÕES,61.9,Outras atividades de telecomunicações,61.90-6,Outras atividades de telecomunicações,6190-6/01,Provedores de acesso às redes de comunicações
6190602,Seção,Provedores de voz sobre protocolo internet - VOIP,Divisão,TELECOMUNICAÇÕES,61.9,Outras atividades de telecomunicações,61.90-6,Outras atividades de telecomunicações,6190-6/02,Provedores de voz sobre protocolo internet - VOIP
6190699,Seção,Outras atividades de telecomunicações não especificadas anteriormente,Divisão,TELECOMUNICAÇÕES,61.9,Outras atividades de telecomunicações,61.90-6,Outras atividades de telecomunicações,6190-6/99,Outras atividades de telecomunicações não especificadas anteriormente
6201500,Seção,Desenvolvimento de programas de computador sob encomenda,62,ATIVIDADES DOS SERVIÇOS DE TECNOLOGIA DA INFORMAÇÃO,62.0,Atividades dos serviços de tecnologia da informação,62.01-5,Desenvolvimento de programas de computador sob encomenda,6201-5/00,Desenvolvimento de programas de computador sob encomenda
6202300,Seção,Desenvolvimento e licenciamento de programas de computador customizáveis,62,ATIVIDADES DOS SERVIÇOS DE TECNOLOGIA DA INFORMAÇÃO,62.0,Atividades dos serviços de tecnologia da informação,62.02-3,Desenvolvimento e licenciamento de programas de computador customizáveis,6202-3/00,Desenvolvimento e licenciamento de programas de computador customizáveis
6203100,Seção,Desenvolvimento e licenciamento de programas de computador não-customizáveis,62,ATIVIDADES DOS SERVIÇOS DE TECNOLOGIA DA INFORMAÇÃO,62.0,Atividades dos serviços de tecnologia da informação,62.03-1,Desenvolvimento e licenciamento de programas de computador não-customizáveis,6203-1/00,Desenvolvimento e licenciamento de programas de computador não-customizáveis
6204000,Seção,Consultoria em tecnologia da informação,62,ATIVIDADES DOS SERVIÇOS DE TECNOLOGIA DA INFORMAÇÃO,62.0,Atividades dos serviços de tecnologia da informação,62.04-0,Consultoria em tecnologia da informação,6204-0/00,Consultoria em tecnologia da informação
6209100,Seção,"Suporte técnico, manutenção e outros serviços em tecnologia da informação",62,ATIVIDADES DOS SERVIÇOS DE TECNOLOGIA DA INFORMAÇÃO,62.0,Atividades dos serviços de tecnologia da informação,62.09-1,"Suporte técnico, manutenção e outros serviços em tecnologia da informação",6209-1/00,"Suporte técnico, manutenção e outros serviços em tecnologia da informação"
6311900,Seção,"Tratamento de dados, provedores de serviços de aplicação e serviços de hospedagem na internet",63,ATIVIDADES DE PRESTAÇÃO DE SERVIÇOS DE INFORMAÇÃO,63.1,"Tratamento de dados, hospedagem na internet e outras atividades relacionadas",63.11-9,"Tratamento de dados, provedores de serviços de aplicação e serviços de hospedagem na internet",6311-9/00,"Tratamento de dados, provedores de serviços de aplicação e serviços de hospedagem na internet"
6319400,Seção,"Portais, provedores de conteúdo e outros serviços de informação na internet",63,ATIVIDADES DE PRESTAÇÃO DE SERVIÇOS DE INFORMAÇÃO,63.1,"Tratamento de dados, hospedagem na internet e outras atividades relacionadas",63.19-4,"Portais, provedores de conteúdo e outros serviços de informação na internet",6319-4/00,"Portais, provedores de conteúdo e outros serviços de informação na internet"
,Seção,Denominação,Divisão,ATIVIDADES DE PRESTAÇÃO DE SERVIÇOS DE INFORMAÇÃO,Grupo,"Tratamento de dados, hospedagem na internet e outras atividades relacionadas",Classe,"Portais, provedores de conteúdo e outros serviços de informação na internet",Subclasse,
6391700,Seção,Agências de notícias,Divisão,ATIVIDADES DE PRESTAÇÃO DE SERVIÇOS DE INFORMAÇÃO,63.9,Outras atividades de prestação de serviços de informação,63.91-7,Agências de notícias,6391-7/00,Agências de notícias
6399200,Seção,Outras atividades de prestação de serviços de informação não especificadas anteriormente,Divisão,ATIVIDADES DE PRESTAÇÃO DE SERVIÇOS DE INFORMAÇÃO,63.9,Outras atividades de prestação de serviços de informação,63.99-2,Outras atividades de prestação de serviços de informação não especificadas anteriormente,6399-2/00,Outras atividades de prestação de serviços de informação não especificadas anteriormente
6410700,K,Banco Central,64,ATIVIDADES DE SERVIÇOS FINANCEIROS,64.1,Banco Central,64.10-7,Banco Central,6410-7/00,Banco Central
6421200,K,Bancos comerciais,64,ATIVIDADES DE SERVIÇOS FINANCEIROS,64.2,Intermediação monetária - depósitos à vista,64.21-2,Bancos comerciais,6421-2/00,Bancos comerciais
6422100,K,"Bancos múltiplos, com carteira comercial",64,ATIVIDADES DE SERVIÇOS FINANCEIROS,64.2,Intermediação monetária - depósitos à vista,64.22-1,"Bancos múltiplos, com carteira comercial",6422-1/00,"Bancos múltiplos, com carteira comercial"
6423900,K,Caixas econômicas,64,ATIVIDADES DE SERVIÇOS FINANCEIROS,64.2,Intermediação monetária - depósitos à vista,64.23-9,Caixas econômicas,6423-9/00,Caixas econômicas
6424701,K,Bancos cooperativos,64,ATIVIDADES DE SERVIÇOS FINANCEIROS,64.2,Intermediação monetária - depósitos à vista,64.24-7,Crédito cooperativo,6424-7/01,Bancos cooperativos
6424702,K,Cooperativas centrais de crédito,64,ATIVIDADES DE SERVIÇOS FINANCEIROS,64.2,Intermediação monetária - depósitos à vista,64.24-7,Crédito cooperativo,6424-7/02,Cooperativas centrais de crédito
6424703,K,Cooperativas de crédito mútuo,64,ATIVIDADES DE SERVIÇOS FINANCEIROS,64.2,Intermediação monetária - depósitos à vista,64.24-7,Crédito cooperativo,6424-7/03,Cooperativas de crédito mútuo
6424704,K,Cooperativas de crédito rural,64,ATIVIDADES DE SERVIÇOS FINANCEIROS,64.2,Intermediação monetária - depósitos à vista,64.24-7,Crédito cooperativo,6424-7/04,Cooperativas de crédito rural
6431000,K,"Bancos múltiplos, sem carteira comercial",64,ATIVIDADES DE SERVIÇOS FINANCEIROS,64.3,Intermediação não-monetária - outros instrumentos de captação,64.31-0,"Bancos múltiplos, sem carteira comercial",6431-0/00,"Bancos múltiplos, sem carteira comercial"
6432800,K,Bancos de investimento,64,ATIVIDADES DE SERVIÇOS FINANCEIROS,64.3,Intermediação não-monetária - outros instrumentos de captação,64.32-8,Bancos de investimento,6432-8/00,Bancos de investimento
6433600,K,Bancos de desenvolvimento,64,ATIVIDADES DE SERVIÇOS FINANCEIROS,64.3,Intermediação não-monetária - outros instrumentos de captação,64.33-6,Bancos de desenvolvimento,6433-6/00,Bancos de desenvolvimento
6434400,K,Agências de fomento,64,ATIVIDADES DE SERVIÇOS FINANCEIROS,64.3,Intermediação não-monetária - outros instrumentos de captação,64.34-4,Agências de fomento,6434-4/00,Agências de fomento
6435201,K,Sociedades de crédito imobiliário,64,ATIVIDADES DE SERVIÇOS FINANCEIROS,64.3,Intermediação não-monetária - outros instrumentos de captação,64.35-2,Crédito imobiliário,6435-2/01,Sociedades de crédito imobiliário
6435202,K,Associações de poupança e empréstimo,64,ATIVIDADES DE SERVIÇOS FINANCEIROS,64.3,Intermediação não-monetária - outros instrumentos de captação,64.35-2,Crédito imobiliário,6435-2/02,Associações de poupança e empréstimo
6435203,K,Companhias hipotecárias,64,ATIVIDADES DE SERVIÇOS FINANCEIROS,64.3,Intermediação não-monetária - outros instrumentos de captação,64.35-2,Crédito imobiliário,6435-2/03,Companhias hipotecárias
6436100,K,"Sociedades de crédito, financiamento e investimento - financeiras",64,ATIVIDADES DE SERVIÇOS FINANCEIROS,64.3,Intermediação não-monetária - outros instrumentos de captação,64.36-1,"Sociedades de crédito, financiamento e investimento - financeiras",6436-1/00,"Sociedades de crédito, financiamento e investimento - financeiras"
6437900,K,Sociedades de crédito ao microempreendedor,64,ATIVIDADES DE SERVIÇOS FINANCEIROS,64.3,Intermediação não-monetária - outros instrumentos de captação,64.37-9,Sociedades de crédito ao microempreendedor,6437-9/00,Sociedades de crédito ao microempreendedor
6438701,K,Bancos de câmbio,64,ATIVIDADES DE SERVIÇOS FINANCEIROS,64.3,Intermediação não-monetária - outros instrumentos de captação,64.38-7,Bancos de câmbio e outras instituições de intermediação não-monetária,6438-7/01,Bancos de câmbio
6438799,K,Outras instituições de intermediação não-monetária não especificadas anteriormente,64,ATIVIDADES DE SERVIÇOS FINANCEIROS,64.3,Intermediação não-monetária - outros instrumentos de captação,64.38-7,Bancos de câmbio e outras instituições de intermediação não-monetária,6438-7/99,Outras instituições de intermediação não-monetária não especificadas anteriormente
6440900,K,Arrendamento mercantil,64,ATIVIDADES DE SERVIÇOS FINANCEIROS,64.4,Arrendamento mercantil,64.40-9,Arrendamento mercantil,6440-9/00,Arrendamento mercantil
,Seção,Denominação,Divisão,ATIVIDADES DE SERVIÇOS FINANCEIROS,Grupo,Sociedades de capitalização,Classe,Arrendamento mercantil,Subclasse,
6450600,Seção,Sociedades de capitalização,Divisão,ATIVIDADES DE SERVIÇOS FINANCEIROS,Grupo,Sociedades de capitalização,64.50-6,Sociedades de capitalização,6450-6/00,Sociedades de capitalização
6461100,Seção,Holdings de instituições financeiras,Divisão,ATIVIDADES DE SERVIÇOS FINANCEIROS,64.6,Atividades de sociedades de participação,64.61-1,Holdings de instituições financeiras,6461-1/00,Holdings de instituições financeiras
6462000,Seção,Holdings de instituições não-financeiras,Divisão,ATIVIDADES DE SERVIÇOS FINANCEIROS,64.6,Atividades de sociedades de participação,64.62-0,Holdings de instituições não-financeiras,6462-0/00,Holdings de instituições não-financeiras
6463800,Seção,"Outras sociedades de participação, exceto holdings",Divisão,ATIVIDADES DE SERVIÇOS FINANCEIROS,64.6,Atividades de sociedades de participação,64.63-8,"Outras sociedades de participação, exceto holdings",6463-8/00,"Outras sociedades de participação, exceto holdings"
6470101,Seção,"Fundos de investimento, exceto previdenciários e imobiliários",Divisão,ATIVIDADES DE SERVIÇOS FINANCEIROS,64.7,Fundos de investimento,64.70-1,Fundos de investimento,6470-1/01,"Fundos de investimento, exceto previdenciários e imobiliários"
6470102,Seção,Fundos de investimento previdenciários,Divisão,ATIVIDADES DE SERVIÇOS FINANCEIROS,64.7,Fundos de investimento,64.70-1,Fundos de investimento,6470-1/02,Fundos de investimento previdenciários
6470103,Seção,Fundos de investimento imobiliários,Divisão,ATIVIDADES DE SERVIÇOS FINANCEIROS,64.7,Fundos de investimento,64.70-1,Fundos de investimento,6470-1/03,Fundos de investimento imobiliários
6491300,Seção,Sociedades de fomento mercantil - factoring,Divisão,ATIVIDADES DE SERVIÇOS FINANCEIROS,64.9,Atividades de serviços financeiros não especificadas anteriormente,64.91-3,Sociedades de fomento mercantil - factoring,6491-3/00,Sociedades de fomento mercantil - factoring
6492100,Seção,Securitização de créditos,Divisão,ATIVIDADES DE SERVIÇOS FINANCEIROS,64.9,Atividades de serviços financeiros não especificadas anteriormente,64.92-1,Securitização de créditos,6492-1/00,Securitização de créditos
6493000,Seção,Administração de consórcios para aquisição de bens e direitos,Divisão,ATIVIDADES DE SERVIÇOS FINANCEIROS,64.9,Atividades de serviços financeiros não especificadas anteriormente,64.93-0,Administração de consórcios para aquisição de bens e direitos,6493-0/00,Administração de consórcios para aquisição de bens e direitos
6499901,Seção,Clubes de investimento,Divisão,ATIVIDADES DE SERVIÇOS FINANCEIROS,64.9,Atividades de serviços financeiros não especificadas anteriormente,64.99-9,Outras atividades de serviços financeiros não especificadas anteriormente,6499-9/01,Clubes de investimento
6499902,Seção,Sociedades de investimento,Divisão,ATIVIDADES DE SERVIÇOS FINANCEIROS,64.9,Atividades de serviços financeiros não especificadas anteriormente,64.99-9,Outras atividades de serviços financeiros não especificadas anteriormente,6499-9/02,Sociedades de investimento
6499903,Seção,Fundo garantidor de crédito,Divisão,ATIVIDADES DE SERVIÇOS FINANCEIROS,64.9,Atividades de serviços financeiros não especificadas anteriormente,64.99-9,Outras atividades de serviços financeiros não especificadas anteriormente,6499-9/03,Fundo garantidor de crédito
6499904,Seção,Caixas de financiamento de corporações,Divisão,ATIVIDADES DE SERVIÇOS FINANCEIROS,64.9,Atividades de serviços financeiros não especificadas anteriormente,64.99-9,Outras atividades de serviços financeiros não especificadas anteriormente,6499-9/04,Caixas de financiamento de corporações
6499905,Seção,Concessão de crédito pelas OSCIP,Divisão,ATIVIDADES DE SERVIÇOS FINANCEIROS,64.9,Atividades de serviços financeiros não especificadas anteriormente,64.99-9,Outras atividades de serviços financeiros não especificadas anteriormente,6499-9/05,Concessão de crédito pelas OSCIP
6499999,Seção,Outras atividades de serviços financeiros não especificadas anteriormente,Divisão,ATIVIDADES DE SERVIÇOS FINANCEIROS,64.9,Atividades de serviços financeiros não especificadas anteriormente,64.99-9,Outras atividades de serviços financeiros não especificadas anteriormente,6499-9/99,Outras atividades de serviços financeiros não especificadas anteriormente
6511101,Seção,Seguros de vida,65,"SEGUROS, RESSEGUROS, PREVIDÊNCIA COMPLEMENTAR E PLANOS DE SAÚDE",65.1,Seguros de vida e não-vida,65.11-1,Seguros de vida,6511-1/01,Seguros de vida
6511102,Seção,Planos de auxílio-funeral,65,"SEGUROS, RESSEGUROS, PREVIDÊNCIA COMPLEMENTAR E PLANOS DE SAÚDE",65.1,Seguros de vida e não-vida,65.11-1,Seguros de vida,6511-1/02,Planos de auxílio-funeral
6512000,Seção,Seguros não-vida,65,"SEGUROS, RESSEGUROS, PREVIDÊNCIA COMPLEMENTAR E PLANOS DE SAÚDE",65.1,Seguros de vida e não-vida,65.12-0,Seguros não-vida,6512-0/00,Seguros não-vida
6520100,Seção,Seguros-saúde,65,"SEGUROS, RESSEGUROS, PREVIDÊNCIA COMPLEMENTAR E PLANOS DE SAÚDE",65.2,Seguros-saúde,65.20-1,Seguros-saúde,6520-1/00,Seguros-saúde
6530800,Seção,Resseguros,65,"SEGUROS, RESSEGUROS, PREVIDÊNCIA COMPLEMENTAR E PLANOS DE SAÚDE",65.3,Resseguros,65.30-8,Resseguros,6530-8/00,Resseguros
6541300,Seção,Previdência complementar fechada,65,"SEGUROS, RESSEGUROS, PREVIDÊNCIA COMPLEMENTAR E PLANOS DE SAÚDE",65.4,Previdência complementar,65.41-3,Previdência complementar fechada,6541-3/00,Previdência complementar fechada
6542100,Seção,Previdência complementar aberta,65,"SEGUROS, RESSEGUROS, PREVIDÊNCIA COMPLEMENTAR E PLANOS DE SAÚDE",65.4,Previdência complementar,65.42-1,Previdência complementar aberta,6542-1/00,Previdência complementar aberta
6550200,Seção,Planos de saúde,65,"SEGUROS, RESSEGUROS, PREVIDÊNCIA COMPLEMENTAR E PLANOS DE SAÚDE",65.5,Planos de saúde,65.50-2,Planos de saúde,6550-2/00,Planos de saúde
,Seção,Denominação,Divisão,"SEGUROS, RESSEGUROS, PREVIDÊNCIA COMPLEMENTAR E PLANOS DE SAÚDE",Grupo,Planos de saúde,Classe,Planos de saúde,Subclasse,
6611801,Seção,Bolsa de valores,66,"ATIVIDADES AUXILIARES DOS SERVIÇOS FINANCEIROS, SEGUROS, PREVIDÊNCIA COMPLEMENTAR E PLANOS DE SAÚDE",66.1,Atividades auxiliares dos serviços financeiros,66.11-8,Administração de bolsas e mercados de balcão organizados,6611-8/01,Bolsa de valores
6611802,Seção,Bolsa de mercadorias,66,"ATIVIDADES AUXILIARES DOS SERVIÇOS FINANCEIROS, SEGUROS, PREVIDÊNCIA COMPLEMENTAR E PLANOS DE SAÚDE",66.1,Atividades auxiliares dos serviços financeiros,66.11-8,Administração de bolsas e mercados de balcão organizados,6611-8/02,Bolsa de mercadorias
6611803,Seção,Bolsa de mercadorias e futuros,66,"ATIVIDADES AUXILIARES DOS SERVIÇOS FINANCEIROS, SEGUROS, PREVIDÊNCIA COMPLEMENTAR E PLANOS DE SAÚDE",66.1,Atividades auxiliares dos serviços financeiros,66.11-8,Administração de bolsas e mercados de balcão organizados,6611-8/03,Bolsa de mercadorias e futuros
6611804,Seção,Administração de mercados de balcão organizados,66,"ATIVIDADES AUXILIARES DOS SERVIÇOS FINANCEIROS, SEGUROS, PREVIDÊNCIA COMPLEMENTAR E PLANOS DE SAÚDE",66.1,Atividades auxiliares dos serviços financeiros,66.11-8,Administração de bolsas e mercados de balcão organizados,6611-8/04,Administração de mercados de balcão organizados
6612601,Seção,Corretoras de títulos e valores mobiliários,66,"ATIVIDADES AUXILIARES DOS SERVIÇOS FINANCEIROS, SEGUROS, PREVIDÊNCIA COMPLEMENTAR E PLANOS DE SAÚDE",66.1,Atividades auxiliares dos serviços financeiros,66.12-6,"Atividades de intermediários em transações de títulos, valores mobiliários e mercadorias",6612-6/01,Corretoras de títulos e valores mobiliários
6612602,Seção,Distribuidoras de títulos e valores mobiliários,66,"ATIVIDADES AUXILIARES DOS SERVIÇOS FINANCEIROS, SEGUROS, PREVIDÊNCIA COMPLEMENTAR E PLANOS DE SAÚDE",66.1,Atividades auxiliares dos serviços financeiros,66.12-6,"Atividades de intermediários em transações de títulos, valores mobiliários e mercadorias",6612-6/02,Distribuidoras de títulos e valores mobiliários
6612603,Seção,Corretoras de câmbio,66,"ATIVIDADES AUXILIARES DOS SERVIÇOS FINANCEIROS, SEGUROS, PREVIDÊNCIA COMPLEMENTAR E PLANOS DE SAÚDE",66.1,Atividades auxiliares dos serviços financeiros,66.12-6,"Atividades de intermediários em transações de títulos, valores mobiliários e mercadorias",6612-6/03,Corretoras de câmbio
6612604,Seção,Corretoras de contratos de mercadorias,66,"ATIVIDADES AUXILIARES DOS SERVIÇOS FINANCEIROS, SEGUROS, PREVIDÊNCIA COMPLEMENTAR E PLANOS DE SAÚDE",66.1,Atividades auxiliares dos serviços financeiros,66.12-6,"Atividades de intermediários em transações de títulos, valores mobiliários e mercadorias",6612-6/04,Corretoras de contratos de mercadorias
6612605,Seção,Agentes de investimentos em aplicações financeiras,66,"ATIVIDADES AUXILIARES DOS SERVIÇOS FINANCEIROS, SEGUROS, PREVIDÊNCIA COMPLEMENTAR E PLANOS DE SAÚDE",66.1,Atividades auxiliares dos serviços financeiros,66.12-6,"Atividades de intermediários em transações de títulos, valores mobiliários e mercadorias",6612-6/05,Agentes de investimentos em aplicações financeiras
6613400,Seção,Administração de cartões de crédito,66,"ATIVIDADES AUXILIARES DOS SERVIÇOS FINANCEIROS, SEGUROS, PREVIDÊNCIA COMPLEMENTAR E PLANOS DE SAÚDE",66.1,Atividades auxiliares dos serviços financeiros,66.13-4,Administração de cartões de crédito,6613-4/00,Administração de cartões de crédito
6619301,Seção,Serviços de liquidação e custódia,66,"ATIVIDADES AUXILIARES DOS SERVIÇOS FINANCEIROS, SEGUROS, PREVIDÊNCIA COMPLEMENTAR E PLANOS DE SAÚDE",66.1,Atividades auxiliares dos serviços financeiros,66.19-3,Atividades auxiliares dos serviços financeiros não especificadas anteriormente,6619-3/01,Serviços de liquidação e custódia
6619302,Seção,Correspondentes de instituições financeiras,66,"ATIVIDADES AUXILIARES DOS SERVIÇOS FINANCEIROS, SEGUROS, PREVIDÊNCIA COMPLEMENTAR E PLANOS DE SAÚDE",66.1,Atividades auxiliares dos serviços financeiros,66.19-3,Atividades auxiliares dos serviços financeiros não especificadas anteriormente,6619-3/02,Correspondentes de instituições financeiras
6619303,Seção,Representações de bancos estrangeiros,66,"ATIVIDADES AUXILIARES DOS SERVIÇOS FINANCEIROS, SEGUROS, PREVIDÊNCIA COMPLEMENTAR E PLANOS DE SAÚDE",66.1,Atividades auxiliares dos serviços financeiros,66.19-3,Atividades auxiliares dos serviços financeiros não especificadas anteriormente,6619-3/03,Representações de bancos estrangeiros
6619304,Seção,Caixas eletrônicos,66,"ATIVIDADES AUXILIARES DOS SERVIÇOS FINANCEIROS, SEGUROS, PREVIDÊNCIA COMPLEMENTAR E PLANOS DE SAÚDE",66.1,Atividades auxiliares dos serviços financeiros,66.19-3,Atividades auxiliares dos serviços financeiros não especificadas anteriormente,6619-3/04,Caixas eletrônicos
6619305,Seção,Operadoras de cartões de débito,66,"ATIVIDADES AUXILIARES DOS SERVIÇOS FINANCEIROS, SEGUROS, PREVIDÊNCIA COMPLEMENTAR E PLANOS DE SAÚDE",66.1,Atividades auxiliares dos serviços financeiros,66.19-3,Atividades auxiliares dos serviços financeiros não especificadas anteriormente,6619-3/05,Operadoras de cartões de débito
6619399,Seção,Outras atividades auxiliares dos serviços financeiros não especificadas anteriormente,66,"ATIVIDADES AUXILIARES DOS SERVIÇOS FINANCEIROS, SEGUROS, PREVIDÊNCIA COMPLEMENTAR E PLANOS DE SAÚDE",66.1,Atividades auxiliares dos serviços financeiros,66.19-3,Atividades auxiliares dos serviços financeiros não especificadas anteriormente,6619-3/99,Outras atividades auxiliares dos serviços financeiros não especificadas anteriormente
6621501,Seção,Peritos e avaliadores de seguros,66,"ATIVIDADES AUXILIARES DOS SERVIÇOS FINANCEIROS, SEGUROS, PREVIDÊNCIA COMPLEMENTAR E PLANOS DE SAÚDE",66.2,"Atividades auxiliares dos seguros, da previdência complementar e dos planos de saúde",66.21-5,Avaliação de riscos e perdas,6621-5/01,Peritos e avaliadores de seguros
6621502,Seção,Auditoria e consultoria atuarial,66,"ATIVIDADES AUXILIARES DOS SERVIÇOS FINANCEIROS, SEGUROS, PREVIDÊNCIA COMPLEMENTAR E PLANOS DE SAÚDE",66.2,"Atividades auxiliares dos seguros, da previdência complementar e dos planos de saúde",66.21-5,Avaliação de riscos e perdas,6621-5/02,Auditoria e consultoria atuarial
6622300,Seção,"Corretores e agentes de seguros, de planos de previdência complementar e de saúde",66,"ATIVIDADES AUXILIARES DOS SERVIÇOS FINANCEIROS, SEGUROS, PREVIDÊNCIA COMPLEMENTAR E PLANOS DE SAÚDE",66.2,"Atividades auxiliares dos seguros, da previdência complementar e dos planos de saúde",66.22-3,"Corretores e agentes de seguros, de planos de previdência complementar e de saúde",6622-3/00,"Corretores e agentes de seguros, de planos de previdência complementar e de saúde"
6629100,Seção,"Atividades auxiliares dos seguros, da previdência complementar e dos planos de saúde não especificadas anteriormente",66,"ATIVIDADES AUXILIARES DOS SERVIÇOS FINANCEIROS, SEGUROS, PREVIDÊNCIA COMPLEMENTAR E PLANOS DE SAÚDE",66.2,"Atividades auxiliares dos seguros, da previdência complementar e dos planos de saúde",66.29-1,"Atividades auxiliares dos seguros, da previdência complementar e dos planos de saúde não especificadas anteriormente",6629-1/00,"Atividades auxiliares dos seguros, da previdência complementar e dos planos de saúde não especificadas anteriormente"
6630400,Seção,Atividades de administração de fundos por contrato ou comissão,66,"ATIVIDADES AUXILIARES DOS SERVIÇOS FINANCEIROS, SEGUROS, PREVIDÊNCIA COMPLEMENTAR E PLANOS DE SAÚDE",66.3,Atividades de administração de fundos por contrato ou comissão,66.30-4,Atividades de administração de fundos por contrato ou comissão,6630-4/00,Atividades de administração de fundos por contrato ou comissão
6810201,L,Compra e venda de imóveis próprios,68,ATIVIDADES IMOBILIÁRIAS,68.1,Atividades imobiliárias de imóveis próprios,68.10-2,Atividades imobiliárias de imóveis próprios,6810-2/01,Compra e venda de imóveis próprios
6810202,L,Aluguel de imóveis próprios,68,ATIVIDADES IMOBILIÁRIAS,68.1,Atividades imobiliárias de imóveis próprios,68.10-2,Atividades imobiliárias de imóveis próprios,6810-2/02,Aluguel de imóveis próprios
,Seção,Denominação,Divisão,ATIVIDADES IMOBILIÁRIAS,Grupo,Atividades imobiliárias por contrato ou comissão,Classe,Atividades imobiliárias de imóveis próprios,Subclasse,
6821801,Seção,Corretagem na compra e venda e avaliação de imóveis,Divisão,ATIVIDADES IMOBILIÁRIAS,Grupo,Atividades imobiliárias por contrato ou comissão,68.21-8,"Intermediação na compra, venda e aluguel de imóveis",6821-8/01,Corretagem na compra e venda e avaliação de imóveis
6821802,Seção,Corretagem no aluguel de imóveis,Divisão,ATIVIDADES IMOBILIÁRIAS,Grupo,Atividades imobiliárias por contrato ou comissão,68.21-8,"Intermediação na compra, venda e aluguel de imóveis",6821-8/02,Corretagem no aluguel de imóveis
6822600,Seção,Gestão e administração da propriedade imobiliária,Divisão,ATIVIDADES IMOBILIÁRIAS,Grupo,Atividades imobiliárias por contrato ou comissão,68.22-6,Gestão e administração da propriedade imobiliária,6822-6/00,Gestão e administração da propriedade imobiliária
6911701,M,Serviços advocatícios,69,"ATIVIDADES JURÍDICAS, DE CONTABILIDADE E DE AUDITORIA",69.1,Atividades jurídicas,69.11-7,"Atividades jurídicas, exceto cartórios",6911-7/01,Serviços advocatícios
6911702,M,Atividades auxiliares da justiça,69,"ATIVIDADES JURÍDICAS, DE CONTABILIDADE E DE AUDITORIA",69.1,Atividades jurídicas,69.11-7,"Atividades jurídicas, exceto cartórios",6911-7/02,Atividades auxiliares da justiça
6911703,M,Agente de propriedade industrial,69,"ATIVIDADES JURÍDICAS, DE CONTABILIDADE E DE AUDITORIA",69.1,Atividades jurídicas,69.11-7,"Atividades jurídicas, exceto cartórios",6911-7/03,Agente de propriedade industrial
6912500,M,Cartórios,69,"ATIVIDADES JURÍDICAS, DE CONTABILIDADE E DE AUDITORIA",69.1,Atividades jurídicas,69.12-5,Cartórios,6912-5/00,Cartórios
6920601,M,Atividades de contabilidade,69,"ATIVIDADES JURÍDICAS, DE CONTABILIDADE E DE AUDITORIA",69.2,"Atividades de contabilidade, consultoria e auditoria contábil e tributária",69.20-6,"Atividades de contabilidade, consultoria e auditoria contábil e tributária",6920-6/01,Atividades de contabilidade
6920602,M,Atividades de consultoria e auditoria contábil e tributária,69,"ATIVIDADES JURÍDICAS, DE CONTABILIDADE E DE AUDITORIA",69.2,"Atividades de contabilidade, consultoria e auditoria contábil e tributária",69.20-6,"Atividades de contabilidade, consultoria e auditoria contábil e tributária",6920-6/02,Atividades de consultoria e auditoria contábil e tributária
7020400,M,"Atividades de consultoria em gestão empresarial, exceto consultoria técnica específica",70,ATIVIDADES DE SEDES DE EMPRESAS E DE CONSULTORIA EM GESTÃO EMPRESARIAL,70.2,Atividades de consultoria em gestão empresarial,70.20-4,Atividades de consultoria em gestão empresarial,7020-4/00,"Atividades de consultoria em gestão empresarial, exceto consultoria técnica específica"
7111100,M,Serviços de arquitetura,71,SERVIÇOS DE ARQUITETURA E ENGENHARIA; TESTES E ANÁLISES TÉCNICAS,71.1,Serviços de arquitetura e engenharia e atividades técnicas relacionadas,71.11-1,Serviços de arquitetura,7111-1/00,Serviços de arquitetura
7112000,M,Serviços de engenharia,71,SERVIÇOS DE ARQUITETURA E ENGENHARIA; TESTES E ANÁLISES TÉCNICAS,71.1,Serviços de arquitetura e engenharia e atividades técnicas relacionadas,71.12-0,Serviços de engenharia,7112-0/00,Serviços de engenharia
7119701,M,"Serviços de cartografia, topografia e geodésia",71,SERVIÇOS DE ARQUITETURA E ENGENHARIA; TESTES E ANÁLISES TÉCNICAS,71.1,Serviços de arquitetura e engenharia e atividades técnicas relacionadas,71.19-7,Atividades técnicas relacionadas à arquitetura e engenharia,7119-7/01,"Serviços de cartografia, topografia e geodésia"
7119702,M,Atividades de estudos geológicos,71,SERVIÇOS DE ARQUITETURA E ENGENHARIA; TESTES E ANÁLISES TÉCNICAS,71.1,Serviços de arquitetura e engenharia e atividades técnicas relacionadas,71.19-7,Atividades técnicas relacionadas à arquitetura e engenharia,7119-7/02,Atividades de estudos geológicos
7119703,M,Serviços de desenho técnico relacionados à arquitetura e engenharia,71,SERVIÇOS DE ARQUITETURA E ENGENHARIA; TESTES E ANÁLISES TÉCNICAS,71.1,Serviços de arquitetura e engenharia e atividades técnicas relacionadas,71.19-7,Atividades técnicas relacionadas à arquitetura e engenharia,7119-7/03,Serviços de desenho técnico relacionados à arquitetura e engenharia
7119704,M,Serviços de perícia técnica relacionados à segurança do trabalho,71,SERVIÇOS DE ARQUITETURA E ENGENHARIA; TESTES E ANÁLISES TÉCNICAS,71.1,Serviços de arquitetura e engenharia e atividades técnicas relacionadas,71.19-7,Atividades técnicas relacionadas à arquitetura e engenharia,7119-7/04,Serviços de perícia técnica relacionados à segurança do trabalho
7119799,M,Atividades técnicas relacionadas à engenharia e arquitetura não especificadas anteriormente,71,SERVIÇOS DE ARQUITETURA E ENGENHARIA; TESTES E ANÁLISES TÉCNICAS,71.1,Serviços de arquitetura e engenharia e atividades técnicas relacionadas,71.19-7,Atividades técnicas relacionadas à arquitetura e engenharia,7119-7/99,Atividades técnicas relacionadas à engenharia e arquitetura não especificadas anteriormente
7120100,M,Testes e análises técnicas,71,SERVIÇOS DE ARQUITETURA E ENGENHARIA; TESTES E ANÁLISES TÉCNICAS,71.2,Testes e análises técnicas,71.20-1,Testes e análises técnicas,7120-1/00,Testes e análises técnicas
,Seção,Denominação,Divisão,PESQUISA E DESENVOLVIMENTO CIENTÍFICO,Grupo,Pesquisa e desenvolvimento experimental em ciências físicas e naturais,Classe,Pesquisa e desenvolvimento experimental em ciências físicas e naturais,Subclasse,
7210000,Seção,Pesquisa e desenvolvimento experimental em ciências físicas e naturais,Divisão,PESQUISA E DESENVOLVIMENTO CIENTÍFICO,Grupo,Pesquisa e desenvolvimento experimental em ciências físicas e naturais,Classe,Pesquisa e desenvolvimento experimental em ciências físicas e naturais,7210-0/00,Pesquisa e desenvolvimento experimental em ciências físicas e naturais
7220700,Seção,Pesquisa e desenvolvimento experimental em ciências sociais e humanas,Divisão,PESQUISA E DESENVOLVIMENTO CIENTÍFICO,72.2,Pesquisa e desenvolvimento experimental em ciências sociais e humanas,72.20-7,Pesquisa e desenvolvimento experimental em ciências sociais e humanas,7220-7/00,Pesquisa e desenvolvimento experimental em ciências sociais e humanas
7311400,Seção,Agências de publicidade,73,PUBLICIDADE E PESQUISA DE MERCADO,73.1,Publicidade,73.11-4,Agências de publicidade,7311-4/00,Agências de publicidade
7312200,Seção,"Agenciamento de espaços para publicidade, exceto em veículos de comunicação",73,PUBLICIDADE E PESQUISA DE MERCADO,73.1,Publicidade,73.12-2,"Agenciamento de espaços para publicidade, exceto em veículos de comunicação",7312-2/00,"Agenciamento de espaços para publicidade, exceto em veículos de comunicação"
7319001,Seção,Criação de estandes para feiras e exposições,73,PUBLICIDADE E PESQUISA DE MERCADO,73.1,Publicidade,73.19-0,Atividades de publicidade não especificadas anteriormente,7319-0/01,Criação de estandes para feiras e exposições
7319002,Seção,Promoção de vendas,73,PUBLICIDADE E PESQUISA DE MERCADO,73.1,Publicidade,73.19-0,Atividades de publicidade não especificadas anteriormente,7319-0/02,Promoção de vendas
7319003,Seção,Marketing direto,73,PUBLICIDADE E PESQUISA DE MERCADO,73.1,Publicidade,73.19-0,Atividades de publicidade não especificadas anteriormente,7319-0/03,Marketing direto
7319004,Seção,Consultoria em publicidade,73,PUBLICIDADE E PESQUISA DE MERCADO,73.1,Publicidade,73.19-0,Atividades de publicidade não especificadas anteriormente,7319-0/04,Consultoria em publicidade
7319099,Seção,Outras atividades de publicidade não especificadas anteriormente,73,PUBLICIDADE E PESQUISA DE MERCADO,73.1,Publicidade,73.19-0,Atividades de publicidade não especificadas anteriormente,7319-0/99,Outras atividades de publicidade não especificadas anteriormente
7320300,Seção,Pesquisas de mercado e de opinião pública,73,PUBLICIDADE E PESQUISA DE MERCADO,73.2,Pesquisas de mercado e de opinião pública,73.20-3,Pesquisas de mercado e de opinião pública,7320-3/00,Pesquisas de mercado e de opinião pública
7410201,Seção,Design,74,"OUTRAS ATIVIDADES PROFISSIONAIS, CIENTÍFICAS E TÉCNICAS",74.1,Design e decoração de interiores,74.10-2,Design e decoração de interiores,7410-2/01,Design
7410202,Seção,Decoração de interiores,74,"OUTRAS ATIVIDADES PROFISSIONAIS, CIENTÍFICAS E TÉCNICAS",74.1,Design e decoração de interiores,74.10-2,Design e decoração de interiores,7410-2/02,Decoração de interiores
7420001,Seção,"Atividades de produção de fotografias, exceto aérea e submarina",74,"OUTRAS ATIVIDADES PROFISSIONAIS, CIENTÍFICAS E TÉCNICAS",74.2,Atividades fotográficas e similares,74.20-0,Atividades fotográficas e similares,7420-0/01,"Atividades de produção de fotografias, exceto aérea e submarina"
7420002,Seção,Atividades de produção de fotografias aéreas e submarinas,74,"OUTRAS ATIVIDADES PROFISSIONAIS, CIENTÍFICAS E TÉCNICAS",74.2,Atividades fotográficas e similares,74.20-0,Atividades fotográficas e similares,7420-0/02,Atividades de produção de fotografias aéreas e submarinas
7420003,Seção,Laboratórios fotográficos,74,"OUTRAS ATIVIDADES PROFISSIONAIS, CIENTÍFICAS E TÉCNICAS",74.2,Atividades fotográficas e similares,74.20-0,Atividades fotográficas e similares,7420-0/03,Laboratórios fotográficos
7420004,Seção,Filmagem de festas e eventos,74,"OUTRAS ATIVIDADES PROFISSIONAIS, CIENTÍFICAS E TÉCNICAS",74.2,Atividades fotográficas e similares,74.20-0,Atividades fotográficas e similares,7420-0/04,Filmagem de festas e eventos
7420005,Seção,Serviços de microfilmagem,74,"OUTRAS ATIVIDADES PROFISSIONAIS, CIENTÍFICAS E TÉCNICAS",74.2,Atividades fotográficas e similares,74.20-0,Atividades fotográficas e similares,7420-0/05,Serviços de microfilmagem
7490101,Seção,"Serviços de tradução, interpretação e similares",74,"OUTRAS ATIVIDADES PROFISSIONAIS, CIENTÍFICAS E TÉCNICAS",74.9,"Atividades profissionais, científicas e técnicas não especificadas anteriormente",74.90-1,"Atividades profissionais, científicas e técnicas não especificadas anteriormente",7490-1/01,"Serviços de tradução, interpretação e similares"
7490102,Seção,Escafandria e mergulho,74,"OUTRAS ATIVIDADES PROFISSIONAIS, CIENTÍFICAS E TÉCNICAS",74.9,"Atividades profissionais, científicas e técnicas não especificadas anteriormente",74.90-1,"Atividades profissionais, científicas e técnicas não especificadas anteriormente",7490-1/02,Escafandria e mergulho
7490103,Seção,Serviços de agronomia e de consultoria às atividades agrícolas e pecuárias,74,"OUTRAS ATIVIDADES PROFISSIONAIS, CIENTÍFICAS E TÉCNICAS",74.9,"Atividades profissionais, científicas e técnicas não especificadas anteriormente",74.90-1,"Atividades profissionais, científicas e técnicas não especificadas anteriormente",7490-1/03,Serviços de agronomia e de consultoria às atividades agrícolas e pecuárias
7490104,Seção,"Atividades de intermediação e agenciamento de serviços e negócios em geral, exceto imobiliários",74,"OUTRAS ATIVIDADES PROFISSIONAIS, CIENTÍFICAS E TÉCNICAS",74.9,"Atividades profissionais, científicas e técnicas não especificadas anteriormente",74.90-1,"Atividades profissionais, científicas e técnicas não especificadas anteriormente",7490-1/04,"Atividades de intermediação e agenciamento de serviços e negócios em geral, exceto imobiliários"
7490105,Seção,"Agenciamento de profissionais para atividades esportivas, culturais e artísticas",74,"OUTRAS ATIVIDADES PROFISSIONAIS, CIENTÍFICAS E TÉCNICAS",74.9,"Atividades profissionais, científicas e técnicas não especificadas anteriormente",74.90-1,"Atividades profissionais, científicas e técnicas não especificadas anteriormente",7490-1/05,"Agenciamento de profissionais para atividades esportivas, culturais e artísticas"
7490199,Seção,"Outras atividades profissionais, científicas e técnicas não especificadas anteriormente",74,"OUTRAS ATIVIDADES PROFISSIONAIS, CIENTÍFICAS E TÉCNICAS",74.9,"Atividades profissionais, científicas e técnicas não especificadas anteriormente",74.90-1,"Atividades profissionais, científicas e técnicas não especificadas anteriormente",7490-1/99,"Outras atividades profissionais, científicas e técnicas não especificadas anteriormente"
,Seção,Denominação,Divisão,ATIVIDADES VETERINÁRIAS,Grupo,"Atividades profissionais, científicas e técnicas não especificadas anteriormente",Classe,"Atividades profissionais, científicas e técnicas não especificadas anteriormente",Subclasse,
7500100,Seção,Atividades veterinárias,Divisão,ATIVIDADES VETERINÁRIAS,75.0,Atividades veterinárias,75.00-1,Atividades veterinárias,7500-1/00,Atividades veterinárias
7711000,N,Locação de automóveis sem condutor,77,ALUGUÉIS NÃO-IMOBILIÁRIOS E GESTÃO DE ATIVOS INTANGÍVEIS NÃO-FINANCEIROS,77.1,Locação de meios de transporte sem condutor,77.11-0,Locação de automóveis sem condutor,7711-0/00,Locação de automóveis sem condutor
7719501,N,"Locação de embarcações sem tripulação, exceto para fins recreativos",77,ALUGUÉIS NÃO-IMOBILIÁRIOS E GESTÃO DE ATIVOS INTANGÍVEIS NÃO-FINANCEIROS,77.1,Locação de meios de transporte sem condutor,77.19-5,"Locação de meios de transporte, exceto automóveis, sem condutor",7719-5/01,"Locação de embarcações sem tripulação, exceto para fins recreativos"
7719502,N,Locação de aeronaves sem tripulação,77,ALUGUÉIS NÃO-IMOBILIÁRIOS E GESTÃO DE ATIVOS INTANGÍVEIS NÃO-FINANCEIROS,77.1,Locação de meios de transporte sem condutor,77.19-5,"Locação de meios de transporte, exceto automóveis, sem condutor",7719-5/02,Locação de aeronaves sem tripulação
7719599,N,"Locação de outros meios de transporte não especificados anteriormente, sem condutor",77,ALUGUÉIS NÃO-IMOBILIÁRIOS E GESTÃO DE ATIVOS INTANGÍVEIS NÃO-FINANCEIROS,77.1,Locação de meios de transporte sem condutor,77.19-5,"Locação de meios de transporte, exceto automóveis, sem condutor",7719-5/99,"Locação de outros meios de transporte não especificados anteriormente, sem condutor"
7721700,N,Aluguel de equipamentos recreativos e esportivos,77,ALUGUÉIS NÃO-IMOBILIÁRIOS E GESTÃO DE ATIVOS INTANGÍVEIS NÃO-FINANCEIROS,77.2,Aluguel de objetos pessoais e domésticos,77.21-7,Aluguel de equipamentos recreativos e esportivos,7721-7/00,Aluguel de equipamentos recreativos e esportivos
7722500,N,"Aluguel de fitas de vídeo, DVDs e similares",77,ALUGUÉIS NÃO-IMOBILIÁRIOS E GESTÃO DE ATIVOS INTANGÍVEIS NÃO-FINANCEIROS,77.2,Aluguel de objetos pessoais e domésticos,77.22-5,"Aluguel de fitas de vídeo, DVDs e similares",7722-5/00,"Aluguel de fitas de vídeo, DVDs e similares"
7723300,N,"Aluguel de objetos do vestuário, jóias e acessórios",77,ALUGUÉIS NÃO-IMOBILIÁRIOS E GESTÃO DE ATIVOS INTANGÍVEIS NÃO-FINANCEIROS,77.2,Aluguel de objetos pessoais e domésticos,77.23-3,"Aluguel de objetos do vestuário, jóias e acessórios",7723-3/00,"Aluguel de objetos do vestuário, jóias e acessórios"
7729201,N,Aluguel de aparelhos de jogos eletrônicos,77,ALUGUÉIS NÃO-IMOBILIÁRIOS E GESTÃO DE ATIVOS INTANGÍVEIS NÃO-FINANCEIROS,77.2,Aluguel de objetos pessoais e domésticos,77.29-2,Aluguel de objetos pessoais e domésticos não especificados anteriormente,7729-2/01,Aluguel de aparelhos de jogos eletrônicos
7729202,N,"Aluguel de móveis, utensílios e aparelhos de uso doméstico e pessoal; instrumentos musicais",77,ALUGUÉIS NÃO-IMOBILIÁRIOS E GESTÃO DE ATIVOS INTANGÍVEIS NÃO-FINANCEIROS,77.2,Aluguel de objetos pessoais e domésticos,77.29-2,Aluguel de objetos pessoais e domésticos não especificados anteriormente,7729-2/02,"Aluguel de móveis, utensílios e aparelhos de uso doméstico e pessoal; instrumentos musicais"
7729203,N,Aluguel de material médico,77,ALUGUÉIS NÃO-IMOBILIÁRIOS E GESTÃO DE ATIVOS INTANGÍVEIS NÃO-FINANCEIROS,77.2,Aluguel de objetos pessoais e domésticos,77.29-2,Aluguel de objetos pessoais e domésticos não especificados anteriormente,7729-2/03,Aluguel de material médico
7729299,N,Aluguel de outros objetos pessoais e domésticos não especificados anteriormente,77,ALUGUÉIS NÃO-IMOBILIÁRIOS E GESTÃO DE ATIVOS INTANGÍVEIS NÃO-FINANCEIROS,77.2,Aluguel de objetos pessoais e domésticos,77.29-2,Aluguel de objetos pessoais e domésticos não especificados anteriormente,7729-2/99,Aluguel de outros objetos pessoais e domésticos não especificados anteriormente
7731400,N,Aluguel de máquinas e equipamentos agrícolas sem operador,77,ALUGUÉIS NÃO-IMOBILIÁRIOS E GESTÃO DE ATIVOS INTANGÍVEIS NÃO-FINANCEIROS,77.3,Aluguel de máquinas e equipamentos sem operador,77.31-4,Aluguel de máquinas e equipamentos agrícolas sem operador,7731-4/00,Aluguel de máquinas e equipamentos agrícolas sem operador
7732201,N,"Aluguel de máquinas e equipamentos para construção sem operador, exceto andaimes",77,ALUGUÉIS NÃO-IMOBILIÁRIOS E GESTÃO DE ATIVOS INTANGÍVEIS NÃO-FINANCEIROS,77.3,Aluguel de máquinas e equipamentos sem operador,77.32-2,Aluguel de máquinas e equipamentos para construção sem operador,7732-2/01,"Aluguel de máquinas e equipamentos para construção sem operador, exceto andaimes"
7732202,N,Aluguel de andaimes,77,ALUGUÉIS NÃO-IMOBILIÁRIOS E GESTÃO DE ATIVOS INTANGÍVEIS NÃO-FINANCEIROS,77.3,Aluguel de máquinas e equipamentos sem operador,77.32-2,Aluguel de máquinas e equipamentos para construção sem operador,7732-2/02,Aluguel de andaimes
7733100,N,Aluguel de máquinas e equipamentos para escritório,77,ALUGUÉIS NÃO-IMOBILIÁRIOS E GESTÃO DE ATIVOS INTANGÍVEIS NÃO-FINANCEIROS,77.3,Aluguel de máquinas e equipamentos sem operador,77.33-1,Aluguel de máquinas e equipamentos para escritório,7733-1/00,Aluguel de máquinas e equipamentos para escritório
7739001,N,"Aluguel de máquinas e equipamentos para extração de minérios e petróleo, sem operador",77,ALUGUÉIS NÃO-IMOBILIÁRIOS E GESTÃO DE ATIVOS INTANGÍVEIS NÃO-FINANCEIROS,77.3,Aluguel de máquinas e equipamentos sem operador,77.39-0,Aluguel de máquinas e equipamentos não especificados anteriormente,7739-0/01,"Aluguel de máquinas e equipamentos para extração de minérios e petróleo, sem operador"
7739002,N,"Aluguel de equipamentos científicos, médicos e hospitalares, sem operador",77,ALUGUÉIS NÃO-IMOBILIÁRIOS E GESTÃO DE ATIVOS INTANGÍVEIS NÃO-FINANCEIROS,77.3,Aluguel de máquinas e equipamentos sem operador,77.39-0,Aluguel de máquinas e equipamentos não especificados anteriormente,7739-0/02,"Aluguel de equipamentos científicos, médicos e hospitalares, sem operador"
7739003,N,"Aluguel de palcos, coberturas e outras estruturas de uso temporário, exceto andaimes",77,ALUGUÉIS NÃO-IMOBILIÁRIOS E GESTÃO DE ATIVOS INTANGÍVEIS NÃO-FINANCEIROS,77.3,Aluguel de máquinas e equipamentos sem operador,77.39-0,Aluguel de máquinas e equipamentos não especificados anteriormente,7739-0/03,"Aluguel de palcos, coberturas e outras estruturas de uso temporário, exceto andaimes"
7739099,N,"Aluguel de outras máquinas e equipamentos comerciais e industriais não especificados anteriormente, sem operador",77,ALUGUÉIS NÃO-IMOBILIÁRIOS E GESTÃO DE ATIVOS INTANGÍVEIS NÃO-FINANCEIROS,77.3,Aluguel de máquinas e equipamentos sem operador,77.39-0,Aluguel de máquinas e equipamentos não especificados anteriormente,7739-0/99,"Aluguel de outras máquinas e equipamentos comerciais e industriais não especificados anteriormente, sem operador"
,Seção,Denominação,Divisão,ALUGUÉIS NÃO-IMOBILIÁRIOS E GESTÃO DE ATIVOS INTANGÍVEIS NÃO-FINANCEIROS,Grupo,Gestão de ativos intangíveis não-financeiros,Classe,Gestão de ativos intangíveis não-financeiros,Subclasse,
7740300,Seção,Gestão de ativos intangíveis não-financeiros,Divisão,ALUGUÉIS NÃO-IMOBILIÁRIOS E GESTÃO DE ATIVOS INTANGÍVEIS NÃO-FINANCEIROS,Grupo,Gestão de ativos intangíveis não-financeiros,Classe,Gestão de ativos intangíveis não-financeiros,7740-3/00,Gestão de ativos intangíveis não-financeiros
7810800,Seção,Seleção e agenciamento de mão-de-obra,78,"SELEÇÃO, AGENCIAMENTO E LOCAÇÃO DE MÃO-DE-OBRA",78.1,Seleção e agenciamento de mão-de-obra,78.10-8,Seleção e agenciamento de mão-de-obra,7810-8/00,Seleção e agenciamento de mão-de-obra
7820500,Seção,Locação de mão-de-obra temporária,78,"SELEÇÃO, AGENCIAMENTO E LOCAÇÃO DE MÃO-DE-OBRA",78.2,Locação de mão-de-obra temporária,78.20-5,Locação de mão-de-obra temporária,7820-5/00,Locação de mão-de-obra temporária
7830200,Seção,Fornecimento e gestão de recursos humanos para terceiros,78,"SELEÇÃO, AGENCIAMENTO E LOCAÇÃO DE MÃO-DE-OBRA",78.3,Fornecimento e gestão de recursos humanos para terceiros,78.30-2,Fornecimento e gestão de recursos humanos para terceiros,7830-2/00,Fornecimento e gestão de recursos humanos para terceiros
7911200,Seção,Agências de viagens,79,"AGÊNCIAS DE VIAGENS, OPERADORES TURÍSTICOS E SERVIÇOS DE RESERVAS",79.1,Agências de viagens e operadores turísticos,79.11-2,Agências de viagens,7911-2/00,Agências de viagens
7912100,Seção,Operadores turísticos,79,"AGÊNCIAS DE VIAGENS, OPERADORES TURÍSTICOS E SERVIÇOS DE RESERVAS",79.1,Agências de viagens e operadores turísticos,79.12-1,Operadores turísticos,7912-1/00,Operadores turísticos
7990200,Seção,Serviços de reservas e outros serviços de turismo não especificados anteriormente,79,"AGÊNCIAS DE VIAGENS, OPERADORES TURÍSTICOS E SERVIÇOS DE RESERVAS",79.9,Serviços de reservas e outros serviços de turismo não especificados anteriormente,79.90-2,Serviços de reservas e outros serviços de turismo não especificados anteriormente,7990-2/00,Serviços de reservas e outros serviços de turismo não especificados anteriormente
8011101,Seção,Atividades de vigilância e segurança privada,80,"ATIVIDADES DE VIGILÂNCIA, SEGURANÇA E INVESTIGAÇÃO",80.1,"Atividades de vigilância, segurança privada e transporte de valores",80.11-1,Atividades de vigilância e segurança privada,8011-1/01,Atividades de vigilância e segurança privada
8011102,Seção,Serviços de adestramento de cães de guarda,80,"ATIVIDADES DE VIGILÂNCIA, SEGURANÇA E INVESTIGAÇÃO",80.1,"Atividades de vigilância, segurança privada e transporte de valores",80.11-1,Atividades de vigilância e segurança privada,8011-1/02,Serviços de adestramento de cães de guarda
8012900,Seção,Atividades de transporte de valores,80,"ATIVIDADES DE VIGILÂNCIA, SEGURANÇA E INVESTIGAÇÃO",80.1,"Atividades de vigilância, segurança privada e transporte de valores",80.12-9,Atividades de transporte de valores,8012-9/00,Atividades de transporte de valores
8020000,Seção,Atividades de monitoramento de sistemas de segurança,80,"ATIVIDADES DE VIGILÂNCIA, SEGURANÇA E INVESTIGAÇÃO",80.2,Atividades de monitoramento de sistemas de segurança,80.20-0,Atividades de monitoramento de sistemas de segurança,8020-0/00,Atividades de monitoramento de sistemas de segurança
8030700,Seção,Atividades de investigação particular,80,"ATIVIDADES DE VIGILÂNCIA, SEGURANÇA E INVESTIGAÇÃO",80.3,Atividades de investigação particular,80.30-7,Atividades de investigação particular,8030-7/00,Atividades de investigação particular
8111700,Seção,"Serviços combinados para apoio a edifícios, exceto condomínios prediais",81,SERVIÇOS PARA EDIFÍCIOS E ATIVIDADES PAISAGÍSTICAS,81.1,Serviços combinados para apoio a edifícios,81.11-7,"Serviços combinados para apoio a edifícios, exceto condomínios prediais",8111-7/00,"Serviços combinados para apoio a edifícios, exceto condomínios prediais"
8112500,Seção,Condomínios prediais,81,SERVIÇOS PARA EDIFÍCIOS E ATIVIDADES PAISAGÍSTICAS,81.1,Serviços combinados para apoio a edifícios,81.12-5,Condomínios prediais,8112-5/00,Condomínios prediais
8121400,Seção,Limpeza em prédios e em domicílios,81,SERVIÇOS PARA EDIFÍCIOS E ATIVIDADES PAISAGÍSTICAS,81.2,Atividades de limpeza,81.21-4,Limpeza em prédios e em domicílios,8121-4/00,Limpeza em prédios e em domicílios
8122200,Seção,Imunização e controle de pragas urbanas,81,SERVIÇOS PARA EDIFÍCIOS E ATIVIDADES PAISAGÍSTICAS,81.2,Atividades de limpeza,81.22-2,Imunização e controle de pragas urbanas,8122-2/00,Imunização e controle de pragas urbanas
8129000,Seção,Atividades de limpeza não especificadas anteriormente,81,SERVIÇOS PARA EDIFÍCIOS E ATIVIDADES PAISAGÍSTICAS,81.2,Atividades de limpeza,81.29-0,Atividades de limpeza não especificadas anteriormente,8129-0/00,Atividades de limpeza não especificadas anteriormente
,Seção,Denominação,Divisão,SERVIÇOS PARA EDIFÍCIOS E ATIVIDADES PAISAGÍSTICAS,Grupo,Atividades paisagísticas,Classe,Atividades paisagísticas,Subclasse,
8130300,Seção,Atividades paisagísticas,Divisão,SERVIÇOS PARA EDIFÍCIOS E ATIVIDADES PAISAGÍSTICAS,Grupo,Atividades paisagísticas,Classe,Atividades paisagísticas,8130-3/00,Atividades paisagísticas
8211300,Seção,Serviços combinados de escritório e apoio administrativo,82,"SERVIÇOS DE ESCRITÓRIO, DE APOIO ADMINISTRATIVO E OUTROS SERVIÇOS PRESTADOS ÀS EMPRESAS",82.1,Serviços de escritório e apoio administrativo,82.11-3,Serviços combinados de escritório e apoio administrativo,8211-3/00,Serviços combinados de escritório e apoio administrativo
8219901,Seção,Fotocópias,82,"SERVIÇOS DE ESCRITÓRIO, DE APOIO ADMINISTRATIVO E OUTROS SERVIÇOS PRESTADOS ÀS EMPRESAS",82.1,Serviços de escritório e apoio administrativo,82.19-9,"Fotocópias, preparação de documentos e outros serviços especializados de apoio administrativo",8219-9/01,Fotocópias
8219999,Seção,Preparação de documentos e serviços especializados de apoio administrativo não especificados anteriormente,82,"SERVIÇOS DE ESCRITÓRIO, DE APOIO ADMINISTRATIVO E OUTROS SERVIÇOS PRESTADOS ÀS EMPRESAS",82.1,Serviços de escritório e apoio administrativo,82.19-9,"Fotocópias, preparação de documentos e outros serviços especializados de apoio administrativo",8219-9/99,Preparação de documentos e serviços especializados de apoio administrativo não especificados anteriormente
8220200,Seção,Atividades de teleatendimento,82,"SERVIÇOS DE ESCRITÓRIO, DE APOIO ADMINISTRATIVO E OUTROS SERVIÇOS PRESTADOS ÀS EMPRESAS",82.2,Atividades de teleatendimento,82.20-2,Atividades de teleatendimento,8220-2/00,Atividades de teleatendimento
8230001,Seção,"Serviços de organização de feiras, congressos, exposições e festas",82,"SERVIÇOS DE ESCRITÓRIO, DE APOIO ADMINISTRATIVO E OUTROS SERVIÇOS PRESTADOS ÀS EMPRESAS",82.3,"Atividades de organização de eventos, exceto culturais e esportivos",82.30-0,"Atividades de organização de eventos, exceto culturais e esportivos",8230-0/01,"Serviços de organização de feiras, congressos, exposições e festas"
8230002,Seção,Casas de festas e eventos,82,"SERVIÇOS DE ESCRITÓRIO, DE APOIO ADMINISTRATIVO E OUTROS SERVIÇOS PRESTADOS ÀS EMPRESAS",82.3,"Atividades de organização de eventos, exceto culturais e esportivos",82.30-0,"Atividades de organização de eventos, exceto culturais e esportivos",8230-0/02,Casas de festas e eventos
8291100,Seção,Atividades de cobrança e informações cadastrais,82,"SERVIÇOS DE ESCRITÓRIO, DE APOIO ADMINISTRATIVO E OUTROS SERVIÇOS PRESTADOS ÀS EMPRESAS",82.9,Outras atividades de serviços prestados principalmente às empresas,82.91-1,Atividades de cobrança e informações cadastrais,8291-1/00,Atividades de cobrança e informações cadastrais
8292000,Seção,Envasamento e empacotamento sob contrato,82,"SERVIÇOS DE ESCRITÓRIO, DE APOIO ADMINISTRATIVO E OUTROS SERVIÇOS PRESTADOS ÀS EMPRESAS",82.9,Outras atividades de serviços prestados principalmente às empresas,82.92-0,Envasamento e empacotamento sob contrato,8292-0/00,Envasamento e empacotamento sob contrato
8299701,Seção,"Medição de consumo de energia elétrica, gás e água",82,"SERVIÇOS DE ESCRITÓRIO, DE APOIO ADMINISTRATIVO E OUTROS SERVIÇOS PRESTADOS ÀS EMPRESAS",82.9,Outras atividades de serviços prestados principalmente às empresas,82.99-7,Atividades de serviços prestados principalmente às empresas não especificadas anteriormente,8299-7/01,"Medição de consumo de energia elétrica, gás e água"
8299702,Seção,"Emissão de vales-alimentação, vales-transporte e similares",82,"SERVIÇOS DE ESCRITÓRIO, DE APOIO ADMINISTRATIVO E OUTROS SERVIÇOS PRESTADOS ÀS EMPRESAS",82.9,Outras atividades de serviços prestados principalmente às empresas,82.99-7,Atividades de serviços prestados principalmente às empresas não especificadas anteriormente,8299-7/02,"Emissão de vales-alimentação, vales-transporte e similares"
8299703,Seção,"Serviços de gravação de carimbos, exceto confecção",82,"SERVIÇOS DE ESCRITÓRIO, DE APOIO ADMINISTRATIVO E OUTROS SERVIÇOS PRESTADOS ÀS EMPRESAS",82.9,Outras atividades de serviços prestados principalmente às empresas,82.99-7,Atividades de serviços prestados principalmente às empresas não especificadas anteriormente,8299-7/03,"Serviços de gravação de carimbos, exceto confecção"
8299704,Seção,Leiloeiros independentes,82,"SERVIÇOS DE ESCRITÓRIO, DE APOIO ADMINISTRATIVO E OUTROS SERVIÇOS PRESTADOS ÀS EMPRESAS",82.9,Outras atividades de serviços prestados principalmente às empresas,82.99-7,Atividades de serviços prestados principalmente às empresas não especificadas anteriormente,8299-7/04,Leiloeiros independentes
8299705,Seção,Serviços de levantamento de fundos sob contrato,82,"SERVIÇOS DE ESCRITÓRIO, DE APOIO ADMINISTRATIVO E OUTROS SERVIÇOS PRESTADOS ÀS EMPRESAS",82.9,Outras atividades de serviços prestados principalmente às empresas,82.99-7,Atividades de serviços prestados principalmente às empresas não especificadas anteriormente,8299-7/05,Serviços de levantamento de fundos sob contrato
8299706,Seção,Casas lotéricas,82,"SERVIÇOS DE ESCRITÓRIO, DE APOIO ADMINISTRATIVO E OUTROS SERVIÇOS PRESTADOS ÀS EMPRESAS",82.9,Outras atividades de serviços prestados principalmente às empresas,82.99-7,Atividades de serviços prestados principalmente às empresas não especificadas anteriormente,8299-7/06,Casas lotéricas
8299707,Seção,Salas de acesso à internet,82,"SERVIÇOS DE ESCRITÓRIO, DE APOIO ADMINISTRATIVO E OUTROS SERVIÇOS PRESTADOS ÀS EMPRESAS",82.9,Outras atividades de serviços prestados principalmente às empresas,82.99-7,Atividades de serviços prestados principalmente às empresas não especificadas anteriormente,8299-7/07,Salas de acesso à internet
8299799,Seção,Outras atividades de serviços prestados principalmente às empresas não especificadas anteriormente,82,"SERVIÇOS DE ESCRITÓRIO, DE APOIO ADMINISTRATIVO E OUTROS SERVIÇOS PRESTADOS ÀS EMPRESAS",82.9,Outras atividades de serviços prestados principalmente às empresas,82.99-7,Atividades de serviços prestados principalmente às empresas não especificadas anteriormente,8299-7/99,Outras atividades de serviços prestados principalmente às empresas não especificadas anteriormente
8411600,O,Administração pública em geral,84,"ADMINISTRAÇÃO PÚBLICA, DEFESA E SEGURIDADE SOCIAL",84.1,Administração do estado e da política econômica e social,84.11-6,Administração pública em geral,8411-6/00,Administração pública em geral
8412400,O,"Regulação das atividades de saúde, educação, serviços culturais e outros serviços sociais",84,"ADMINISTRAÇÃO PÚBLICA, DEFESA E SEGURIDADE SOCIAL",84.1,Administração do estado e da política econômica e social,84.12-4,"Regulação das atividades de saúde, educação, serviços culturais e outros serviços sociais",8412-4/00,"Regulação das atividades de saúde, educação, serviços culturais e outros serviços sociais"
8413200,O,Regulação das atividades econômicas,84,"ADMINISTRAÇÃO PÚBLICA, DEFESA E SEGURIDADE SOCIAL",84.1,Administração do estado e da política econômica e social,84.13-2,Regulação das atividades econômicas,8413-2/00,Regulação das atividades econômicas
8421300,O,Relações exteriores,84,"ADMINISTRAÇÃO PÚBLICA, DEFESA E SEGURIDADE SOCIAL",84.2,Serviços coletivos prestados pela administração pública,84.21-3,Relações exteriores,8421-3/00,Relações exteriores
8422100,O,Defesa,84,"ADMINISTRAÇÃO PÚBLICA, DEFESA E SEGURIDADE SOCIAL",84.2,Serviços coletivos prestados pela administração pública,84.22-1,Defesa,8422-1/00,Defesa
,Seção,Denominação,Divisão,"ADMINISTRAÇÃO PÚBLICA, DEFESA E SEGURIDADE SOCIAL",Grupo,Serviços coletivos prestados pela administração pública,Classe,Defesa,Subclasse,
8423000,Seção,Justiça,Divisão,"ADMINISTRAÇÃO PÚBLICA, DEFESA E SEGURIDADE SOCIAL",Grupo,Serviços coletivos prestados pela administração pública,84.23-0,Justiça,8423-0/00,Justiça
8424800,Seção,Segurança e ordem pública,Divisão,"ADMINISTRAÇÃO PÚBLICA, DEFESA E SEGURIDADE SOCIAL",Grupo,Serviços coletivos prestados pela administração pública,84.24-8,Segurança e ordem pública,8424-8/00,Segurança e ordem pública
8425600,Seção,Defesa Civil,Divisão,"ADMINISTRAÇÃO PÚBLICA, DEFESA E SEGURIDADE SOCIAL",Grupo,Serviços coletivos prestados pela administração pública,84.25-6,Defesa Civil,8425-6/00,Defesa Civil
8430200,Seção,Seguridade social obrigatória,Divisão,"ADMINISTRAÇÃO PÚBLICA, DEFESA E SEGURIDADE SOCIAL",84.3,Seguridade social obrigatória,84.30-2,Seguridade social obrigatória,8430-2/00,Seguridade social obrigatória
8511200,P,Educação infantil - creche,85,EDUCAÇÃO,85.1,Educação infantil e ensino fundamental,85.11-2,Educação infantil - creche,8511-2/00,Educação infantil - creche
8512100,P,Educação infantil - pré-escola,85,EDUCAÇÃO,85.1,Educação infantil e ensino fundamental,85.12-1,Educação infantil - pré-escola,8512-1/00,Educação infantil - pré-escola
8513900,P,Ensino fundamental,85,EDUCAÇÃO,85.1,Educação infantil e ensino fundamental,85.13-9,Ensino fundamental,8513-9/00,Ensino fundamental
8520100,P,Ensino médio,85,EDUCAÇÃO,85.2,Ensino médio,85.20-1,Ensino médio,8520-1/00,Ensino médio
8531700,P,Educação superior - graduação,85,EDUCAÇÃO,85.3,Educação superior,85.31-7,Educação superior - graduação,8531-7/00,Educação superior - graduação
8532500,P,Educação superior - graduação e pós-graduação,85,EDUCAÇÃO,85.3,Educação superior,85.32-5,Educação superior - graduação e pós-graduação,8532-5/00,Educação superior - graduação e pós-graduação
8533300,P,Educação superior - pós-graduação e extensão,85,EDUCAÇÃO,85.3,Educação superior,85.33-3,Educação superior - pós-graduação e extensão,8533-3/00,Educação superior - pós-graduação e extensão
8541400,P,Educação profissional de nível técnico,85,EDUCAÇÃO,85.4,Educação profissional de nível técnico e tecnológico,85.41-4,Educação profissional de nível técnico,8541-4/00,Educação profissional de nível técnico
8542200,P,Educação profissional de nível tecnológico,85,EDUCAÇÃO,85.4,Educação profissional de nível técnico e tecnológico,85.42-2,Educação profissional de nível tecnológico,8542-2/00,Educação profissional de nível tecnológico
8550301,P,Administração de caixas escolares,85,EDUCAÇÃO,85.5,Atividades de apoio à educação,85.50-3,Atividades de apoio à educação,8550-3/01,Administração de caixas escolares
8550302,P,"Atividades de apoio à educação, exceto caixas escolares",85,EDUCAÇÃO,85.5,Atividades de apoio à educação,85.50-3,Atividades de apoio à educação,8550-3/02,"Atividades de apoio à educação, exceto caixas escolares"
8591100,P,Ensino de esportes,85,EDUCAÇÃO,85.9,Outras atividades de ensino,85.91-1,Ensino de esportes,8591-1/00,Ensino de esportes
8592901,P,Ensino de dança,85,EDUCAÇÃO,85.9,Outras atividades de ensino,85.92-9,Ensino de arte e cultura,8592-9/01,Ensino de dança
8592902,P,"Ensino de artes cênicas, exceto dança",85,EDUCAÇÃO,85.9,Outras atividades de ensino,85.92-9,Ensino de arte e cultura,8592-9/02,"Ensino de artes cênicas, exceto dança"
8592903,P,Ensino de música,85,EDUCAÇÃO,85.9,Outras atividades de ensino,85.92-9,Ensino de arte e cultura,8592-9/03,Ensino de música
8592999,P,Ensino de arte e cultura não especificado anteriormente,85,EDUCAÇÃO,85.9,Outras atividades de ensino,85.92-9,Ensino de arte e cultura,8592-9/99,Ensino de arte e cultura não especificado anteriormente
8593700,P,Ensino de idiomas,85,EDUCAÇÃO,85.9,Outras atividades de ensino,85.93-7,Ensino de idiomas,8593-7/00,Ensino de idiomas
8599601,P,Formação de condutores,85,EDUCAÇÃO,85.9,Outras atividades de ensino,85.99-6,Atividades de ensino não especificadas anteriormente,8599-6/01,Formação de condutores
8599602,P,Cursos de pilotagem,85,EDUCAÇÃO,85.9,Outras atividades de ensino,85.99-6,Atividades de ensino não especificadas anteriormente,8599-6/02,Cursos de pilotagem
8599603,P,Treinamento em informática,85,EDUCAÇÃO,85.9,Outras atividades de ensino,85.99-6,Atividades de ensino não especificadas anteriormente,8599-6/03,Treinamento em informática
8599604,P,Treinamento em desenvolvimento profissional e gerencial,85,EDUCAÇÃO,85.9,Outras atividades de ensino,85.99-6,Atividades de ensino não especificadas anteriormente,8599-6/04,Treinamento em desenvolvimento profissional e gerencial
8599605,P,Cursos preparatórios para concursos,85,EDUCAÇÃO,85.9,Outras atividades de ensino,85.99-6,Atividades de ensino não especificadas anteriormente,8599-6/05,Cursos preparatórios para concursos
8599699,P,Outras atividades de ensino não especificadas anteriormente,85,EDUCAÇÃO,85.9,Outras atividades de ensino,85.99-6,Atividades de ensino não especificadas anteriormente,8599-6/99,Outras atividades de ensino não especificadas anteriormente
,Seção,Denominação,Divisão,EDUCAÇÃO,Grupo,Outras atividades de ensino,Classe,Atividades de ensino não especificadas anteriormente,Subclasse,
8610101,Q,"Atividades de atendimento hospitalar, exceto pronto-socorro e unidades para atendimento a urgências",86,ATIVIDADES DE ATENÇÃO À SAÚDE HUMANA,86.1,Atividades de atendimento hospitalar,86.10-1,Atividades de atendimento hospitalar,8610-1/01,"Atividades de atendimento hospitalar, exceto pronto-socorro e unidades para atendimento a urgências"
8610102,Q,Atividades de atendimento em pronto-socorro e unidades hospitalares para atendimento a urgências,86,ATIVIDADES DE ATENÇÃO À SAÚDE HUMANA,86.1,Atividades de atendimento hospitalar,86.10-1,Atividades de atendimento hospitalar,8610-1/02,Atividades de atendimento em pronto-socorro e unidades hospitalares para atendimento a urgências
8621601,Q,UTI móvel,86,ATIVIDADES DE ATENÇÃO À SAÚDE HUMANA,86.2,Serviços móveis de atendimento a urgências e de remoção de pacientes,86.21-6,Serviços móveis de atendimento a urgências,8621-6/01,UTI móvel
8621602,Q,"Serviços móveis de atendimento a urgências, exceto por UTI móvel",86,ATIVIDADES DE ATENÇÃO À SAÚDE HUMANA,86.2,Serviços móveis de atendimento a urgências e de remoção de pacientes,86.21-6,Serviços móveis de atendimento a urgências,8621-6/02,"Serviços móveis de atendimento a urgências, exceto por UTI móvel"
8622400,Q,"Serviços de remoção de pacientes, exceto os serviços móveis de atendimento a urgências",86,ATIVIDADES DE ATENÇÃO À SAÚDE HUMANA,86.2,Serviços móveis de atendimento a urgências e de remoção de pacientes,86.22-4,"Serviços de remoção de pacientes, exceto os serviços móveis de atendimento a urgências",8622-4/00,"Serviços de remoção de pacientes, exceto os serviços móveis de atendimento a urgências"
8630501,Q,Atividade médica ambulatorial com recursos para realização de procedimentos cirúrgicos,86,ATIVIDADES DE ATENÇÃO À SAÚDE HUMANA,86.3,Atividades de atenção ambulatorial executadas por médicos e odontólogos,86.30-5,Atividades de atenção ambulatorial executadas por médicos e odontólogos,8630-5/01,Atividade médica ambulatorial com recursos para realização de procedimentos cirúrgicos
8630502,Q,Atividade médica ambulatorial com recursos para realização de exames complementares,86,ATIVIDADES DE ATENÇÃO À SAÚDE HUMANA,86.3,Atividades de atenção ambulatorial executadas por médicos e odontólogos,86.30-5,Atividades de atenção ambulatorial executadas por médicos e odontólogos,8630-5/02,Atividade médica ambulatorial com recursos para realização de exames complementares
8630503,Q,Atividade médica ambulatorial restrita a consultas,86,ATIVIDADES DE ATENÇÃO À SAÚDE HUMANA,86.3,Atividades de atenção ambulatorial executadas por médicos e odontólogos,86.30-5,Atividades de atenção ambulatorial executadas por médicos e odontólogos,8630-5/03,Atividade médica ambulatorial restrita a consultas
8630504,Q,Atividade odontológica,86,ATIVIDADES DE ATENÇÃO À SAÚDE HUMANA,86.3,Atividades de atenção ambulatorial executadas por médicos e odontólogos,86.30-5,Atividades de atenção ambulatorial executadas por médicos e odontólogos,8630-5/04,Atividade odontológica
8630506,Q,Serviços de vacinação e imunização humana,86,ATIVIDADES DE ATENÇÃO À SAÚDE HUMANA,86.3,Atividades de atenção ambulatorial executadas por médicos e odontólogos,86.30-5,Atividades de atenção ambulatorial executadas por médicos e odontólogos,8630-5/06,Serviços de vacinação e imunização humana
8630507,Q,Atividades de reprodução humana assistida,86,ATIVIDADES DE ATENÇÃO À SAÚDE HUMANA,86.3,Atividades de atenção ambulatorial executadas por médicos e odontólogos,86.30-5,Atividades de atenção ambulatorial executadas por médicos e odontólogos,8630-5/07,Atividades de reprodução humana assistida
8630599,Q,Atividades de atenção ambulatorial não especificadas anteriormente,86,ATIVIDADES DE ATENÇÃO À SAÚDE HUMANA,86.3,Atividades de atenção ambulatorial executadas por médicos e odontólogos,86.30-5,Atividades de atenção ambulatorial executadas por médicos e odontólogos,8630-5/99,Atividades de atenção ambulatorial não especificadas anteriormente
8640201,Q,Laboratórios de anatomia patológica e citológica,86,ATIVIDADES DE ATENÇÃO À SAÚDE HUMANA,86.4,Atividades de serviços de complementação diagnóstica e terapêutica,86.40-2,Atividades de serviços de complementação diagnóstica e terapêutica,8640-2/01,Laboratórios de anatomia patológica e citológica
8640202,Q,Laboratórios clínicos,86,ATIVIDADES DE ATENÇÃO À SAÚDE HUMANA,86.4,Atividades de serviços de complementação diagnóstica e terapêutica,86.40-2,Atividades de serviços de complementação diagnóstica e terapêutica,8640-2/02,Laboratórios clínicos
8640203,Q,Serviços de diálise e nefrologia,86,ATIVIDADES DE ATENÇÃO À SAÚDE HUMANA,86.4,Atividades de serviços de complementação diagnóstica e terapêutica,86.40-2,Atividades de serviços de complementação diagnóstica e terapêutica,8640-2/03,Serviços de diálise e nefrologia
8640204,Q,Serviços de tomografia,86,ATIVIDADES DE ATENÇÃO À SAÚDE HUMANA,86.4,Atividades de serviços de complementação diagnóstica e terapêutica,86.40-2,Atividades de serviços de complementação diagnóstica e terapêutica,8640-2/04,Serviços de tomografia
8640205,Q,"Serviços de diagnóstico por imagem com uso de radiação ionizante, exceto tomografia",86,ATIVIDADES DE ATENÇÃO À SAÚDE HUMANA,86.4,Atividades de serviços de complementação diagnóstica e terapêutica,86.40-2,Atividades de serviços de complementação diagnóstica e terapêutica,8640-2/05,"Serviços de diagnóstico por imagem com uso de radiação ionizante, exceto tomografia"
8640206,Q,Serviços de ressonância magnética,86,ATIVIDADES DE ATENÇÃO À SAÚDE HUMANA,86.4,Atividades de serviços de complementação diagnóstica e terapêutica,86.40-2,Atividades de serviços de complementação diagnóstica e terapêutica,8640-2/06,Serviços de ressonância magnética
8640207,Q,"Serviços de diagnóstico por imagem sem uso de radiação ionizante, exceto ressonância magnética",86,ATIVIDADES DE ATENÇÃO À SAÚDE HUMANA,86.4,Atividades de serviços de complementação diagnóstica e terapêutica,86.40-2,Atividades de serviços de complementação diagnóstica e terapêutica,8640-2/07,"Serviços de diagnóstico por imagem sem uso de radiação ionizante, exceto ressonância magnética"
8640208,Q,"Serviços de diagnóstico por registro gráfico - ECG, EEG e outros exames análogos",86,ATIVIDADES DE ATENÇÃO À SAÚDE HUMANA,86.4,Atividades de serviços de complementação diagnóstica e terapêutica,86.40-2,Atividades de serviços de complementação diagnóstica e terapêutica,8640-2/08,"Serviços de diagnóstico por registro gráfico - ECG, EEG e outros exames análogos"
8640209,Q,Serviços de diagnóstico por métodos ópticos - endoscopia e outros exames análogos,86,ATIVIDADES DE ATENÇÃO À SAÚDE HUMANA,86.4,Atividades de serviços de complementação diagnóstica e terapêutica,86.40-2,Atividades de serviços de complementação diagnóstica e terapêutica,8640-2/09,Serviços de diagnóstico por métodos ópticos - endoscopia e outros exames análogos
8640210,Q,Serviços de quimioterapia,86,ATIVIDADES DE ATENÇÃO À SAÚDE HUMANA,86.4,Atividades de serviços de complementação diagnóstica e terapêutica,86.40-2,Atividades de serviços de complementação diagnóstica e terapêutica,8640-2/10,Serviços de quimioterapia
8640211,Q,Serviços de radioterapia,86,ATIVIDADES DE ATENÇÃO À SAÚDE HUMANA,86.4,Atividades de serviços de complementação diagnóstica e terapêutica,86.40-2,Atividades de serviços de complementação diagnóstica e terapêutica,8640-2/11,Serviços de radioterapia
8640212,Q,Serviços de hemoterapia,86,ATIVIDADES DE ATENÇÃO À SAÚDE HUMANA,86.4,Atividades de serviços de complementação diagnóstica e terapêutica,86.40-2,Atividades de serviços de complementação diagnóstica e terapêutica,8640-2/12,Serviços de hemoterapia
8640213,Q,Serviços de litotripsia,86,ATIVIDADES DE ATENÇÃO À SAÚDE HUMANA,86.4,Atividades de serviços de complementação diagnóstica e terapêutica,86.40-2,Atividades de serviços de complementação diagnóstica e terapêutica,8640-2/13,Serviços de litotripsia
8640214,Q,Serviços de bancos de células e tecidos humanos,86,ATIVIDADES DE ATENÇÃO À SAÚDE HUMANA,86.4,Atividades de serviços de complementação diagnóstica e terapêutica,86.40-2,Atividades de serviços de complementação diagnóstica e terapêutica,8640-2/14,Serviços de bancos de células e tecidos humanos
,Seção,Denominação,Divisão,ATIVIDADES DE ATENÇÃO À SAÚDE HUMANA,Grupo,Atividades de serviços de complementação diagnóstica e terapêutica,Classe,Atividades de serviços de complementação diagnóstica e terapêutica,Subclasse,
8640299,Seção,Atividades de serviços de complementação diagnóstica e terapêutica não especificadas anteriormente,Divisão,ATIVIDADES DE ATENÇÃO À SAÚDE HUMANA,Grupo,Atividades de serviços de complementação diagnóstica e terapêutica,Classe,Atividades de serviços de complementação diagnóstica e terapêutica,8640-2/99,Atividades de serviços de complementação diagnóstica e terapêutica não especificadas anteriormente
8650001,Seção,Atividades de enfermagem,Divisão,ATIVIDADES DE ATENÇÃO À SAÚDE HUMANA,86.5,"Atividades de profissionais da área de saúde, exceto médicos e odontólogos",86.50-0,"Atividades de profissionais da área de saúde, exceto médicos e odontólogos",8650-0/01,Atividades de enfermagem
8650002,Seção,Atividades de profissionais da nutrição,Divisão,ATIVIDADES DE ATENÇÃO À SAÚDE HUMANA,86.5,"Atividades de profissionais da área de saúde, exceto médicos e odontólogos",86.50-0,"Atividades de profissionais da área de saúde, exceto médicos e odontólogos",8650-0/02,Atividades de profissionais da nutrição
8650003,Seção,Atividades de psicologia e psicanálise,Divisão,ATIVIDADES DE ATENÇÃO À SAÚDE HUMANA,86.5,"Atividades de profissionais da área de saúde, exceto médicos e odontólogos",86.50-0,"Atividades de profissionais da área de saúde, exceto médicos e odontólogos",8650-0/03,Atividades de psicologia e psicanálise
8650004,Seção,Atividades de fisioterapia,Divisão,ATIVIDADES DE ATENÇÃO À SAÚDE HUMANA,86.5,"Atividades de profissionais da área de saúde, exceto médicos e odontólogos",86.50-0,"Atividades de profissionais da área de saúde, exceto médicos e odontólogos",8650-0/04,Atividades de fisioterapia
8650005,Seção,Atividades de terapia ocupacional,Divisão,ATIVIDADES DE ATENÇÃO À SAÚDE HUMANA,86.5,"Atividades de profissionais da área de saúde, exceto médicos e odontólogos",86.50-0,"Atividades de profissionais da área de saúde, exceto médicos e odontólogos",8650-0/05,Atividades de terapia ocupacional
8650006,Seção,Atividades de fonoaudiologia,Divisão,ATIVIDADES DE ATENÇÃO À SAÚDE HUMANA,86.5,"Atividades de profissionais da área de saúde, exceto médicos e odontólogos",86.50-0,"Atividades de profissionais da área de saúde, exceto médicos e odontólogos",8650-0/06,Atividades de fonoaudiologia
8650007,Seção,Atividades de terapia de nutrição enteral e parenteral,Divisão,ATIVIDADES DE ATENÇÃO À SAÚDE HUMANA,86.5,"Atividades de profissionais da área de saúde, exceto médicos e odontólogos",86.50-0,"Atividades de profissionais da área de saúde, exceto médicos e odontólogos",8650-0/07,Atividades de terapia de nutrição enteral e parenteral
8650099,Seção,Atividades de profissionais da área de saúde não especificadas anteriormente,Divisão,ATIVIDADES DE ATENÇÃO À SAÚDE HUMANA,86.5,"Atividades de profissionais da área de saúde, exceto médicos e odontólogos",86.50-0,"Atividades de profissionais da área de saúde, exceto médicos e odontólogos",8650-0/99,Atividades de profissionais da área de saúde não especificadas anteriormente
8660700,Seção,Atividades de apoio à gestão de saúde,Divisão,ATIVIDADES DE ATENÇÃO À SAÚDE HUMANA,86.6,Atividades de apoio à gestão de saúde,86.60-7,Atividades de apoio à gestão de saúde,8660-7/00,Atividades de apoio à gestão de saúde
8690901,Seção,Atividades de práticas integrativas e complementares em saúde humana,Divisão,ATIVIDADES DE ATENÇÃO À SAÚDE HUMANA,86.9,Atividades de atenção à saúde humana não especificadas anteriormente,86.90-9,Atividades de atenção à saúde humana não especificadas anteriormente,8690-9/01,Atividades de práticas integrativas e complementares em saúde humana
8690902,Seção,Atividades de bancos de leite humano,Divisão,ATIVIDADES DE ATENÇÃO À SAÚDE HUMANA,86.9,Atividades de atenção à saúde humana não especificadas anteriormente,86.90-9,Atividades de atenção à saúde humana não especificadas anteriormente,8690-9/02,Atividades de bancos de leite humano
8690999,Seção,Outras atividades de atenção à saúde humana não especificadas anteriormente,Divisão,ATIVIDADES DE ATENÇÃO À SAÚDE HUMANA,86.9,Atividades de atenção à saúde humana não especificadas anteriormente,86.90-9,Atividades de atenção à saúde humana não especificadas anteriormente,8690-9/99,Outras atividades de atenção à saúde humana não especificadas anteriormente
8711501,Seção,Clínicas e residências geriátricas,87,"ATIVIDADES DE ATENÇÃO À SAÚDE HUMANA INTEGRADAS COM ASSISTÊNCIA SOCIAL, PRESTADAS EM RESIDÊNCIAS COLETIVAS E PARTICULARES",87.1,"Atividades de assistência a idosos, deficientes físicos, imunodeprimidos e convalescentes, e de infra-estrutura e apoio a pacientes prestadas em residências coletivas e particulares",87.11-5,"Atividades de assistência a idosos, deficientes físicos, imunodeprimidos e convalescentes prestadas em residências coletivas e particulares",8711-5/01,Clínicas e residências geriátricas
8711502,Seção,Instituições de longa permanência para idosos,87,"ATIVIDADES DE ATENÇÃO À SAÚDE HUMANA INTEGRADAS COM ASSISTÊNCIA SOCIAL, PRESTADAS EM RESIDÊNCIAS COLETIVAS E PARTICULARES",87.1,"Atividades de assistência a idosos, deficientes físicos, imunodeprimidos e convalescentes, e de infra-estrutura e apoio a pacientes prestadas em residências coletivas e particulares",87.11-5,"Atividades de assistência a idosos, deficientes físicos, imunodeprimidos e convalescentes prestadas em residências coletivas e particulares",8711-5/02,Instituições de longa permanência para idosos
8711503,Seção,"Atividades de assistência a deficientes físicos, imunodeprimidos e convalescentes",87,"ATIVIDADES DE ATENÇÃO À SAÚDE HUMANA INTEGRADAS COM ASSISTÊNCIA SOCIAL, PRESTADAS EM RESIDÊNCIAS COLETIVAS E PARTICULARES",87.1,"Atividades de assistência a idosos, deficientes físicos, imunodeprimidos e convalescentes, e de infra-estrutura e apoio a pacientes prestadas em residências coletivas e particulares",87.11-5,"Atividades de assistência a idosos, deficientes físicos, imunodeprimidos e convalescentes prestadas em residências coletivas e particulares",8711-5/03,"Atividades de assistência a deficientes físicos, imunodeprimidos e convalescentes"
8711504,Seção,Centros de apoio a pacientes com câncer e com AIDS,87,"ATIVIDADES DE ATENÇÃO À SAÚDE HUMANA INTEGRADAS COM ASSISTÊNCIA SOCIAL, PRESTADAS EM RESIDÊNCIAS COLETIVAS E PARTICULARES",87.1,"Atividades de assistência a idosos, deficientes físicos, imunodeprimidos e convalescentes, e de infra-estrutura e apoio a pacientes prestadas em residências coletivas e particulares",87.11-5,"Atividades de assistência a idosos, deficientes físicos, imunodeprimidos e convalescentes prestadas em residências coletivas e particulares",8711-5/04,Centros de apoio a pacientes com câncer e com AIDS
8711505,Seção,Condomínios residenciais para idosos,87,"ATIVIDADES DE ATENÇÃO À SAÚDE HUMANA INTEGRADAS COM ASSISTÊNCIA SOCIAL, PRESTADAS EM RESIDÊNCIAS COLETIVAS E PARTICULARES",87.1,"Atividades de assistência a idosos, deficientes físicos, imunodeprimidos e convalescentes, e de infra-estrutura e apoio a pacientes prestadas em residências coletivas e particulares",87.11-5,"Atividades de assistência a idosos, deficientes físicos, imunodeprimidos e convalescentes prestadas em residências coletivas e particulares",8711-5/05,Condomínios residenciais para idosos
8712300,Seção,Atividades de fornecimento de infra-estrutura de apoio e assistência a paciente no domicílio,87,"ATIVIDADES DE ATENÇÃO À SAÚDE HUMANA INTEGRADAS COM ASSISTÊNCIA SOCIAL, PRESTADAS EM RESIDÊNCIAS COLETIVAS E PARTICULARES",87.1,"Atividades de assistência a idosos, deficientes físicos, imunodeprimidos e convalescentes, e de infra-estrutura e apoio a pacientes prestadas em residências coletivas e particulares",87.12-3,Atividades de fornecimento de infra-estrutura de apoio e assistência a paciente no domicílio,8712-3/00,Atividades de fornecimento de infra-estrutura de apoio e assistência a paciente no domicílio
8720401,Seção,Atividades de centros de assistência psicossocial,87,"ATIVIDADES DE ATENÇÃO À SAÚDE HUMANA INTEGRADAS COM ASSISTÊNCIA SOCIAL, PRESTADAS EM RESIDÊNCIAS COLETIVAS E PARTICULARES",87.2,"Atividades de assistência psicossocial e à saúde a portadores de distúrbios psíquicos, deficiência mental e dependência química",87.20-4,"Atividades de assistência psicossocial e à saúde a portadores de distúrbios psíquicos, deficiência mental e dependência química",8720-4/01,Atividades de centros de assistência psicossocial
,Seção,Denominação,Divisão,"ATIVIDADES DE ATENÇÃO À SAÚDE HUMANA INTEGRADAS COM ASSISTÊNCIA SOCIAL, PRESTADAS EM RESIDÊNCIAS COLETIVAS E PARTICULARES",Grupo,"Atividades de assistência psicossocial e à saúde a portadores de distúrbios psíquicos, deficiência mental e dependência química",Classe,"Atividades de assistência psicossocial e à saúde a portadores de distúrbios psíquicos, deficiência mental e dependência química",Subclasse,
8720499,Seção,"Atividades de assistência psicossocial e à saúde a portadores de distúrbios psíquicos, deficiência mental e dependência química não especificadas anteriormente",Divisão,"ATIVIDADES DE ATENÇÃO À SAÚDE HUMANA INTEGRADAS COM ASSISTÊNCIA SOCIAL, PRESTADAS EM RESIDÊNCIAS COLETIVAS E PARTICULARES",Grupo,"Atividades de assistência psicossocial e à saúde a portadores de distúrbios psíquicos, deficiência mental e dependência química",Classe,"Atividades de assistência psicossocial e à saúde a portadores de distúrbios psíquicos, deficiência mental e dependência química",8720-4/99,"Atividades de assistência psicossocial e à saúde a portadores de distúrbios psíquicos, deficiência mental e dependência química não especificadas anteriormente"
8730101,Seção,Orfanatos,Divisão,"ATIVIDADES DE ATENÇÃO À SAÚDE HUMANA INTEGRADAS COM ASSISTÊNCIA SOCIAL, PRESTADAS EM RESIDÊNCIAS COLETIVAS E PARTICULARES",87.3,Atividades de assistência social prestadas em residências coletivas e particulares,87.30-1,Atividades de assistência social prestadas em residências coletivas e particulares,8730-1/01,Orfanatos
8730102,Seção,Albergues assistenciais,Divisão,"ATIVIDADES DE ATENÇÃO À SAÚDE HUMANA INTEGRADAS COM ASSISTÊNCIA SOCIAL, PRESTADAS EM RESIDÊNCIAS COLETIVAS E PARTICULARES",87.3,Atividades de assistência social prestadas em residências coletivas e particulares,87.30-1,Atividades de assistência social prestadas em residências coletivas e particulares,8730-1/02,Albergues assistenciais
8730199,Seção,Atividades de assistência social prestadas em residências coletivas e particulares não especificadas anteriormente,Divisão,"ATIVIDADES DE ATENÇÃO À SAÚDE HUMANA INTEGRADAS COM ASSISTÊNCIA SOCIAL, PRESTADAS EM RESIDÊNCIAS COLETIVAS E PARTICULARES",87.3,Atividades de assistência social prestadas em residências coletivas e particulares,87.30-1,Atividades de assistência social prestadas em residências coletivas e particulares,8730-1/99,Atividades de assistência social prestadas em residências coletivas e particulares não especificadas anteriormente
8800600,Seção,Serviços de assistência social sem alojamento,88,SERVIÇOS DE ASSISTÊNCIA SOCIAL SEM ALOJAMENTO,88.0,Serviços de assistência social sem alojamento,88.00-6,Serviços de assistência social sem alojamento,8800-6/00,Serviços de assistência social sem alojamento
9001901,R,Produção teatral,90,"ATIVIDADES ARTÍSTICAS, CRIATIVAS E DE ESPETÁCULOS",90.0,"Atividades artísticas, criativas e de espetáculos",90.01-9,"Artes cênicas, espetáculos e atividades complementares",9001-9/01,Produção teatral
9001902,R,Produção musical,90,"ATIVIDADES ARTÍSTICAS, CRIATIVAS E DE ESPETÁCULOS",90.0,"Atividades artísticas, criativas e de espetáculos",90.01-9,"Artes cênicas, espetáculos e atividades complementares",9001-9/02,Produção musical
9001903,R,Produção de espetáculos de dança,90,"ATIVIDADES ARTÍSTICAS, CRIATIVAS E DE ESPETÁCULOS",90.0,"Atividades artísticas, criativas e de espetáculos",90.01-9,"Artes cênicas, espetáculos e atividades complementares",9001-9/03,Produção de espetáculos de dança
9001904,R,"Produção de espetáculos circenses, de marionetes e similares",90,"ATIVIDADES ARTÍSTICAS, CRIATIVAS E DE ESPETÁCULOS",90.0,"Atividades artísticas, criativas e de espetáculos",90.01-9,"Artes cênicas, espetáculos e atividades complementares",9001-9/04,"Produção de espetáculos circenses, de marionetes e similares"
9001905,R,"Produção de espetáculos de rodeios, vaquejadas e similares",90,"ATIVIDADES ARTÍSTICAS, CRIATIVAS E DE ESPETÁCULOS",90.0,"Atividades artísticas, criativas e de espetáculos",90.01-9,"Artes cênicas, espetáculos e atividades complementares",9001-9/05,"Produção de espetáculos de rodeios, vaquejadas e similares"
9001906,R,Atividades de sonorização e de iluminação,90,"ATIVIDADES ARTÍSTICAS, CRIATIVAS E DE ESPETÁCULOS",90.0,"Atividades artísticas, criativas e de espetáculos",90.01-9,"Artes cênicas, espetáculos e atividades complementares",9001-9/06,Atividades de sonorização e de iluminação
9001999,R,"Artes cênicas, espetáculos e atividades complementares não especificados anteriormente",90,"ATIVIDADES ARTÍSTICAS, CRIATIVAS E DE ESPETÁCULOS",90.0,"Atividades artísticas, criativas e de espetáculos",90.01-9,"Artes cênicas, espetáculos e atividades complementares",9001-9/99,"Artes cênicas, espetáculos e atividades complementares não especificados anteriormente"
9002701,R,"Atividades de artistas plásticos, jornalistas independentes e escritores",90,"ATIVIDADES ARTÍSTICAS, CRIATIVAS E DE ESPETÁCULOS",90.0,"Atividades artísticas, criativas e de espetáculos",90.02-7,Criação artística,9002-7/01,"Atividades de artistas plásticos, jornalistas independentes e escritores"
9002702,R,Restauração de obras de arte,90,"ATIVIDADES ARTÍSTICAS, CRIATIVAS E DE ESPETÁCULOS",90.0,"Atividades artísticas, criativas e de espetáculos",90.02-7,Criação artística,9002-7/02,Restauração de obras de arte
9003500,R,"Gestão de espaços para artes cênicas, espetáculos e outras atividades artísticas",90,"ATIVIDADES ARTÍSTICAS, CRIATIVAS E DE ESPETÁCULOS",90.0,"Atividades artísticas, criativas e de espetáculos",90.03-5,"Gestão de espaços para artes cênicas, espetáculos e outras atividades artísticas",9003-5/00,"Gestão de espaços para artes cênicas, espetáculos e outras atividades artísticas"
9101500,R,Atividades de bibliotecas e arquivos,91,ATIVIDADES LIGADAS AO PATRIMÔNIO CULTURAL E AMBIENTAL,91.0,Atividades ligadas ao patrimônio cultural e ambiental,91.01-5,Atividades de bibliotecas e arquivos,9101-5/00,Atividades de bibliotecas e arquivos
9102301,R,Atividades de museus e de exploração de lugares e prédios históricos e atrações similares,91,ATIVIDADES LIGADAS AO PATRIMÔNIO CULTURAL E AMBIENTAL,91.0,Atividades ligadas ao patrimônio cultural e ambiental,91.02-3,"Atividades de museus e de exploração, restauração artística e conservação de lugares e prédios históricos e atrações similares",9102-3/01,Atividades de museus e de exploração de lugares e prédios históricos e atrações similares
9102302,R,Restauração e conservação de lugares e prédios históricos,91,ATIVIDADES LIGADAS AO PATRIMÔNIO CULTURAL E AMBIENTAL,91.0,Atividades ligadas ao patrimônio cultural e ambiental,91.02-3,"Atividades de museus e de exploração, restauração artística e conservação de lugares e prédios históricos e atrações similares",9102-3/02,Restauração e conservação de lugares e prédios históricos
9103100,R,"Atividades de jardins botânicos, zoológicos, parques nacionais, reservas ecológicas e áreas de proteção ambiental",91,ATIVIDADES LIGADAS AO PATRIMÔNIO CULTURAL E AMBIENTAL,91.0,Atividades ligadas ao patrimônio cultural e ambiental,91.03-1,"Atividades de jardins botânicos, zoológicos, parques nacionais, reservas ecológicas e áreas de proteção ambiental",9103-1/00,"Atividades de jardins botânicos, zoológicos, parques nacionais, reservas ecológicas e áreas de proteção ambiental"
9200301,R,Casas de bingo,92,ATIVIDADES DE EXPLORAÇÃO DE JOGOS DE AZAR E APOSTAS,92.0,Atividades de exploração de jogos de azar e apostas,92.00-3,Atividades de exploração de jogos de azar e apostas,9200-3/01,Casas de bingo
,Seção,Denominação,Divisão,ATIVIDADES DE EXPLORAÇÃO DE JOGOS DE AZAR E APOSTAS,Grupo,Atividades de exploração de jogos de azar e apostas,Classe,Atividades de exploração de jogos de azar e apostas,Subclasse,
9200302,Seção,Exploração de apostas em corridas de cavalos,Divisão,ATIVIDADES DE EXPLORAÇÃO DE JOGOS DE AZAR E APOSTAS,Grupo,Atividades de exploração de jogos de azar e apostas,Classe,Atividades de exploração de jogos de azar e apostas,9200-3/02,Exploração de apostas em corridas de cavalos
9200399,Seção,Exploração de jogos de azar e apostas não especificados anteriormente,Divisão,ATIVIDADES DE EXPLORAÇÃO DE JOGOS DE AZAR E APOSTAS,Grupo,Atividades de exploração de jogos de azar e apostas,Classe,Atividades de exploração de jogos de azar e apostas,9200-3/99,Exploração de jogos de azar e apostas não especificados anteriormente
9311500,Seção,Gestão de instalações de esportes,93,ATIVIDADES ESPORTIVAS E DE RECREAÇÃO E LAZER,93.1,Atividades esportivas,93.11-5,Gestão de instalações de esportes,9311-5/00,Gestão de instalações de esportes
9312300,Seção,"Clubes sociais, esportivos e similares",93,ATIVIDADES ESPORTIVAS E DE RECREAÇÃO E LAZER,93.1,Atividades esportivas,93.12-3,"Clubes sociais, esportivos e similares",9312-3/00,"Clubes sociais, esportivos e similares"
9313100,Seção,Atividades de condicionamento físico,93,ATIVIDADES ESPORTIVAS E DE RECREAÇÃO E LAZER,93.1,Atividades esportivas,93.13-1,Atividades de condicionamento físico,9313-1/00,Atividades de condicionamento físico
9319101,Seção,Produção e promoção de eventos esportivos,93,ATIVIDADES ESPORTIVAS E DE RECREAÇÃO E LAZER,93.1,Atividades esportivas,93.19-1,Atividades esportivas não especificadas anteriormente,9319-1/01,Produção e promoção de eventos esportivos
9319199,Seção,Outras atividades esportivas não especificadas anteriormente,93,ATIVIDADES ESPORTIVAS E DE RECREAÇÃO E LAZER,93.1,Atividades esportivas,93.19-1,Atividades esportivas não especificadas anteriormente,9319-1/99,Outras atividades esportivas não especificadas anteriormente
9321200,Seção,Parques de diversão e parques temáticos,93,ATIVIDADES ESPORTIVAS E DE RECREAÇÃO E LAZER,93.2,Atividades de recreação e lazer,93.21-2,Parques de diversão e parques temáticos,9321-2/00,Parques de diversão e parques temáticos
9329801,Seção,"Discotecas, danceterias, salões de dança e similares",93,ATIVIDADES ESPORTIVAS E DE RECREAÇÃO E LAZER,93.2,Atividades de recreação e lazer,93.29-8,Atividades de recreação e lazer não especificadas anteriormente,9329-8/01,"Discotecas, danceterias, salões de dança e similares"
9329802,Seção,Exploração de boliches,93,ATIVIDADES ESPORTIVAS E DE RECREAÇÃO E LAZER,93.2,Atividades de recreação e lazer,93.29-8,Atividades de recreação e lazer não especificadas anteriormente,9329-8/02,Exploração de boliches
9329803,Seção,"Exploração de jogos de sinuca, bilhar e similares",93,ATIVIDADES ESPORTIVAS E DE RECREAÇÃO E LAZER,93.2,Atividades de recreação e lazer,93.29-8,Atividades de recreação e lazer não especificadas anteriormente,9329-8/03,"Exploração de jogos de sinuca, bilhar e similares"
9329804,Seção,Exploração de jogos eletrônicos recreativos,93,ATIVIDADES ESPORTIVAS E DE RECREAÇÃO E LAZER,93.2,Atividades de recreação e lazer,93.29-8,Atividades de recreação e lazer não especificadas anteriormente,9329-8/04,Exploração de jogos eletrônicos recreativos
9329899,Seção,Outras atividades de recreação e lazer não especificadas anteriormente,93,ATIVIDADES ESPORTIVAS E DE RECREAÇÃO E LAZER,93.2,Atividades de recreação e lazer,93.29-8,Atividades de recreação e lazer não especificadas anteriormente,9329-8/99,Outras atividades de recreação e lazer não especificadas anteriormente
9411100,S,Atividades de organizações associativas patronais e empresariais,94,ATIVIDADES DE ORGANIZAÇÕES ASSOCIATIVAS,94.1,"Atividades de organizações associativas patronais, empresariais e profissionais",94.11-1,Atividades de organizações associativas patronais e empresariais,9411-1/00,Atividades de organizações associativas patronais e empresariais
9412000,S,Atividades de organizações associativas profissionais,94,ATIVIDADES DE ORGANIZAÇÕES ASSOCIATIVAS,94.1,"Atividades de organizações associativas patronais, empresariais e profissionais",94.12-0,Atividades de organizações associativas profissionais,9412-0/00,Atividades de organizações associativas profissionais
9420100,S,Atividades de organizações sindicais,94,ATIVIDADES DE ORGANIZAÇÕES ASSOCIATIVAS,94.2,Atividades de organizações sindicais,94.20-1,Atividades de organizações sindicais,9420-1/00,Atividades de organizações sindicais
9430800,S,Atividades de associações de defesa de direitos sociais,94,ATIVIDADES DE ORGANIZAÇÕES ASSOCIATIVAS,94.3,Atividades de associações de defesa de direitos sociais,94.30-8,Atividades de associações de defesa de direitos sociais,9430-8/00,Atividades de associações de defesa de direitos sociais
9491000,S,Atividades de organizações religiosas,94,ATIVIDADES DE ORGANIZAÇÕES ASSOCIATIVAS,94.9,Atividades de organizações associativas não especificadas anteriormente,94.91-0,Atividades de organizações religiosas,9491-0/00,Atividades de organizações religiosas
9492800,S,Atividades de organizações políticas,94,ATIVIDADES DE ORGANIZAÇÕES ASSOCIATIVAS,94.9,Atividades de organizações associativas não especificadas anteriormente,94.92-8,Atividades de organizações políticas,9492-8/00,Atividades de organizações políticas
9493600,S,Atividades de organizações associativas ligadas à cultura e à arte,94,ATIVIDADES DE ORGANIZAÇÕES ASSOCIATIVAS,94.9,Atividades de organizações associativas não especificadas anteriormente,94.93-6,Atividades de organizações associativas ligadas à cultura e à arte,9493-6/00,Atividades de organizações associativas ligadas à cultura e à arte
9499500,S,Atividades associativas não especificadas anteriormente,94,ATIVIDADES DE ORGANIZAÇÕES ASSOCIATIVAS,94.9,Atividades de organizações associativas não especificadas anteriormente,94.99-5,Atividades associativas não especificadas anteriormente,9499-5/00,Atividades associativas não especificadas anteriormente
,Seção,Denominação,Divisão,ATIVIDADES DE ORGANIZAÇÕES ASSOCIATIVAS,Grupo,Atividades de organizações associativas não especificadas anteriormente,Classe,Atividades associativas não especificadas anteriormente,Subclasse,
9511800,Seção,Reparação e manutenção de computadores e de equipamentos periféricos,95,REPARAÇÃO E MANUTENÇÃO DE EQUIPAMENTOS DE INFORMÁTICA E COMUNICAÇÃO E DE OBJETOS PESSOAIS E DOMÉSTICOS,95.1,Reparação e manutenção de equipamentos de informática e comunicação,95.11-8,Reparação e manutenção de computadores e de equipamentos periféricos,9511-8/00,Reparação e manutenção de computadores e de equipamentos periféricos
9512600,Seção,Reparação e manutenção de equipamentos de comunicação,95,REPARAÇÃO E MANUTENÇÃO DE EQUIPAMENTOS DE INFORMÁTICA E COMUNICAÇÃO E DE OBJETOS PESSOAIS E DOMÉSTICOS,95.1,Reparação e manutenção de equipamentos de informática e comunicação,95.12-6,Reparação e manutenção de equipamentos de comunicação,9512-6/00,Reparação e manutenção de equipamentos de comunicação
9521500,Seção,Reparação e manutenção de equipamentos eletroeletrônicos de uso pessoal e doméstico,95,REPARAÇÃO E MANUTENÇÃO DE EQUIPAMENTOS DE INFORMÁTICA E COMUNICAÇÃO E DE OBJETOS PESSOAIS E DOMÉSTICOS,95.2,Reparação e manutenção de objetos e equipamentos pessoais e domésticos,95.21-5,Reparação e manutenção de equipamentos eletroeletrônicos de uso pessoal e doméstico,9521-5/00,Reparação e manutenção de equipamentos eletroeletrônicos de uso pessoal e doméstico
9529101,Seção,"Reparação de calçados, bolsas e artigos de viagem",95,REPARAÇÃO E MANUTENÇÃO DE EQUIPAMENTOS DE INFORMÁTICA E COMUNICAÇÃO E DE OBJETOS PESSOAIS E DOMÉSTICOS,95.2,Reparação e manutenção de objetos e equipamentos pessoais e domésticos,95.29-1,Reparação e manutenção de objetos e equipamentos pessoais e domésticos não especificados anteriormente,9529-1/01,"Reparação de calçados, bolsas e artigos de viagem"
9529102,Seção,Chaveiros,95,REPARAÇÃO E MANUTENÇÃO DE EQUIPAMENTOS DE INFORMÁTICA E COMUNICAÇÃO E DE OBJETOS PESSOAIS E DOMÉSTICOS,95.2,Reparação e manutenção de objetos e equipamentos pessoais e domésticos,95.29-1,Reparação e manutenção de objetos e equipamentos pessoais e domésticos não especificados anteriormente,9529-1/02,Chaveiros
9529103,Seção,Reparação de relógios,95,REPARAÇÃO E MANUTENÇÃO DE EQUIPAMENTOS DE INFORMÁTICA E COMUNICAÇÃO E DE OBJETOS PESSOAIS E DOMÉSTICOS,95.2,Reparação e manutenção de objetos e equipamentos pessoais e domésticos,95.29-1,Reparação e manutenção de objetos e equipamentos pessoais e domésticos não especificados anteriormente,9529-1/03,Reparação de relógios
9529104,Seção,"Reparação de bicicletas, triciclos e outros veículos não-motorizados",95,REPARAÇÃO E MANUTENÇÃO DE EQUIPAMENTOS DE INFORMÁTICA E COMUNICAÇÃO E DE OBJETOS PESSOAIS E DOMÉSTICOS,95.2,Reparação e manutenção de objetos e equipamentos pessoais e domésticos,95.29-1,Reparação e manutenção de objetos e equipamentos pessoais e domésticos não especificados anteriormente,9529-1/04,"Reparação de bicicletas, triciclos e outros veículos não-motorizados"
9529105,Seção,Reparação de artigos do mobiliário,95,REPARAÇÃO E MANUTENÇÃO DE EQUIPAMENTOS DE INFORMÁTICA E COMUNICAÇÃO E DE OBJETOS PESSOAIS E DOMÉSTICOS,95.2,Reparação e manutenção de objetos e equipamentos pessoais e domésticos,95.29-1,Reparação e manutenção de objetos e equipamentos pessoais e domésticos não especificados anteriormente,9529-1/05,Reparação de artigos do mobiliário
9529106,Seção,Reparação de jóias,95,REPARAÇÃO E MANUTENÇÃO DE EQUIPAMENTOS DE INFORMÁTICA E COMUNICAÇÃO E DE OBJETOS PESSOAIS E DOMÉSTICOS,95.2,Reparação e manutenção de objetos e equipamentos pessoais e domésticos,95.29-1,Reparação e manutenção de objetos e equipamentos pessoais e domésticos não especificados anteriormente,9529-1/06,Reparação de jóias
9529199,Seção,Reparação e manutenção de outros objetos e equipamentos pessoais e domésticos não especificados anteriormente,95,REPARAÇÃO E MANUTENÇÃO DE EQUIPAMENTOS DE INFORMÁTICA E COMUNICAÇÃO E DE OBJETOS PESSOAIS E DOMÉSTICOS,95.2,Reparação e manutenção de objetos e equipamentos pessoais e domésticos,95.29-1,Reparação e manutenção de objetos e equipamentos pessoais e domésticos não especificados anteriormente,9529-1/99,Reparação e manutenção de outros objetos e equipamentos pessoais e domésticos não especificados anteriormente
9601701,Seção,Lavanderias,96,OUTRAS ATIVIDADES DE SERVIÇOS PESSOAIS,96.0,Outras atividades de serviços pessoais,96.01-7,"Lavanderias, tinturarias e toalheiros",9601-7/01,Lavanderias
9601702,Seção,Tinturarias,96,OUTRAS ATIVIDADES DE SERVIÇOS PESSOAIS,96.0,Outras atividades de serviços pessoais,96.01-7,"Lavanderias, tinturarias e toalheiros",9601-7/02,Tinturarias
9601703,Seção,Toalheiros,96,OUTRAS ATIVIDADES DE SERVIÇOS PESSOAIS,96.0,Outras atividades de serviços pessoais,96.01-7,"Lavanderias, tinturarias e toalheiros",9601-7/03,Toalheiros
9602501,Seção,Cabeleireiros,96,OUTRAS ATIVIDADES DE SERVIÇOS PESSOAIS,96.0,Outras atividades de serviços pessoais,96.02-5,Cabeleireiros e outras atividades de tratamento de beleza,9602-5/01,Cabeleireiros
9602502,Seção,Outras atividades de tratamento de beleza,96,OUTRAS ATIVIDADES DE SERVIÇOS PESSOAIS,96.0,Outras atividades de serviços pessoais,96.02-5,Cabeleireiros e outras atividades de tratamento de beleza,9602-5/02,Outras atividades de tratamento de beleza
9603301,Seção,Gestão e manutenção de cemitérios,96,OUTRAS ATIVIDADES DE SERVIÇOS PESSOAIS,96.0,Outras atividades de serviços pessoais,96.03-3,Atividades funerárias e serviços relacionados,9603-3/01,Gestão e manutenção de cemitérios
9603302,Seção,Serviços de cremação,96,OUTRAS ATIVIDADES DE SERVIÇOS PESSOAIS,96.0,Outras atividades de serviços pessoais,96.03-3,Atividades funerárias e serviços relacionados,9603-3/02,Serviços de cremação
9603303,Seção,Serviços de sepultamento,96,OUTRAS ATIVIDADES DE SERVIÇOS PESSOAIS,96.0,Outras atividades de serviços pessoais,96.03-3,Atividades funerárias e serviços relacionados,9603-3/03,Serviços de sepultamento
9603304,Seção,Serviços de funerárias,96,OUTRAS ATIVIDADES DE SERVIÇOS PESSOAIS,96.0,Outras atividades de serviços pessoais,96.03-3,Atividades funerárias e serviços relacionados,9603-3/04,Serviços de funerárias
9603305,Seção,Serviços de somatoconservação,96,OUTRAS ATIVIDADES DE SERVIÇOS PESSOAIS,96.0,Outras atividades de serviços pessoais,96.03-3,Atividades funerárias e serviços relacionados,9603-3/05,Serviços de somatoconservação
9603399,Seção,Atividades funerárias e serviços relacionados não especificados anteriormente,96,OUTRAS ATIVIDADES DE SERVIÇOS PESSOAIS,96.0,Outras atividades de serviços pessoais,96.03-3,Atividades funerárias e serviços relacionados,9603-3/99,Atividades funerárias e serviços relacionados não especificados anteriormente
9609201,Seção,Clínicas de estética e similares,96,OUTRAS ATIVIDADES DE SERVIÇOS PESSOAIS,96.0,Outras atividades de serviços pessoais,96.09-2,Atividades de serviços pessoais não especificadas anteriormente,9609-2/01,Clínicas de estética e similares
9609202,Seção,Agências matrimoniais,96,OUTRAS ATIVIDADES DE SERVIÇOS PESSOAIS,96.0,Outras atividades de serviços pessoais,96.09-2,Atividades de serviços pessoais não especificadas anteriormente,9609-2/02,Agências matrimoniais
9609203,Seção,"Alojamento, higiene e embelezamento de animais",96,OUTRAS ATIVIDADES DE SERVIÇOS PESSOAIS,96.0,Outras atividades de serviços pessoais,96.09-2,Atividades de serviços pessoais não especificadas anteriormente,9609-2/03,"Alojamento, higiene e embelezamento de animais"
9609204,Seção,Exploração de máquinas de serviços pessoais acionadas por moeda,96,OUTRAS ATIVIDADES DE SERVIÇOS PESSOAIS,96.0,Outras atividades de serviços pessoais,96.09-2,Atividades de serviços pessoais não especificadas anteriormente,9609-2/04,Exploração de máquinas de serviços pessoais acionadas por moeda
9609299,Seção,Outras atividades de serviços pessoais não especificadas anteriormente,96,OUTRAS ATIVIDADES DE SERVIÇOS PESSOAIS,96.0,Outras atividades de serviços pessoais,96.09-2,Atividades de serviços pessoais não especificadas anteriormente,9609-2/99,Outras atividades de serviços pessoais não especificadas anteriormente
,Seção,Denominação,Divisão,OUTRAS ATIVIDADES DE SERVIÇOS PESSOAIS,Grupo,Outras atividades de serviços pessoais,Classe,Atividades de serviços pessoais não especificadas anteriormente,Subclasse,
9700500,T,Serviços domésticos,97,SERVIÇOS DOMÉSTICOS,97.0,Serviços domésticos,97.00-5,Serviços domésticos,9700-5/00,Serviços domésticos
9900800,U,Organismos internacionais e outras instituições extraterritoriais,99,ORGANISMOS INTERNACIONAIS E OUTRAS INSTITUIÇÕES EXTRATERRITORIAIS,99.0,Organismos internacionais e outras instituições extraterritoriais,99.00-8,Organismos internacionais e outras instituições extraterritoriais,9900-8/00,Organismos internacionais e outras instituições extraterritoriais
